time,hr,hrv,spo2,respRate,n_valid_hr,steps,activeSeconds,batteryPercent,tempC_mean,stress_index,stress_index_smooth,state,state_label,hour_of_day,date
2026-07-01 00:00:00+00:00,58.5,65.33333333333333,94.0,125.5,6,10,11,90.5,34.28,0.4335185185185185,0.4135925925925926,calm,平静,8,2026-07-01
2026-07-01 00:30:00+00:00,57.2,62.0,96.5,122.0,5,10,24,88.5,34.21000000000001,0.3936666666666667,0.428320987654321,calm,平静,8,2026-07-01
2026-07-01 01:00:00+00:00,58.5,58.0,94.5,121.0,6,12,28,87.0,34.17,0.45777777777777773,0.42212037037037037,calm,平静,9,2026-07-01
2026-07-01 01:30:00+00:00,58.166666666666664,63.833333333333336,96.0,122.5,6,4,29,85.5,34.14666666666666,0.4035185185185185,0.41193518518518524,calm,平静,9,2026-07-01
2026-07-01 02:00:00+00:00,56.5,62.5,96.0,117.5,6,0,0,83.5,34.163333333333334,0.3927777777777778,0.4203703703703704,calm,平静,10,2026-07-01
2026-07-01 02:30:00+00:00,58.333333333333336,58.833333333333336,96.0,121.0,6,0,0,81.5,34.096666666666664,0.42740740740740746,0.41448148148148145,calm,平静,10,2026-07-01
2026-07-01 03:00:00+00:00,57.6,59.4,95.0,118.5,5,7,16,79.5,34.14666666666666,0.4342222222222222,0.4191574074074074,calm,平静,11,2026-07-01
2026-07-01 03:30:00+00:00,57.833333333333336,64.5,94.5,116.0,6,10,35,78.0,33.99333333333334,0.4222222222222223,0.43318518518518523,calm,平静,11,2026-07-01
2026-07-01 04:00:00+00:00,59.5,58.5,95.5,117.5,6,0,0,76.5,34.33,0.4488888888888889,0.4406388888888889,calm,平静,12,2026-07-01
2026-07-01 04:30:00+00:00,59.6,60.6,94.5,113.0,5,0,0,74.5,34.31,0.4572222222222222,0.43574074074074076,calm,平静,12,2026-07-01
2026-07-01 05:00:00+00:00,57.333333333333336,61.333333333333336,95.5,120.5,6,10,8,72.5,34.21666666666667,0.4146296296296297,0.43671296296296297,calm,平静,13,2026-07-01
2026-07-01 05:30:00+00:00,58.166666666666664,62.5,95.0,117.5,6,3,4,70.5,34.16,0.4261111111111111,0.43805555555555553,calm,平静,13,2026-07-01
2026-07-01 06:00:00+00:00,57.5,54.666666666666664,95.0,123.5,6,0,0,69.0,34.24666666666667,0.45425925925925925,0.42638888888888893,calm,平静,14,2026-07-01
2026-07-01 06:30:00+00:00,57.333333333333336,58.5,96.5,123.5,6,0,0,67.5,34.14333333333333,0.41055555555555556,0.4688888888888889,calm,平静,14,2026-07-01
2026-07-01 07:00:00+00:00,71.0,53.833333333333336,95.5,122.5,6,12,38,65.5,33.24666666666667,0.5846296296296297,0.5320370370370371,calm,平静,15,2026-07-01
2026-07-01 07:30:00+00:00,75.83333333333333,41.666666666666664,96.0,129.5,6,1007,877,63.5,33.133333333333326,0.6787037037037037,0.5861574074074074,active,活跃/运动,15,2026-07-01
2026-07-01 08:00:00+00:00,73.66666666666667,42.333333333333336,95.0,130.5,6,28,105,61.5,33.22666666666667,0.6707407407407409,0.6434722222222223,stressed,压力偏高,16,2026-07-01
2026-07-01 08:30:00+00:00,74.5,43.666666666666664,97.0,127.5,6,22,41,60.0,33.120000000000005,0.6398148148148148,0.6595833333333334,stressed,压力偏高,16,2026-07-01
2026-07-01 09:00:00+00:00,74.5,45.333333333333336,96.0,129.0,6,360,172,58.5,33.28,0.6490740740740741,0.6745833333333333,active,活跃/运动,17,2026-07-01
2026-07-01 09:30:00+00:00,82.66666666666667,41.666666666666664,96.5,130.0,6,1194,905,56.5,33.256666666666675,0.7387037037037038,0.7140740740740741,active,活跃/运动,17,2026-07-01
2026-07-01 10:00:00+00:00,86.16666666666667,38.666666666666664,94.0,124.0,6,74,118,54.5,33.11333333333333,0.8287037037037037,0.731111111111111,stressed,压力偏高,18,2026-07-01
2026-07-01 10:30:00+00:00,81.33333333333333,41.833333333333336,97.5,132.5,6,62,22,52.5,33.21,0.7079629629629629,0.7447222222222222,stressed,压力偏高,18,2026-07-01
2026-07-01 11:00:00+00:00,78.5,38.333333333333336,97.0,132.0,6,1347,429,51.0,33.120000000000005,0.7035185185185185,0.7419351851851852,active,活跃/运动,19,2026-07-01
2026-07-01 11:30:00+00:00,81.4,43.2,96.0,114.5,5,72,116,49.5,33.21,0.7275555555555556,0.7012407407407408,stressed,压力偏高,19,2026-07-01
2026-07-01 12:00:00+00:00,78.5,48.666666666666664,96.5,130.5,6,969,646,47.5,33.29333333333334,0.665925925925926,0.7184629629629631,active,活跃/运动,20,2026-07-01
2026-07-01 12:30:00+00:00,84.83333333333333,39.833333333333336,96.0,123.5,6,728,683,45.5,33.18333333333334,0.7768518518518518,0.730638888888889,active,活跃/运动,20,2026-07-01
2026-07-01 13:00:00+00:00,82.5,34.5,97.5,129.5,6,272,176,43.5,33.26,0.7522222222222222,0.7304444444444445,stressed,压力偏高,21,2026-07-01
2026-07-01 13:30:00+00:00,81.6,38.2,97.5,135.5,5,779,897,42.0,33.260000000000005,0.7267777777777777,0.7543333333333333,active,活跃/运动,21,2026-07-01
2026-07-01 14:00:00+00:00,82.0,33.166666666666664,97.0,127.0,6,309,251,40.5,33.20333333333333,0.7614814814814815,0.738037037037037,active,活跃/运动,22,2026-07-01
2026-07-01 14:30:00+00:00,80.16666666666667,44.0,96.0,125.66666666666667,6,295,228,38.5,33.22666666666666,0.7116666666666668,0.7285648148148148,stressed,压力偏高,22,2026-07-01
2026-07-01 15:00:00+00:00,80.2,41.6,96.5,126.0,5,1190,761,36.5,33.15,0.7143333333333334,0.739787037037037,active,活跃/运动,23,2026-07-01
2026-07-01 15:30:00+00:00,82.33333333333333,41.0,94.5,129.0,6,43,69,34.5,33.13666666666667,0.7716666666666666,0.7300648148148149,stressed,压力偏高,23,2026-07-01
2026-07-01 16:00:00+00:00,81.33333333333333,44.166666666666664,96.0,136.5,6,52,115,33.0,33.16,0.7225925925925926,0.7180277777777777,stressed,压力偏高,0,2026-07-02
2026-07-01 16:30:00+00:00,80.83333333333333,48.833333333333336,98.0,125.0,6,405,149,31.5,33.17333333333333,0.6635185185185184,0.7239444444444444,active,活跃/运动,0,2026-07-02
2026-07-01 17:00:00+00:00,80.8,42.0,95.33333333333333,132.0,5,60,139,29.5,33.22333333333333,0.738,0.7044999999999999,stressed,压力偏高,1,2026-07-02
2026-07-01 17:30:00+00:00,79.83333333333333,43.5,97.0,130.5,6,144,117,27.5,33.3,0.6938888888888889,0.7049629629629629,stressed,压力偏高,1,2026-07-02
2026-07-01 18:00:00+00:00,78.16666666666667,38.5,95.5,119.5,6,70,105,25.5,33.086666666666666,0.7244444444444446,0.7220833333333334,stressed,压力偏高,2,2026-07-02
2026-07-01 18:30:00+00:00,77.4,33.2,96.0,127.0,5,56,86,24.0,33.266666666666666,0.7320000000000001,0.728138888888889,stressed,压力偏高,2,2026-07-02
2026-07-01 19:00:00+00:00,83.0,39.0,96.0,128.5,6,81,73,22.5,33.17,0.7622222222222222,0.7248518518518519,stressed,压力偏高,3,2026-07-02
2026-07-01 19:30:00+00:00,76.0,37.833333333333336,97.0,132.5,6,101,94,20.5,33.21333333333334,0.6807407407407408,0.7249876543209877,stressed,压力偏高,3,2026-07-02
2026-07-01 20:00:00+00:00,,,,,0,0,0,65.0,23.976666666666667,,0.7214814814814814,unknown,数据不足,4,2026-07-02
2026-07-01 20:30:00+00:00,,,,,0,0,0,100.0,23.96,,0.6609259259259259,unknown,数据不足,4,2026-07-02
2026-07-01 21:00:00+00:00,74.0,46.0,96.0,136.5,6,1402,861,98.5,33.17,0.6411111111111111,0.6107407407407408,active,活跃/运动,5,2026-07-02
2026-07-01 21:30:00+00:00,73.66666666666667,47.666666666666664,99.0,136.0,6,25,29,96.5,33.28666666666667,0.5803703703703705,0.6126543209876544,calm,平静,5,2026-07-02
2026-07-01 22:00:00+00:00,75.16666666666667,46.666666666666664,98.0,127.5,6,66,88,95.0,33.266666666666666,0.6164814814814815,0.6258333333333335,stressed,压力偏高,6,2026-07-02
2026-07-01 22:30:00+00:00,76.16666666666667,41.666666666666664,97.0,127.66666666666667,6,564,929,93.5,33.17,0.6653703703703705,0.5699537037037038,active,活跃/运动,6,2026-07-02
2026-07-01 23:00:00+00:00,57.166666666666664,62.166666666666664,95.0,112.0,6,0,0,91.5,34.22333333333333,0.4175925925925925,0.5138425925925927,calm,平静,7,2026-07-02
2026-07-01 23:30:00+00:00,57.5,63.666666666666664,98.5,115.0,6,2,30,89.5,34.169999999999995,0.355925925925926,0.4652777777777778,calm,平静,7,2026-07-02
2026-07-02 00:00:00+00:00,58.0,63.0,95.0,114.5,6,10,11,87.5,34.236666666666665,0.42222222222222217,0.41083333333333333,calm,平静,8,2026-07-02
2026-07-02 00:30:00+00:00,59.0,57.666666666666664,95.5,111.5,6,0,0,86.0,34.14,0.44759259259259265,0.4179166666666667,calm,平静,8,2026-07-02
2026-07-02 01:00:00+00:00,58.833333333333336,57.666666666666664,95.5,117.5,6,8,13,84.5,34.156666666666666,0.44592592592592595,0.4364351851851852,calm,平静,9,2026-07-02
2026-07-02 01:30:00+00:00,58.166666666666664,56.0,96.5,112.5,6,0,0,82.5,34.27333333333334,0.42999999999999994,0.4412962962962963,calm,平静,9,2026-07-02
2026-07-02 02:00:00+00:00,57.833333333333336,62.0,94.0,122.0,6,3,33,80.5,34.19,0.44166666666666665,0.43624999999999997,calm,平静,10,2026-07-02
2026-07-02 02:30:00+00:00,57.0,63.333333333333336,93.0,120.0,6,0,0,78.5,34.13666666666666,0.42740740740740735,0.4345833333333333,calm,平静,10,2026-07-02
2026-07-02 03:00:00+00:00,58.0,59.166666666666664,95.0,121.5,6,0,0,77.0,34.15666666666667,0.43925925925925935,0.4416203703703704,calm,平静,11,2026-07-02
2026-07-02 03:30:00+00:00,57.333333333333336,57.166666666666664,93.5,116.5,6,3,38,75.5,34.18666666666667,0.4581481481481482,0.43379629629629635,calm,平静,11,2026-07-02
2026-07-02 04:00:00+00:00,56.5,64.16666666666667,94.5,119.0,6,0,0,73.5,34.25,0.4103703703703704,0.42458333333333337,calm,平静,12,2026-07-02
2026-07-02 04:30:00+00:00,57.166666666666664,64.5,96.0,115.5,6,2,35,71.5,34.33,0.39055555555555554,0.4250925925925926,calm,平静,12,2026-07-02
2026-07-02 05:00:00+00:00,56.833333333333336,59.833333333333336,94.0,122.5,6,0,0,69.5,34.23333333333333,0.4412962962962963,0.4068981481481482,calm,平静,13,2026-07-02
2026-07-02 05:30:00+00:00,59.333333333333336,68.66666666666667,96.5,118.5,6,4,68,68.0,34.226666666666674,0.38537037037037036,0.40953703703703703,calm,平静,13,2026-07-02
2026-07-02 06:00:00+00:00,59.166666666666664,62.166666666666664,96.0,116.0,6,8,32,66.5,34.13666666666666,0.4209259259259259,0.42259259259259263,calm,平静,14,2026-07-02
2026-07-02 06:30:00+00:00,57.6,55.6,95.5,123.0,5,0,0,64.5,34.160000000000004,0.4427777777777778,0.4653240740740741,calm,平静,14,2026-07-02
2026-07-02 07:00:00+00:00,71.66666666666667,43.5,97.0,126.0,6,70,62,62.5,33.16333333333333,0.6122222222222223,0.5248148148148148,stressed,压力偏高,15,2026-07-02
2026-07-02 07:30:00+00:00,73.66666666666667,45.5,97.0,119.5,6,48,96,60.5,33.12,0.6233333333333334,0.5728240740740741,stressed,压力偏高,15,2026-07-02
2026-07-02 08:00:00+00:00,73.16666666666667,44.833333333333336,97.5,128.5,6,66,18,59.0,33.12,0.6129629629629629,0.6136574074074075,stressed,压力偏高,16,2026-07-02
2026-07-02 08:30:00+00:00,72.5,43.0,98.0,128.0,6,1181,857,57.5,33.153333333333336,0.6061111111111112,0.6227314814814815,active,活跃/运动,16,2026-07-02
2026-07-02 09:00:00+00:00,74.33333333333333,43.833333333333336,96.33333333333333,133.33333333333334,6,76,98,55.5,33.18666666666667,0.6485185185185186,0.6265509259259259,stressed,压力偏高,17,2026-07-02
2026-07-02 09:30:00+00:00,77.2,45.0,,,5,52,73,53.5,33.263333333333335,0.6386111111111111,0.6266435185185186,stressed,压力偏高,17,2026-07-02
2026-07-02 10:00:00+00:00,77.66666666666667,53.0,98.0,129.0,6,50,144,51.5,33.233333333333334,0.6133333333333334,0.6533101851851852,stressed,压力偏高,18,2026-07-02
2026-07-02 10:30:00+00:00,82.83333333333333,46.0,97.0,119.5,6,52,76,50.0,33.226666666666674,0.7127777777777777,0.6638657407407408,stressed,压力偏高,18,2026-07-02
2026-07-02 11:00:00+00:00,79.33333333333333,46.833333333333336,96.0,130.0,6,86,112,48.5,33.25666666666667,0.6907407407407407,0.6894907407407408,stressed,压力偏高,19,2026-07-02
2026-07-02 11:30:00+00:00,81.5,38.5,96.5,121.5,6,428,130,46.5,33.21333333333333,0.7411111111111112,0.7193055555555555,active,活跃/运动,19,2026-07-02
2026-07-02 12:00:00+00:00,80.16666666666667,41.166666666666664,95.5,128.5,6,39,106,44.5,33.25,0.7325925925925926,0.715,stressed,压力偏高,20,2026-07-02
2026-07-02 12:30:00+00:00,83.5,49.5,97.5,130.0,6,24,87,42.5,33.303333333333335,0.6955555555555555,0.7205555555555555,stressed,压力偏高,20,2026-07-02
2026-07-02 13:00:00+00:00,80.66666666666667,44.833333333333336,96.0,128.0,6,407,225,41.0,33.11,0.712962962962963,0.7230555555555556,active,活跃/运动,21,2026-07-02
2026-07-02 13:30:00+00:00,79.33333333333333,37.0,95.0,116.0,6,338,258,39.5,33.220000000000006,0.7511111111111111,0.7534722222222222,active,活跃/运动,21,2026-07-02
2026-07-02 14:00:00+00:00,86.5,33.666666666666664,93.5,132.0,6,235,243,37.5,33.2,0.8542592592592593,0.757824074074074,stressed,压力偏高,22,2026-07-02
2026-07-02 14:30:00+00:00,81.5,44.833333333333336,96.5,125.5,6,86,49,35.5,33.2,0.7129629629629629,0.7601388888888889,stressed,压力偏高,22,2026-07-02
2026-07-02 15:00:00+00:00,82.83333333333333,42.0,97.5,134.0,6,966,1006,33.5,33.196666666666665,0.7222222222222221,0.7794907407407407,active,活跃/运动,23,2026-07-02
2026-07-02 15:30:00+00:00,88.0,35.333333333333336,96.0,119.0,6,434,355,32.0,33.17333333333333,0.8285185185185185,0.7495833333333333,active,活跃/运动,23,2026-07-02
2026-07-02 16:00:00+00:00,80.16666666666667,36.333333333333336,96.66666666666667,128.66666666666666,6,3,95,30.5,33.20666666666667,0.7346296296296295,0.7561759259259259,stressed,压力偏高,0,2026-07-03
2026-07-02 16:30:00+00:00,84.4,39.8,98.0,126.0,5,1472,984,28.5,33.25666666666667,0.7393333333333334,0.7560370370370371,active,活跃/运动,0,2026-07-03
2026-07-02 17:00:00+00:00,81.83333333333333,45.5,96.0,128.66666666666666,6,50,73,26.5,33.22333333333333,0.7216666666666666,0.7454814814814814,stressed,压力偏高,1,2026-07-03
2026-07-02 17:30:00+00:00,88.0,37.333333333333336,98.0,122.0,6,43,101,24.5,33.2,0.7862962962962963,0.7288611111111111,stressed,压力偏高,1,2026-07-03
2026-07-02 18:00:00+00:00,80.16666666666667,48.166666666666664,97.5,131.0,6,39,157,23.0,33.27,0.6681481481481482,0.7243518518518519,stressed,压力偏高,2,2026-07-03
2026-07-02 18:30:00+00:00,78.66666666666667,40.333333333333336,95.5,129.0,6,1931,1156,21.5,33.17333333333333,0.7212962962962964,0.716388888888889,active,活跃/运动,2,2026-07-03
2026-07-02 19:00:00+00:00,79.66666666666667,42.166666666666664,97.5,124.0,6,1410,555,19.5,33.19,0.6898148148148149,0.6929629629629631,active,活跃/运动,3,2026-07-03
2026-07-02 19:30:00+00:00,77.0,43.666666666666664,95.33333333333333,128.0,6,54,43,17.5,33.28,0.6925925925925926,0.6878703703703705,stressed,压力偏高,3,2026-07-03
2026-07-02 20:00:00+00:00,77.16666666666667,46.0,97.5,128.5,6,74,81,15.5,33.260000000000005,0.6477777777777778,0.6723796296296296,stressed,压力偏高,4,2026-07-03
2026-07-02 20:30:00+00:00,78.8,45.2,98.0,124.0,5,95,149,15.0,33.31333333333333,0.6593333333333333,0.6574722222222222,stressed,压力偏高,4,2026-07-03
2026-07-02 21:00:00+00:00,73.16666666666667,42.833333333333336,97.0,132.5,6,951,508,15.0,33.14999999999999,0.6301851851851853,0.6378425925925926,active,活跃/运动,5,2026-07-03
2026-07-02 21:30:00+00:00,73.0,49.833333333333336,96.0,135.0,6,62,86,15.0,33.21333333333334,0.6140740740740741,0.6324722222222222,stressed,压力偏高,5,2026-07-03
2026-07-02 22:00:00+00:00,71.5,41.833333333333336,96.5,129.0,6,109,69,15.0,33.15,0.6262962962962964,0.618425925925926,stressed,压力偏高,6,2026-07-03
2026-07-02 22:30:00+00:00,70.16666666666667,44.666666666666664,96.33333333333333,126.66666666666667,6,42,156,15.0,33.120000000000005,0.6031481481481483,0.5658333333333334,stressed,压力偏高,6,2026-07-03
2026-07-02 23:00:00+00:00,59.0,60.166666666666664,96.5,118.0,6,0,0,15.0,34.21333333333334,0.41981481481481486,0.5251851851851853,calm,平静,7,2026-07-03
2026-07-02 23:30:00+00:00,58.0,52.666666666666664,96.0,115.0,6,7,29,15.0,34.24666666666667,0.4514814814814815,0.46250000000000013,calm,平静,7,2026-07-03
2026-07-03 00:00:00+00:00,58.0,66.0,97.0,117.0,6,11,8,15.0,34.11666666666666,0.37555555555555564,0.4197685185185186,calm,平静,8,2026-07-03
2026-07-03 00:30:00+00:00,58.666666666666664,66.0,94.0,123.0,6,12,6,15.0,34.09,0.4322222222222223,0.4141203703703704,calm,平静,8,2026-07-03
2026-07-03 01:00:00+00:00,58.5,66.0,96.0,111.0,6,0,0,15.0,34.22,0.39722222222222225,0.41060185185185183,calm,平静,9,2026-07-03
2026-07-03 01:30:00+00:00,57.5,60.333333333333336,94.5,117.0,6,0,0,15.0,34.233333333333334,0.43740740740740736,0.40981481481481485,calm,平静,9,2026-07-03
2026-07-03 02:00:00+00:00,58.333333333333336,69.33333333333333,96.5,115.0,6,11,1,15.0,34.15666666666666,0.3724074074074075,0.412962962962963,calm,平静,10,2026-07-03
2026-07-03 02:30:00+00:00,57.666666666666664,57.166666666666664,95.0,118.0,6,4,37,15.0,34.22666666666667,0.4448148148148148,0.4250185185185185,calm,平静,10,2026-07-03
2026-07-03 03:00:00+00:00,58.4,56.8,95.5,116.5,5,3,29,15.0,34.18333333333334,0.4454444444444444,0.42571296296296296,calm,平静,11,2026-07-03
2026-07-03 03:30:00+00:00,58.833333333333336,60.833333333333336,95.0,114.0,6,0,0,15.0,34.269999999999996,0.44018518518518523,0.44200925925925927,calm,平静,11,2026-07-03
2026-07-03 04:00:00+00:00,57.5,54.666666666666664,96.0,118.0,6,6,8,15.0,34.25,0.43759259259259264,0.4264537037037037,calm,平静,12,2026-07-03
2026-07-03 04:30:00+00:00,58.333333333333336,65.16666666666667,97.0,120.0,6,0,0,15.0,34.153333333333336,0.3825925925925926,0.42081481481481486,calm,平静,12,2026-07-03
2026-07-03 05:00:00+00:00,57.8,62.4,95.0,119.5,5,0,0,15.0,34.213333333333324,0.42288888888888887,0.42012037037037037,calm,平静,13,2026-07-03
2026-07-03 05:30:00+00:00,58.0,63.333333333333336,94.0,121.0,6,0,0,15.0,34.22,0.43740740740740736,0.4211388888888889,calm,平静,13,2026-07-03
2026-07-03 06:00:00+00:00,56.166666666666664,54.5,95.0,118.0,6,12,16,15.0,34.20333333333333,0.44166666666666665,0.42301851851851846,calm,平静,14,2026-07-03
2026-07-03 06:30:00+00:00,56.0,67.6,94.5,122.5,5,0,0,15.0,34.22333333333333,0.3901111111111112,0.4732222222222222,calm,平静,14,2026-07-03
2026-07-03 07:00:00+00:00,70.33333333333333,41.666666666666664,96.0,125.0,6,90,151,15.0,33.050000000000004,0.6237037037037036,0.5250277777777778,stressed,压力偏高,15,2026-07-03
2026-07-03 07:30:00+00:00,73.33333333333333,41.833333333333336,96.5,134.5,6,191,308,15.0,33.24333333333333,0.6446296296296296,0.572574074074074,active,活跃/运动,15,2026-07-03
2026-07-03 08:00:00+00:00,73.0,43.333333333333336,96.66666666666667,128.66666666666666,6,49,97,15.0,33.20666666666666,0.6318518518518518,0.632037037037037,stressed,压力偏高,16,2026-07-03
2026-07-03 08:30:00+00:00,74.16666666666667,49.333333333333336,96.0,122.5,6,681,599,15.0,33.28666666666666,0.627962962962963,0.6308796296296296,active,活跃/运动,16,2026-07-03
2026-07-03 09:00:00+00:00,75.83333333333333,51.333333333333336,97.0,122.0,6,59,38,15.0,33.20333333333333,0.6190740740740741,0.6395833333333333,stressed,压力偏高,17,2026-07-03
2026-07-03 09:30:00+00:00,75.83333333333333,41.5,96.0,125.0,6,1116,1088,15.0,33.25666666666667,0.6794444444444444,0.66125,active,活跃/运动,17,2026-07-03
2026-07-03 10:00:00+00:00,79.66666666666667,41.333333333333336,96.0,127.5,6,593,850,15.0,33.21333333333334,0.7185185185185186,0.6692592592592592,active,活跃/运动,18,2026-07-03
2026-07-03 10:30:00+00:00,79.0,53.0,96.0,126.5,6,49,93,15.0,33.300000000000004,0.66,0.6800462962962963,stressed,压力偏高,18,2026-07-03
2026-07-03 11:00:00+00:00,79.2,49.2,97.0,130.5,5,353,359,15.0,33.24333333333334,0.6622222222222223,0.6879166666666667,active,活跃/运动,19,2026-07-03
2026-07-03 11:30:00+00:00,79.66666666666667,41.166666666666664,96.5,123.5,6,176,225,15.0,33.21666666666667,0.710925925925926,0.6808333333333333,stressed,压力偏高,19,2026-07-03
2026-07-03 12:00:00+00:00,79.83333333333333,44.333333333333336,97.0,140.0,6,274,236,15.0,32.98666666666667,0.6901851851851851,0.6942592592592594,stressed,压力偏高,20,2026-07-03
2026-07-03 12:30:00+00:00,80.33333333333333,47.666666666666664,95.0,132.0,6,1078,473,15.0,33.18,0.7137037037037037,0.7272685185185185,active,活跃/运动,20,2026-07-03
2026-07-03 13:00:00+00:00,84.66666666666667,33.666666666666664,96.5,127.0,6,605,535,15.0,33.093333333333334,0.7942592592592593,0.7291666666666667,active,活跃/运动,21,2026-07-03
2026-07-03 13:30:00+00:00,81.33333333333333,41.333333333333336,97.0,126.0,6,20,116,15.0,33.21333333333333,0.7185185185185186,0.7481481481481482,stressed,压力偏高,21,2026-07-03
2026-07-03 14:00:00+00:00,84.83333333333333,38.5,97.0,124.5,6,22,118,15.0,33.13666666666667,0.7661111111111111,0.7557407407407407,stressed,压力偏高,22,2026-07-03
2026-07-03 14:30:00+00:00,83.0,39.333333333333336,97.0,127.5,6,74,44,15.0,33.156666666666666,0.7440740740740741,0.7461111111111112,stressed,压力偏高,22,2026-07-03
2026-07-03 15:00:00+00:00,84.33333333333333,45.333333333333336,95.5,123.5,6,61,112,15.0,33.120000000000005,0.7557407407407407,0.7399537037037037,stressed,压力偏高,23,2026-07-03
2026-07-03 15:30:00+00:00,81.5,43.5,98.0,126.5,6,10,96,15.0,33.26,0.6938888888888889,0.7281944444444444,stressed,压力偏高,23,2026-07-03
2026-07-03 16:00:00+00:00,83.5,42.333333333333336,98.0,124.5,6,769,328,15.0,33.09,0.7190740740740741,0.7208333333333333,active,活跃/运动,0,2026-07-04
2026-07-03 16:30:00+00:00,79.83333333333333,38.833333333333336,97.0,126.0,6,138,234,15.0,33.266666666666666,0.7146296296296296,0.7138425925925926,stressed,压力偏高,0,2026-07-04
2026-07-03 17:00:00+00:00,80.0,40.0,96.0,121.0,5,43,104,15.0,33.06666666666666,0.7277777777777777,0.7098148148148148,stressed,压力偏高,1,2026-07-04
2026-07-03 17:30:00+00:00,78.33333333333333,47.5,96.0,121.0,6,238,299,15.0,33.096666666666664,0.6777777777777777,0.7024074074074074,stressed,压力偏高,1,2026-07-04
2026-07-03 18:00:00+00:00,78.16666666666667,44.5,96.0,129.0,6,722,376,15.0,33.10333333333334,0.6894444444444445,0.702962962962963,active,活跃/运动,2,2026-07-04
2026-07-03 18:30:00+00:00,79.16666666666667,44.333333333333336,95.0,126.0,6,26,145,15.0,33.31,0.7168518518518519,0.6959259259259258,stressed,压力偏高,2,2026-07-04
2026-07-03 19:00:00+00:00,77.83333333333333,43.333333333333336,95.5,127.0,6,82,124,15.0,33.13666666666667,0.6996296296296295,0.6995092592592592,stressed,压力偏高,3,2026-07-04
2026-07-03 19:30:00+00:00,78.0,45.4,95.5,123.5,5,55,129,15.0,33.14666666666667,0.692111111111111,0.702864197530864,stressed,压力偏高,3,2026-07-04
2026-07-03 20:00:00+00:00,,,,,0,0,0,60.0,24.05,,0.6958703703703701,unknown,数据不足,4,2026-07-04
2026-07-03 20:30:00+00:00,,,,,0,0,0,100.0,24.023333333333333,,0.6755,unknown,数据不足,4,2026-07-04
2026-07-03 21:00:00+00:00,79.5,52.5,96.5,124.5,6,26,84,98.5,33.20333333333333,0.6588888888888889,0.6648148148148147,stressed,压力偏高,5,2026-07-04
2026-07-03 21:30:00+00:00,76.33333333333333,43.333333333333336,96.33333333333333,122.66666666666667,6,401,165,96.5,33.21333333333334,0.6707407407407407,0.644753086419753,active,活跃/运动,5,2026-07-04
2026-07-03 22:00:00+00:00,72.33333333333333,44.833333333333336,97.5,124.0,6,281,226,95.0,33.14666666666667,0.6046296296296295,0.6353703703703704,stressed,压力偏高,6,2026-07-04
2026-07-03 22:30:00+00:00,74.66666666666667,49.5,97.5,127.5,6,214,298,93.5,33.226666666666674,0.6072222222222222,0.5795833333333333,stressed,压力偏高,6,2026-07-04
2026-07-03 23:00:00+00:00,58.5,57.333333333333336,96.0,118.5,6,12,0,91.5,34.21666666666666,0.43574074074074076,0.5146759259259259,calm,平静,7,2026-07-04
2026-07-03 23:30:00+00:00,58.166666666666664,64.0,95.5,123.0,6,9,35,89.5,34.24666666666667,0.4111111111111111,0.4708333333333333,calm,平静,7,2026-07-04
2026-07-04 00:00:00+00:00,58.5,60.666666666666664,95.5,121.5,6,0,0,87.5,34.31333333333333,0.42925925925925923,0.4217592592592593,calm,平静,8,2026-07-04
2026-07-04 00:30:00+00:00,56.666666666666664,60.666666666666664,95.5,118.5,6,0,0,86.0,34.14,0.4109259259259259,0.41962962962962963,calm,平静,8,2026-07-04
2026-07-04 01:00:00+00:00,58.666666666666664,61.5,95.5,111.5,6,11,17,84.5,34.28999999999999,0.42722222222222217,0.4170833333333333,calm,平静,9,2026-07-04
2026-07-04 01:30:00+00:00,59.166666666666664,66.66666666666667,96.0,124.5,6,0,0,82.5,34.239999999999995,0.4009259259259259,0.4172962962962963,calm,平静,9,2026-07-04
2026-07-04 02:00:00+00:00,58.2,59.8,95.5,117.0,5,0,0,80.5,34.14666666666666,0.4301111111111112,0.4223888888888889,calm,平静,10,2026-07-04
2026-07-04 02:30:00+00:00,58.333333333333336,59.833333333333336,95.5,121.5,6,4,5,78.5,34.17333333333333,0.4312962962962963,0.41947222222222225,calm,平静,10,2026-07-04
2026-07-04 03:00:00+00:00,56.6,57.6,96.0,114.0,5,10,33,77.0,34.16666666666667,0.41555555555555557,0.43132407407407414,calm,平静,11,2026-07-04
2026-07-04 03:30:00+00:00,58.6,56.6,95.5,124.5,5,0,0,75.5,34.096666666666664,0.44833333333333336,0.43032407407407414,calm,平静,11,2026-07-04
2026-07-04 04:00:00+00:00,56.333333333333336,56.5,95.5,110.5,6,0,0,73.5,34.20666666666666,0.4261111111111111,0.43393518518518515,calm,平静,12,2026-07-04
2026-07-04 04:30:00+00:00,57.333333333333336,54.333333333333336,95.5,119.0,6,0,0,71.5,34.153333333333336,0.44574074074074077,0.4381481481481482,calm,平静,12,2026-07-04
2026-07-04 05:00:00+00:00,58.166666666666664,64.83333333333333,90.0,121.5,6,0,0,69.5,34.17666666666666,0.43240740740740746,0.44245370370370374,calm,平静,13,2026-07-04
2026-07-04 05:30:00+00:00,57.0,51.0,95.0,118.0,6,0,0,68.0,34.20333333333334,0.4655555555555556,0.4432870370370371,calm,平静,13,2026-07-04
2026-07-04 06:00:00+00:00,57.6,58.6,95.5,126.0,5,0,0,66.5,34.123333333333335,0.4294444444444445,0.43287037037037035,calm,平静,14,2026-07-04
2026-07-04 06:30:00+00:00,58.0,63.333333333333336,96.0,126.0,6,0,0,64.5,34.13333333333334,0.40407407407407403,0.4688240740740741,calm,平静,14,2026-07-04
2026-07-04 07:00:00+00:00,69.2,49.8,96.0,123.5,5,71,63,62.5,33.22,0.5762222222222222,0.4978518518518519,calm,平静,15,2026-07-04
2026-07-04 07:30:00+00:00,71.5,50.0,97.0,124.5,6,192,220,60.5,33.22666666666667,0.5816666666666668,0.5489074074074074,calm,平静,15,2026-07-04
2026-07-04 08:00:00+00:00,72.4,42.2,96.5,127.5,5,26,47,59.0,33.11,0.6336666666666667,0.5993703703703704,stressed,压力偏高,16,2026-07-04
2026-07-04 08:30:00+00:00,74.33333333333333,47.166666666666664,98.0,126.5,6,12,120,57.5,33.16333333333333,0.6059259259259259,0.6309166666666667,stressed,压力偏高,16,2026-07-04
2026-07-04 09:00:00+00:00,79.16666666666667,43.833333333333336,96.0,129.0,6,310,223,55.5,33.20333333333333,0.7024074074074075,0.6449907407407408,active,活跃/运动,17,2026-07-04
2026-07-04 09:30:00+00:00,77.0,47.833333333333336,97.5,126.5,6,47,77,53.5,33.260000000000005,0.637962962962963,0.6622685185185185,stressed,压力偏高,17,2026-07-04
2026-07-04 10:00:00+00:00,77.5,37.5,96.66666666666667,129.0,6,605,622,51.5,33.21666666666667,0.7027777777777777,0.7111574074074074,active,活跃/运动,18,2026-07-04
2026-07-04 10:30:00+00:00,88.5,40.666666666666664,96.5,130.5,6,273,131,50.0,33.193333333333335,0.8014814814814816,0.7044907407407408,stressed,压力偏高,18,2026-07-04
2026-07-04 11:00:00+00:00,76.66666666666667,42.333333333333336,96.5,129.0,6,48,18,48.5,33.239999999999995,0.6757407407407408,0.7338888888888889,stressed,压力偏高,19,2026-07-04
2026-07-04 11:30:00+00:00,81.66666666666667,37.5,96.0,127.0,6,1257,369,46.5,33.150000000000006,0.7555555555555556,0.7462962962962963,active,活跃/运动,19,2026-07-04
2026-07-04 12:00:00+00:00,82.5,43.833333333333336,95.0,130.5,6,20,82,44.5,33.196666666666665,0.7524074074074074,0.7291666666666666,stressed,压力偏高,20,2026-07-04
2026-07-04 12:30:00+00:00,82.0,43.333333333333336,96.0,128.5,6,134,326,42.5,33.123333333333335,0.7329629629629629,0.7566666666666667,active,活跃/运动,20,2026-07-04
2026-07-04 13:00:00+00:00,85.33333333333333,40.833333333333336,95.5,126.0,6,65,78,41.0,33.29333333333334,0.7857407407407407,0.7602314814814815,stressed,压力偏高,21,2026-07-04
2026-07-04 13:30:00+00:00,82.33333333333333,37.666666666666664,95.5,127.0,6,74,100,39.5,33.25333333333334,0.7698148148148148,0.760324074074074,stressed,压力偏高,21,2026-07-04
2026-07-04 14:00:00+00:00,81.5,39.0,95.66666666666667,130.0,6,222,363,37.5,33.163333333333334,0.7527777777777778,0.7504166666666667,active,活跃/运动,22,2026-07-04
2026-07-04 14:30:00+00:00,80.83333333333333,44.0,97.5,129.0,6,305,168,35.5,33.290000000000006,0.6933333333333334,0.7349074074074075,active,活跃/运动,22,2026-07-04
2026-07-04 15:00:00+00:00,80.16666666666667,43.166666666666664,95.5,121.5,6,57,87,33.5,33.14,0.7237037037037038,0.7105925925925927,stressed,压力偏高,23,2026-07-04
2026-07-04 15:30:00+00:00,80.2,51.0,96.5,129.0,5,393,94,32.0,33.22,0.6725555555555557,0.709388888888889,active,活跃/运动,23,2026-07-04
2026-07-04 16:00:00+00:00,81.16666666666667,34.333333333333336,97.0,127.5,6,339,217,30.5,33.24333333333334,0.747962962962963,0.7194351851851853,active,活跃/运动,0,2026-07-05
2026-07-04 16:30:00+00:00,82.0,41.333333333333336,96.5,129.0,6,164,138,28.5,33.21,0.7335185185185186,0.703925925925926,stressed,压力偏高,0,2026-07-05
2026-07-04 17:00:00+00:00,79.16666666666667,45.5,98.0,129.0,6,76,31,26.5,33.16666666666667,0.6616666666666666,0.6968518518518518,stressed,压力偏高,1,2026-07-05
2026-07-04 17:30:00+00:00,79.0,47.166666666666664,98.5,133.0,6,56,86,24.5,33.196666666666665,0.6442592592592593,0.6874722222222223,stressed,压力偏高,1,2026-07-05
2026-07-04 18:00:00+00:00,77.2,37.6,96.0,133.0,5,234,119,23.0,33.226666666666674,0.7104444444444444,0.6946018518518519,stressed,压力偏高,2,2026-07-05
2026-07-04 18:30:00+00:00,84.16666666666667,44.166666666666664,95.33333333333333,127.0,6,33,89,21.5,33.239999999999995,0.7620370370370371,0.7040925925925926,stressed,压力偏高,2,2026-07-05
2026-07-04 19:00:00+00:00,79.66666666666667,49.333333333333336,95.0,129.0,6,102,33,19.5,33.14333333333333,0.6996296296296297,0.699324074074074,stressed,压力偏高,3,2026-07-05
2026-07-04 19:30:00+00:00,75.33333333333333,48.833333333333336,97.0,121.0,6,319,148,17.5,33.20666666666667,0.6251851851851852,0.6912962962962963,active,活跃/运动,3,2026-07-05
2026-07-04 20:00:00+00:00,75.0,45.5,94.5,129.0,6,70,77,15.5,33.14333333333333,0.6783333333333333,0.6708333333333334,stressed,压力偏高,4,2026-07-05
2026-07-04 20:30:00+00:00,78.66666666666667,45.833333333333336,96.5,131.0,6,42,68,15.0,33.24,0.6801851851851852,0.6653703703703704,stressed,压力偏高,4,2026-07-05
2026-07-04 21:00:00+00:00,75.0,40.0,96.0,121.0,6,322,273,15.0,33.28,0.6777777777777777,0.6748148148148148,active,活跃/运动,5,2026-07-05
2026-07-04 21:30:00+00:00,73.66666666666667,40.333333333333336,96.0,130.5,6,53,96,15.0,33.17666666666667,0.662962962962963,0.6686574074074074,stressed,压力偏高,5,2026-07-05
2026-07-04 22:00:00+00:00,72.16666666666667,44.666666666666664,94.5,127.0,6,60,71,15.0,33.053333333333335,0.6537037037037038,0.6420833333333333,stressed,压力偏高,6,2026-07-05
2026-07-04 22:30:00+00:00,69.5,51.0,96.0,131.0,6,178,264,15.0,33.263333333333335,0.5738888888888889,0.5888888888888889,calm,平静,6,2026-07-05
2026-07-04 23:00:00+00:00,58.333333333333336,56.0,94.5,120.0,6,8,3,15.0,34.269999999999996,0.4650000000000001,0.5169907407407408,calm,平静,7,2026-07-05
2026-07-04 23:30:00+00:00,57.5,68.66666666666667,96.0,115.0,6,3,29,15.0,34.19666666666666,0.37537037037037035,0.4554166666666667,calm,平静,7,2026-07-05
2026-07-05 00:00:00+00:00,58.666666666666664,67.83333333333333,95.0,114.5,6,0,0,15.0,34.156666666666666,0.40740740740740744,0.42453703703703705,calm,平静,8,2026-07-05
2026-07-05 00:30:00+00:00,57.666666666666664,59.666666666666664,92.5,114.0,6,5,18,15.0,34.17666666666666,0.4503703703703703,0.413425925925926,calm,平静,8,2026-07-05
2026-07-05 01:00:00+00:00,56.666666666666664,58.5,95.5,116.0,6,0,0,15.0,34.2,0.42055555555555557,0.41342592592592586,calm,平静,9,2026-07-05
2026-07-05 01:30:00+00:00,56.5,62.666666666666664,97.0,117.0,6,0,0,15.0,34.14333333333333,0.37537037037037035,0.42874999999999996,calm,平静,9,2026-07-05
2026-07-05 02:00:00+00:00,59.0,56.666666666666664,94.5,124.5,6,0,0,15.0,34.15666666666666,0.46870370370370373,0.41175925925925927,calm,平静,10,2026-07-05
2026-07-05 02:30:00+00:00,57.0,67.83333333333333,95.5,119.0,6,0,0,15.0,34.29,0.3824074074074074,0.4162962962962963,calm,平静,10,2026-07-05
2026-07-05 03:00:00+00:00,60.0,58.166666666666664,96.5,116.5,6,0,0,15.0,34.16333333333333,0.4387037037037037,0.4359814814814815,calm,平静,11,2026-07-05
2026-07-05 03:30:00+00:00,58.2,54.4,95.5,110.5,5,0,0,15.0,34.3,0.45411111111111113,0.42380555555555555,calm,平静,11,2026-07-05
2026-07-05 04:00:00+00:00,58.833333333333336,63.5,95.5,118.5,6,0,0,15.0,34.07666666666667,0.42000000000000004,0.4267222222222222,calm,平静,12,2026-07-05
2026-07-05 04:30:00+00:00,58.333333333333336,58.833333333333336,98.0,119.5,6,5,17,15.0,34.28666666666666,0.39407407407407413,0.427462962962963,calm,平静,12,2026-07-05
2026-07-05 05:00:00+00:00,58.333333333333336,57.5,95.5,116.0,6,0,0,15.0,34.29,0.44166666666666665,0.4224537037037037,calm,平静,13,2026-07-05
2026-07-05 05:30:00+00:00,58.166666666666664,58.833333333333336,95.5,116.0,6,0,0,15.0,34.26666666666667,0.43407407407407406,0.43703703703703706,calm,平静,13,2026-07-05
2026-07-05 06:00:00+00:00,58.833333333333336,56.0,94.0,126.0,6,0,0,15.0,34.083333333333336,0.4783333333333333,0.4584259259259259,calm,平静,14,2026-07-05
2026-07-05 06:30:00+00:00,57.333333333333336,52.333333333333336,94.0,119.5,6,0,0,15.0,34.13666666666667,0.47962962962962963,0.4948611111111111,calm,平静,14,2026-07-05
2026-07-05 07:00:00+00:00,69.66666666666667,48.333333333333336,96.0,126.5,6,1033,465,15.0,33.17333333333333,0.5874074074074075,0.5372037037037036,active,活跃/运动,15,2026-07-05
2026-07-05 07:30:00+00:00,71.6,47.2,96.5,130.0,5,301,132,15.0,33.19333333333333,0.6034444444444443,0.5591944444444444,active,活跃/运动,15,2026-07-05
2026-07-05 08:00:00+00:00,70.5,56.833333333333336,95.5,134.5,6,69,114,15.0,33.260000000000005,0.5662962962962964,0.5936851851851852,calm,平静,16,2026-07-05
2026-07-05 08:30:00+00:00,73.0,47.166666666666664,96.5,129.0,6,100,158,15.0,33.17,0.6175925925925926,0.618824074074074,stressed,压力偏高,16,2026-07-05
2026-07-05 09:00:00+00:00,75.16666666666667,41.833333333333336,95.0,133.0,6,65,91,15.0,33.28333333333333,0.6879629629629631,0.6336574074074075,stressed,压力偏高,17,2026-07-05
2026-07-05 09:30:00+00:00,77.0,46.0,96.5,130.0,6,34,57,15.0,33.03666666666666,0.6627777777777778,0.676064814814815,stressed,压力偏高,17,2026-07-05
2026-07-05 10:00:00+00:00,80.66666666666667,39.666666666666664,96.0,126.0,6,299,228,15.0,33.13666666666667,0.735925925925926,0.6998148148148148,stressed,压力偏高,18,2026-07-05
2026-07-05 10:30:00+00:00,78.16666666666667,41.166666666666664,95.5,125.5,6,434,196,15.0,33.3,0.7125925925925926,0.6985648148148148,active,活跃/运动,18,2026-07-05
2026-07-05 11:00:00+00:00,79.33333333333333,44.833333333333336,97.0,130.0,6,94,100,15.0,33.266666666666666,0.6829629629629629,0.7052314814814815,stressed,压力偏高,19,2026-07-05
2026-07-05 11:30:00+00:00,78.4,39.4,97.5,137.5,5,80,88,15.0,33.153333333333336,0.6894444444444445,0.7144907407407407,stressed,压力偏高,19,2026-07-05
2026-07-05 12:00:00+00:00,82.16666666666667,40.333333333333336,94.5,130.0,6,68,141,15.0,33.22,0.7729629629629631,0.7204537037037038,stressed,压力偏高,20,2026-07-05
2026-07-05 12:30:00+00:00,79.8,37.6,96.0,130.0,5,959,517,15.0,33.19,0.7364444444444443,0.7232314814814815,active,活跃/运动,20,2026-07-05
2026-07-05 13:00:00+00:00,81.5,45.333333333333336,97.5,123.5,6,1315,403,15.0,33.21333333333334,0.6940740740740741,0.7428148148148148,active,活跃/运动,21,2026-07-05
2026-07-05 13:30:00+00:00,82.83333333333333,35.5,96.5,121.5,6,92,136,15.0,33.2,0.7677777777777778,0.7177685185185185,stressed,压力偏高,21,2026-07-05
2026-07-05 14:00:00+00:00,80.33333333333333,47.5,97.5,129.0,6,183,234,15.0,33.28999999999999,0.6727777777777777,0.7325462962962963,stressed,压力偏高,22,2026-07-05
2026-07-05 14:30:00+00:00,86.66666666666667,36.0,97.0,120.0,6,96,77,15.0,33.25333333333334,0.7955555555555557,0.7407407407407407,stressed,压力偏高,22,2026-07-05
2026-07-05 15:00:00+00:00,82.0,42.833333333333336,96.5,130.0,6,249,155,15.0,33.18333333333333,0.7268518518518519,0.7401851851851852,stressed,压力偏高,23,2026-07-05
2026-07-05 15:30:00+00:00,82.33333333333333,40.5,95.0,128.0,6,20,86,15.0,33.20333333333333,0.7655555555555555,0.7692129629629629,stressed,压力偏高,23,2026-07-05
2026-07-05 16:00:00+00:00,83.33333333333333,37.5,95.0,124.0,6,319,330,15.0,33.29,0.788888888888889,0.7610648148148148,active,活跃/运动,0,2026-07-06
2026-07-05 16:30:00+00:00,84.83333333333333,37.333333333333336,97.5,126.5,6,38,134,15.0,33.156666666666666,0.7629629629629628,0.7627777777777778,stressed,压力偏高,0,2026-07-06
2026-07-05 17:00:00+00:00,81.33333333333333,41.666666666666664,96.0,126.5,6,47,121,15.0,33.15,0.7337037037037036,0.7613055555555555,stressed,压力偏高,1,2026-07-06
2026-07-05 17:30:00+00:00,82.6,36.8,96.5,126.0,5,55,97,15.0,33.27333333333334,0.7596666666666666,0.744824074074074,stressed,压力偏高,1,2026-07-06
2026-07-05 18:00:00+00:00,77.33333333333333,38.833333333333336,95.0,132.5,6,200,223,15.0,33.13,0.7229629629629629,0.7370462962962963,stressed,压力偏高,2,2026-07-06
2026-07-05 18:30:00+00:00,79.16666666666667,35.333333333333336,96.5,130.5,6,159,244,15.0,33.25666666666667,0.7318518518518519,0.7318611111111111,stressed,压力偏高,2,2026-07-06
2026-07-05 19:00:00+00:00,78.16666666666667,44.833333333333336,94.5,129.5,6,66,78,15.0,33.28,0.712962962962963,0.7249537037037037,stressed,压力偏高,3,2026-07-06
2026-07-05 19:30:00+00:00,80.5,40.166666666666664,96.0,128.0,6,55,140,15.0,33.11,0.732037037037037,0.7256172839506173,stressed,压力偏高,3,2026-07-06
2026-07-05 20:00:00+00:00,,,,,0,0,0,60.0,24.01666666666667,,0.7224999999999999,unknown,数据不足,4,2026-07-06
2026-07-05 20:30:00+00:00,,,,,0,0,0,100.0,23.923333333333332,,0.6844444444444444,unknown,数据不足,4,2026-07-06
2026-07-05 21:00:00+00:00,74.83333333333333,48.833333333333336,96.0,128.0,6,321,276,98.5,33.16666666666667,0.6368518518518518,0.6311111111111111,active,活跃/运动,5,2026-07-06
2026-07-05 21:30:00+00:00,74.0,47.666666666666664,96.5,123.5,6,38,76,96.5,33.263333333333335,0.6253703703703704,0.6238271604938271,stressed,压力偏高,5,2026-07-06
2026-07-05 22:00:00+00:00,72.5,44.166666666666664,97.5,130.0,6,56,58,95.0,33.25333333333334,0.6092592592592593,0.6097222222222223,stressed,压力偏高,6,2026-07-06
2026-07-05 22:30:00+00:00,70.66666666666667,43.833333333333336,99.0,132.5,6,193,148,93.5,33.17999999999999,0.5674074074074075,0.5593518518518519,calm,平静,6,2026-07-06
2026-07-05 23:00:00+00:00,58.833333333333336,65.66666666666667,94.0,115.0,6,0,0,91.5,34.25333333333333,0.4353703703703704,0.5024074074074074,calm,平静,7,2026-07-06
2026-07-05 23:30:00+00:00,58.666666666666664,60.666666666666664,97.5,116.5,6,0,0,89.5,34.326666666666675,0.3975925925925926,0.45430555555555563,calm,平静,7,2026-07-06
2026-07-06 00:00:00+00:00,57.5,66.83333333333333,93.0,115.5,6,0,0,87.5,34.239999999999995,0.4168518518518518,0.42420370370370375,calm,平静,8,2026-07-06
2026-07-06 00:30:00+00:00,58.2,56.0,95.5,121.0,5,5,13,86.0,34.32666666666667,0.44700000000000006,0.4255,calm,平静,8,2026-07-06
2026-07-06 01:00:00+00:00,58.5,60.0,95.0,111.5,6,11,35,84.5,34.14333333333333,0.4405555555555556,0.4448981481481481,calm,平静,9,2026-07-06
2026-07-06 01:30:00+00:00,59.333333333333336,57.833333333333336,94.0,111.5,6,0,0,82.5,34.28666666666667,0.47518518518518515,0.4468796296296297,calm,平静,9,2026-07-06
2026-07-06 02:00:00+00:00,58.8,58.6,96.5,122.0,5,8,14,80.5,34.239999999999995,0.4247777777777778,0.44938888888888895,calm,平静,10,2026-07-06
2026-07-06 02:30:00+00:00,59.166666666666664,59.666666666666664,94.5,121.5,6,0,0,78.5,34.20666666666666,0.457037037037037,0.45133333333333336,calm,平静,10,2026-07-06
2026-07-06 03:00:00+00:00,58.333333333333336,56.0,95.5,123.0,6,7,5,77.0,34.209999999999994,0.44833333333333336,0.43360185185185185,calm,平静,11,2026-07-06
2026-07-06 03:30:00+00:00,57.666666666666664,68.16666666666667,94.5,112.0,6,0,0,75.5,34.230000000000004,0.4042592592592592,0.43680555555555556,calm,平静,11,2026-07-06
2026-07-06 04:00:00+00:00,58.333333333333336,54.666666666666664,96.5,112.0,6,2,31,73.5,34.266666666666666,0.43759259259259264,0.4247685185185185,calm,平静,12,2026-07-06
2026-07-06 04:30:00+00:00,58.0,66.0,95.0,112.5,6,0,0,71.5,34.14666666666667,0.40888888888888897,0.4173148148148148,calm,平静,12,2026-07-06
2026-07-06 05:00:00+00:00,58.0,56.333333333333336,97.0,119.5,6,3,33,69.5,34.43,0.4185185185185185,0.41680555555555565,calm,平静,13,2026-07-06
2026-07-06 05:30:00+00:00,56.833333333333336,63.0,95.5,116.0,6,18,50,68.0,34.24666666666667,0.40222222222222226,0.41555555555555557,calm,平静,13,2026-07-06
2026-07-06 06:00:00+00:00,59.166666666666664,57.666666666666664,96.5,119.5,6,6,21,66.5,34.236666666666665,0.43259259259259264,0.42302777777777784,calm,平静,14,2026-07-06
2026-07-06 06:30:00+00:00,58.8,59.2,95.5,117.5,5,0,0,64.5,34.199999999999996,0.4387777777777778,0.4698796296296297,calm,平静,14,2026-07-06
2026-07-06 07:00:00+00:00,71.66666666666667,48.666666666666664,96.0,132.5,6,363,210,62.5,33.13666666666667,0.6059259259259261,0.5241851851851853,active,活跃/运动,15,2026-07-06
2026-07-06 07:30:00+00:00,71.66666666666667,40.0,97.5,124.0,6,82,20,60.5,33.21333333333334,0.6194444444444445,0.5815925925925927,stressed,压力偏高,15,2026-07-06
2026-07-06 08:00:00+00:00,73.0,39.0,96.0,125.5,6,52,54,59.0,33.08,0.6622222222222223,0.6328240740740741,stressed,压力偏高,16,2026-07-06
2026-07-06 08:30:00+00:00,75.5,43.166666666666664,97.5,127.0,6,85,115,57.5,33.21666666666667,0.6437037037037037,0.6356944444444445,stressed,压力偏高,16,2026-07-06
2026-07-06 09:00:00+00:00,75.66666666666667,53.833333333333336,96.33333333333333,123.33333333333333,6,383,274,55.5,33.150000000000006,0.6174074074074075,0.6309490740740741,active,活跃/运动,17,2026-07-06
2026-07-06 09:30:00+00:00,76.0,49.166666666666664,,,6,1412,904,53.5,33.17333333333334,0.600462962962963,0.6331712962962963,active,活跃/运动,17,2026-07-06
2026-07-06 10:00:00+00:00,78.33333333333333,49.0,96.0,126.0,6,81,78,51.5,33.28,0.6711111111111111,0.6425787037037037,stressed,压力偏高,18,2026-07-06
2026-07-06 10:30:00+00:00,78.6,39.8,98.0,127.33333333333333,5,60,56,50.0,33.16,0.6813333333333333,0.671699074074074,stressed,压力偏高,18,2026-07-06
2026-07-06 11:00:00+00:00,81.16666666666667,37.5,97.0,132.0,6,358,215,48.5,33.28,0.7338888888888889,0.6962592592592592,active,活跃/运动,19,2026-07-06
2026-07-06 11:30:00+00:00,79.66666666666667,40.166666666666664,97.5,131.5,6,345,132,46.5,33.16333333333334,0.6987037037037037,0.7264907407407407,active,活跃/运动,19,2026-07-06
2026-07-06 12:00:00+00:00,81.83333333333333,37.166666666666664,94.0,134.0,6,60,19,44.5,33.20666666666666,0.792037037037037,0.7376388888888888,stressed,压力偏高,20,2026-07-06
2026-07-06 12:30:00+00:00,81.83333333333333,42.666666666666664,96.5,133.0,6,55,66,42.5,33.236666666666665,0.7259259259259259,0.7332222222222222,stressed,压力偏高,20,2026-07-06
2026-07-06 13:00:00+00:00,81.2,42.8,96.66666666666667,128.0,5,1348,513,41.0,33.08,0.7162222222222221,0.7396111111111111,active,活跃/运动,21,2026-07-06
2026-07-06 13:30:00+00:00,81.0,48.666666666666664,94.5,117.0,6,56,77,39.5,33.343333333333334,0.7242592592592594,0.7244259259259259,stressed,压力偏高,21,2026-07-06
2026-07-06 14:00:00+00:00,81.83333333333333,43.333333333333336,96.0,127.5,6,39,128,37.5,33.026666666666664,0.7312962962962962,0.7334305555555556,stressed,压力偏高,22,2026-07-06
2026-07-06 14:30:00+00:00,82.25,43.0,94.5,119.5,4,260,128,35.5,33.21666666666667,0.7619444444444445,0.7361342592592592,stressed,压力偏高,22,2026-07-06
2026-07-06 15:00:00+00:00,83.0,43.166666666666664,97.0,116.0,6,82,96,33.5,33.20333333333333,0.727037037037037,0.7372916666666667,stressed,压力偏高,23,2026-07-06
2026-07-06 15:30:00+00:00,82.33333333333333,45.0,96.0,125.5,6,261,195,32.0,33.25,0.7288888888888888,0.7361342592592592,stressed,压力偏高,23,2026-07-06
2026-07-06 16:00:00+00:00,82.66666666666667,42.5,97.0,133.0,6,38,87,30.5,33.16333333333333,0.7266666666666668,0.7348611111111111,stressed,压力偏高,0,2026-07-07
2026-07-06 16:30:00+00:00,81.66666666666667,42.833333333333336,94.5,132.0,6,68,39,28.5,33.18333333333334,0.7568518518518519,0.72875,stressed,压力偏高,0,2026-07-07
2026-07-06 17:00:00+00:00,80.16666666666667,44.166666666666664,96.5,128.5,6,397,312,26.5,33.2,0.7025925925925927,0.727962962962963,active,活跃/运动,1,2026-07-07
2026-07-06 17:30:00+00:00,82.16666666666667,37.833333333333336,98.0,122.0,6,69,96,24.5,33.14333333333333,0.7257407407407408,0.7307870370370371,stressed,压力偏高,1,2026-07-07
2026-07-06 18:00:00+00:00,82.33333333333333,37.333333333333336,97.5,131.5,6,58,88,23.0,33.16333333333333,0.7379629629629629,0.7058333333333333,stressed,压力偏高,2,2026-07-07
2026-07-06 18:30:00+00:00,77.5,44.666666666666664,97.5,131.5,6,11,57,21.5,33.163333333333334,0.657037037037037,0.710074074074074,stressed,压力偏高,2,2026-07-07
2026-07-06 19:00:00+00:00,80.6,43.2,96.0,125.0,5,394,117,19.5,33.199999999999996,0.7195555555555554,0.7231759259259258,active,活跃/运动,3,2026-07-07
2026-07-06 19:30:00+00:00,82.33333333333333,37.666666666666664,95.0,124.0,6,277,310,17.5,33.14333333333333,0.7781481481481481,0.6931759259259259,active,活跃/运动,3,2026-07-07
2026-07-06 20:00:00+00:00,75.66666666666667,49.333333333333336,97.5,123.5,6,793,692,15.5,33.166666666666664,0.6179629629629629,0.6997962962962962,active,活跃/运动,4,2026-07-07
2026-07-06 20:30:00+00:00,78.16666666666667,45.833333333333336,96.0,123.0,6,75,57,15.0,33.14333333333333,0.6835185185185185,0.6721759259259259,stressed,压力偏高,4,2026-07-07
2026-07-06 21:00:00+00:00,73.16666666666667,51.333333333333336,96.0,128.5,6,264,193,15.0,33.20333333333333,0.6090740740740741,0.6451388888888889,stressed,压力偏高,5,2026-07-07
2026-07-06 21:30:00+00:00,76.33333333333333,41.0,97.0,126.0,6,358,334,15.0,33.16333333333334,0.6699999999999999,0.6363888888888889,active,活跃/运动,5,2026-07-07
2026-07-06 22:00:00+00:00,70.5,49.333333333333336,96.5,127.0,6,61,105,15.0,33.199999999999996,0.582962962962963,0.622175925925926,calm,平静,6,2026-07-07
2026-07-06 22:30:00+00:00,75.0,46.5,97.33333333333333,127.0,6,65,130,15.0,33.17333333333333,0.6266666666666667,0.5835185185185185,stressed,压力偏高,6,2026-07-07
2026-07-06 23:00:00+00:00,58.333333333333336,56.5,95.0,128.0,6,0,0,15.0,34.14,0.45444444444444443,0.5272685185185185,calm,平静,7,2026-07-07
2026-07-06 23:30:00+00:00,55.666666666666664,54.5,94.5,114.5,6,0,0,15.0,34.30666666666666,0.44500000000000006,0.4858333333333334,calm,平静,7,2026-07-07
2026-07-07 00:00:00+00:00,57.6,57.6,96.5,110.0,5,0,0,15.0,34.3,0.41722222222222227,0.42861111111111116,calm,平静,8,2026-07-07
2026-07-07 00:30:00+00:00,57.333333333333336,67.0,95.0,122.5,6,0,0,15.0,34.12333333333333,0.3977777777777778,0.4247685185185186,calm,平静,8,2026-07-07
2026-07-07 01:00:00+00:00,58.5,60.333333333333336,95.0,112.5,6,0,0,15.0,34.300000000000004,0.43907407407407406,0.4178518518518518,calm,平静,9,2026-07-07
2026-07-07 01:30:00+00:00,57.6,63.2,95.0,117.0,5,10,3,15.0,34.17,0.41733333333333333,0.41488888888888886,calm,平静,9,2026-07-07
2026-07-07 02:00:00+00:00,57.666666666666664,64.16666666666667,95.5,117.5,6,0,0,15.0,34.18333333333334,0.4053703703703704,0.42044444444444445,calm,平静,10,2026-07-07
2026-07-07 02:30:00+00:00,57.4,58.4,96.0,118.0,5,0,0,15.0,34.24,0.42000000000000004,0.418175925925926,calm,平静,10,2026-07-07
2026-07-07 03:00:00+00:00,58.333333333333336,62.0,95.0,119.5,6,0,0,15.0,34.166666666666664,0.43000000000000005,0.42083333333333334,calm,平静,11,2026-07-07
2026-07-07 03:30:00+00:00,58.0,52.333333333333336,97.5,116.0,6,0,0,15.0,34.14666666666666,0.427962962962963,0.43074074074074076,calm,平静,11,2026-07-07
2026-07-07 04:00:00+00:00,57.166666666666664,56.0,95.0,116.0,6,0,0,15.0,34.20666666666667,0.44499999999999995,0.4433796296296296,calm,平静,12,2026-07-07
2026-07-07 04:30:00+00:00,58.5,57.0,94.0,121.0,6,8,25,15.0,34.31,0.4705555555555555,0.4418055555555555,calm,平静,12,2026-07-07
2026-07-07 05:00:00+00:00,58.666666666666664,64.16666666666667,95.0,113.0,6,2,30,15.0,34.236666666666665,0.4237037037037037,0.44925925925925925,calm,平静,13,2026-07-07
2026-07-07 05:30:00+00:00,58.0,55.0,95.0,116.5,6,4,11,15.0,34.083333333333336,0.45777777777777784,0.4527314814814815,calm,平静,13,2026-07-07
2026-07-07 06:00:00+00:00,58.166666666666664,57.0,94.5,119.5,6,20,48,15.0,34.13333333333334,0.4588888888888889,0.45861111111111114,calm,平静,14,2026-07-07
2026-07-07 06:30:00+00:00,58.333333333333336,51.333333333333336,93.0,124.5,6,0,0,15.0,34.07666666666667,0.4940740740740741,0.4980555555555556,calm,平静,14,2026-07-07
2026-07-07 07:00:00+00:00,70.5,49.666666666666664,96.5,126.0,6,50,59,15.0,33.24666666666667,0.5814814814814816,0.5305555555555557,calm,平静,15,2026-07-07
2026-07-07 07:30:00+00:00,70.4,42.4,98.0,131.0,5,106,105,15.0,33.266666666666666,0.5877777777777778,0.5671296296296298,calm,平静,15,2026-07-07
2026-07-07 08:00:00+00:00,72.66666666666667,47.333333333333336,97.0,137.0,6,27,97,15.0,33.11666666666666,0.6051851851851853,0.6006018518518519,stressed,压力偏高,16,2026-07-07
2026-07-07 08:30:00+00:00,73.16666666666667,43.333333333333336,97.0,127.0,6,68,20,15.0,33.10666666666667,0.6279629629629631,0.6207870370370372,stressed,压力偏高,16,2026-07-07
2026-07-07 09:00:00+00:00,74.0,45.0,95.0,124.0,6,321,194,15.0,33.18666666666667,0.6622222222222223,0.6393981481481482,active,活跃/运动,17,2026-07-07
2026-07-07 09:30:00+00:00,76.66666666666667,43.5,97.0,129.0,6,147,117,15.0,33.153333333333336,0.6622222222222223,0.6557407407407407,stressed,压力偏高,17,2026-07-07
2026-07-07 10:00:00+00:00,77.0,40.5,97.5,127.0,6,16,123,15.0,33.26,0.6705555555555556,0.6701388888888888,stressed,压力偏高,18,2026-07-07
2026-07-07 10:30:00+00:00,77.33333333333333,43.5,96.0,126.5,6,825,857,15.0,33.11333333333333,0.6855555555555555,0.6959722222222222,active,活跃/运动,18,2026-07-07
2026-07-07 11:00:00+00:00,82.83333333333333,36.0,96.5,132.0,6,145,135,15.0,33.21333333333333,0.7655555555555554,0.7128703703703703,stressed,压力偏高,19,2026-07-07
2026-07-07 11:30:00+00:00,82.0,42.166666666666664,96.5,128.5,6,43,79,15.0,33.233333333333334,0.7298148148148148,0.7224999999999999,stressed,压力偏高,19,2026-07-07
2026-07-07 12:00:00+00:00,79.16666666666667,42.333333333333336,96.0,117.5,6,198,298,15.0,33.28333333333333,0.7090740740740741,0.7627777777777778,stressed,压力偏高,20,2026-07-07
2026-07-07 12:30:00+00:00,89.0,33.5,96.0,132.0,6,242,261,15.0,33.19,0.8466666666666667,0.7423333333333333,stressed,压力偏高,20,2026-07-07
2026-07-07 13:00:00+00:00,79.4,44.8,97.0,128.0,5,64,65,15.0,33.26333333333333,0.6837777777777779,0.7408981481481481,stressed,压力偏高,21,2026-07-07
2026-07-07 13:30:00+00:00,81.66666666666667,40.833333333333336,97.0,125.0,6,88,95,15.0,33.23,0.7240740740740742,0.7540462962962964,stressed,压力偏高,21,2026-07-07
2026-07-07 14:00:00+00:00,84.16666666666667,38.0,97.0,128.5,6,55,32,15.0,33.3,0.7616666666666668,0.7306851851851853,stressed,压力偏高,22,2026-07-07
2026-07-07 14:30:00+00:00,83.4,43.8,95.5,126.5,5,81,102,15.0,33.10333333333334,0.7532222222222223,0.7391851851851854,stressed,压力偏高,22,2026-07-07
2026-07-07 15:00:00+00:00,82.0,43.0,97.0,131.0,5,84,152,15.0,33.14666666666667,0.7177777777777778,0.7401666666666669,stressed,压力偏高,23,2026-07-07
2026-07-07 15:30:00+00:00,85.2,40.4,99.0,121.0,5,1465,1132,15.0,33.2,0.7280000000000001,0.7535000000000002,active,活跃/运动,23,2026-07-07
2026-07-07 16:00:00+00:00,87.83333333333333,38.0,96.0,127.0,6,85,134,15.0,33.236666666666665,0.8150000000000001,0.7392222222222223,stressed,压力偏高,0,2026-07-08
2026-07-07 16:30:00+00:00,79.5,46.0,96.0,123.5,6,394,435,15.0,33.19333333333333,0.6961111111111111,0.7394166666666666,active,活跃/运动,0,2026-07-08
2026-07-07 17:00:00+00:00,80.8,42.0,96.5,122.5,5,75,73,15.0,33.29,0.7185555555555555,0.741212962962963,stressed,压力偏高,1,2026-07-08
2026-07-07 17:30:00+00:00,81.5,39.833333333333336,96.5,125.0,6,365,110,15.0,33.19,0.7351851851851853,0.7184351851851851,active,活跃/运动,1,2026-07-08
2026-07-07 18:00:00+00:00,79.5,36.0,97.0,127.5,6,454,327,15.0,33.239999999999995,0.7238888888888889,0.7157685185185185,active,活跃/运动,2,2026-07-08
2026-07-07 18:30:00+00:00,76.0,42.4,95.5,130.0,5,1659,848,15.0,33.08,0.6854444444444444,0.7120555555555556,active,活跃/运动,2,2026-07-08
2026-07-07 19:00:00+00:00,79.66666666666667,44.666666666666664,96.0,130.5,6,411,137,15.0,33.153333333333336,0.7037037037037037,0.713212962962963,active,活跃/运动,3,2026-07-08
2026-07-07 19:30:00+00:00,79.16666666666667,39.166666666666664,95.0,128.5,6,667,795,15.0,33.096666666666664,0.7398148148148149,0.7096543209876544,active,活跃/运动,3,2026-07-08
2026-07-07 20:00:00+00:00,,,,,0,0,0,60.0,24.046666666666667,,0.7217592592592592,unknown,数据不足,4,2026-07-08
2026-07-07 20:30:00+00:00,,,,,0,0,0,100.0,24.009999999999998,,0.6911111111111112,unknown,数据不足,4,2026-07-08
2026-07-07 21:00:00+00:00,75.0,49.833333333333336,95.5,131.0,6,69,124,98.5,33.220000000000006,0.6424074074074074,0.6313888888888889,stressed,压力偏高,5,2026-07-08
2026-07-07 21:30:00+00:00,72.5,49.166666666666664,95.5,131.0,6,98,92,96.5,33.14999999999999,0.6203703703703703,0.6619259259259259,stressed,压力偏高,5,2026-07-08
2026-07-07 22:00:00+00:00,77.8,38.0,95.5,120.0,5,49,58,95.0,33.34,0.723,0.649962962962963,stressed,压力偏高,6,2026-07-08
2026-07-07 22:30:00+00:00,71.0,45.333333333333336,96.0,121.33333333333333,6,360,339,93.5,33.18000000000001,0.6140740740740741,0.5983425925925926,active,活跃/运动,6,2026-07-08
2026-07-07 23:00:00+00:00,56.5,54.666666666666664,95.5,118.0,6,10,24,91.5,34.230000000000004,0.43592592592592594,0.5663518518518519,calm,平静,7,2026-07-08
2026-07-07 23:30:00+00:00,58.833333333333336,52.833333333333336,93.0,122.5,6,11,21,89.5,34.21,0.4924074074074074,0.48685185185185187,calm,平静,7,2026-07-08
2026-07-08 00:00:00+00:00,57.166666666666664,65.0,95.0,112.0,6,7,26,87.5,34.27333333333334,0.405,0.4575,calm,平静,8,2026-07-08
2026-07-08 00:30:00+00:00,57.333333333333336,48.5,93.5,123.0,6,0,0,86.0,34.126666666666665,0.4966666666666667,0.4553240740740741,calm,平静,8,2026-07-08
2026-07-08 01:00:00+00:00,58.5,59.25,96.0,119.5,4,11,28,84.5,34.14666666666666,0.42722222222222217,0.4370277777777778,calm,平静,9,2026-07-08
2026-07-08 01:30:00+00:00,59.0,67.8,94.5,115.0,5,0,0,82.5,34.10333333333334,0.4192222222222223,0.4361481481481482,calm,平静,9,2026-07-08
2026-07-08 02:00:00+00:00,57.166666666666664,60.166666666666664,96.5,115.0,6,7,35,80.5,34.10666666666667,0.40148148148148155,0.42633333333333334,calm,平静,10,2026-07-08
2026-07-08 02:30:00+00:00,58.0,58.833333333333336,93.0,108.0,6,6,31,78.5,34.24666666666667,0.4574074074074074,0.42619444444444443,calm,平静,10,2026-07-08
2026-07-08 03:00:00+00:00,59.0,60.5,96.0,122.0,6,7,7,77.0,34.256666666666675,0.42666666666666664,0.42800925925925926,calm,平静,11,2026-07-08
2026-07-08 03:30:00+00:00,58.5,55.666666666666664,97.0,116.0,6,0,0,75.5,34.21333333333333,0.42648148148148146,0.4353703703703704,calm,平静,11,2026-07-08
2026-07-08 04:00:00+00:00,58.5,54.666666666666664,97.0,122.5,6,6,38,73.5,34.17,0.43092592592592593,0.4169907407407407,calm,平静,12,2026-07-08
2026-07-08 04:30:00+00:00,57.333333333333336,64.5,96.5,117.5,6,8,19,71.5,34.223333333333336,0.38388888888888895,0.4253703703703704,calm,平静,12,2026-07-08
2026-07-08 05:00:00+00:00,57.833333333333336,57.833333333333336,94.0,124.5,6,9,34,69.5,34.18333333333333,0.46018518518518525,0.428888888888889,calm,平静,13,2026-07-08
2026-07-08 05:30:00+00:00,59.0,63.0,94.5,117.5,6,0,0,68.0,34.19333333333333,0.4405555555555556,0.4246296296296297,calm,平静,13,2026-07-08
2026-07-08 06:00:00+00:00,57.0,57.0,96.5,109.5,6,0,0,66.5,34.16,0.413888888888889,0.4478703703703705,calm,平静,14,2026-07-08
2026-07-08 06:30:00+00:00,59.833333333333336,54.833333333333336,95.0,119.5,6,0,0,64.5,34.14333333333333,0.47685185185185186,0.5010185185185185,calm,平静,14,2026-07-08
2026-07-08 07:00:00+00:00,75.16666666666667,41.5,96.0,122.5,6,61,36,62.5,33.123333333333335,0.6727777777777778,0.5581481481481482,stressed,压力偏高,15,2026-07-08
2026-07-08 07:30:00+00:00,75.16666666666667,42.333333333333336,96.0,123.5,6,97,75,60.5,33.233333333333334,0.669074074074074,0.6256481481481482,stressed,压力偏高,15,2026-07-08
2026-07-08 08:00:00+00:00,77.5,40.5,97.0,131.0,6,1009,1093,59.0,33.166666666666664,0.683888888888889,0.6598611111111111,active,活跃/运动,16,2026-07-08
2026-07-08 08:30:00+00:00,73.5,49.166666666666664,96.5,127.5,6,788,517,57.5,33.22666666666667,0.6137037037037038,0.6447685185185186,active,活跃/运动,16,2026-07-08
2026-07-08 09:00:00+00:00,74.5,49.833333333333336,97.0,116.0,6,203,289,55.5,33.17333333333333,0.6124074074074074,0.6363541666666667,stressed,压力偏高,17,2026-07-08
2026-07-08 09:30:00+00:00,77.16666666666667,45.5,,,6,67,101,53.5,33.230000000000004,0.6354166666666667,0.6407986111111112,stressed,压力偏高,17,2026-07-08
2026-07-08 10:00:00+00:00,79.16666666666667,44.0,96.0,124.5,6,23,107,51.5,33.16333333333334,0.7016666666666668,0.6504282407407408,stressed,压力偏高,18,2026-07-08
2026-07-08 10:30:00+00:00,77.33333333333333,43.5,98.0,121.0,6,86,64,50.0,33.20666666666666,0.6522222222222221,0.6632523148148148,stressed,压力偏高,18,2026-07-08
2026-07-08 11:00:00+00:00,75.33333333333333,47.666666666666664,95.0,117.5,6,47,140,48.5,33.19,0.6637037037037037,0.6881018518518519,stressed,压力偏高,19,2026-07-08
2026-07-08 11:30:00+00:00,81.33333333333333,37.666666666666664,97.0,128.0,6,92,26,46.5,33.156666666666666,0.7348148148148148,0.6893055555555556,stressed,压力偏高,19,2026-07-08
2026-07-08 12:00:00+00:00,79.16666666666667,39.166666666666664,97.0,131.0,6,8,91,44.5,33.19333333333333,0.7064814814814816,0.7063888888888888,stressed,压力偏高,20,2026-07-08
2026-07-08 12:30:00+00:00,81.5,45.0,96.0,133.5,6,166,271,42.5,33.263333333333335,0.7205555555555555,0.7091203703703703,stressed,压力偏高,20,2026-07-08
2026-07-08 13:00:00+00:00,81.16666666666667,43.333333333333336,99.0,125.0,6,637,404,41.0,33.166666666666664,0.6746296296296296,0.7088425925925925,active,活跃/运动,21,2026-07-08
2026-07-08 13:30:00+00:00,82.0,43.166666666666664,96.0,132.5,6,369,169,39.5,33.24666666666667,0.7337037037037037,0.7006018518518519,active,活跃/运动,21,2026-07-08
2026-07-08 14:00:00+00:00,80.83333333333333,50.333333333333336,97.0,132.5,6,35,120,37.5,33.153333333333336,0.6735185185185185,0.708425925925926,stressed,压力偏高,22,2026-07-08
2026-07-08 14:30:00+00:00,82.0,42.833333333333336,95.0,124.0,6,109,125,35.5,33.22333333333333,0.7518518518518519,0.708587962962963,stressed,压力偏高,22,2026-07-08
2026-07-08 15:00:00+00:00,80.75,46.0,98.0,130.0,4,503,449,33.5,33.24333333333333,0.6752777777777778,0.7034490740740742,active,活跃/运动,23,2026-07-08
2026-07-08 15:30:00+00:00,80.5,40.666666666666664,97.0,131.0,6,64,89,32.0,33.18666666666665,0.7131481481481482,0.7084861111111111,stressed,压力偏高,23,2026-07-08
2026-07-08 16:00:00+00:00,79.2,44.0,96.5,131.0,5,58,99,30.5,33.20333333333333,0.6936666666666668,0.7121435185185185,stressed,压力偏高,0,2026-07-09
2026-07-08 16:30:00+00:00,81.5,34.666666666666664,96.0,127.5,6,98,106,28.5,33.10666666666667,0.7664814814814814,0.7273981481481482,stressed,压力偏高,0,2026-07-09
2026-07-08 17:00:00+00:00,82.5,41.833333333333336,96.5,137.5,6,11,50,26.5,33.400000000000006,0.7362962962962963,0.7246203703703704,stressed,压力偏高,1,2026-07-09
2026-07-08 17:30:00+00:00,80.66666666666667,41.666666666666664,97.5,128.5,6,389,280,24.5,33.13333333333333,0.7020370370370371,0.7460185185185185,active,活跃/运动,1,2026-07-09
2026-07-08 18:00:00+00:00,83.83333333333333,35.166666666666664,96.5,124.5,6,99,63,23.0,33.22333333333333,0.7792592592592592,0.7429629629629629,stressed,压力偏高,2,2026-07-09
2026-07-08 18:30:00+00:00,82.5,39.666666666666664,96.0,121.0,6,54,102,21.5,33.21666666666667,0.7542592592592593,0.7211574074074074,stressed,压力偏高,2,2026-07-09
2026-07-08 19:00:00+00:00,76.5,42.333333333333336,98.0,129.0,6,371,337,19.5,33.233333333333334,0.649074074074074,0.7073148148148147,active,活跃/运动,3,2026-07-09
2026-07-08 19:30:00+00:00,76.66666666666667,47.0,97.0,127.0,6,270,227,17.5,33.11333333333333,0.6466666666666667,0.6605555555555556,stressed,压力偏高,3,2026-07-09
2026-07-08 20:00:00+00:00,74.5,52.5,97.5,126.0,6,446,414,15.5,33.18,0.5922222222222222,0.6444351851851853,active,活跃/运动,4,2026-07-09
2026-07-08 20:30:00+00:00,76.4,39.2,96.33333333333333,127.66666666666667,5,1329,832,15.0,33.16333333333333,0.6897777777777779,0.6552685185185185,active,活跃/运动,4,2026-07-09
2026-07-08 21:00:00+00:00,81.5,43.833333333333336,98.0,125.0,6,295,293,15.0,33.286666666666676,0.6924074074074074,0.6370740740740741,stressed,压力偏高,5,2026-07-09
2026-07-08 21:30:00+00:00,70.5,49.5,97.0,135.0,6,422,127,15.0,33.29333333333334,0.5738888888888889,0.6402222222222222,active,活跃/运动,5,2026-07-09
2026-07-08 22:00:00+00:00,71.33333333333333,48.166666666666664,96.0,126.5,6,210,271,15.0,33.193333333333335,0.6048148148148148,0.6449537037037036,stressed,压力偏高,6,2026-07-09
2026-07-08 22:30:00+00:00,76.16666666666667,35.666666666666664,96.0,126.0,6,55,68,15.0,33.269999999999996,0.7087037037037037,0.5788425925925926,stressed,压力偏高,6,2026-07-09
2026-07-08 23:00:00+00:00,57.333333333333336,58.333333333333336,95.5,117.5,6,0,0,15.0,34.156666666666666,0.427962962962963,0.5486111111111112,calm,平静,7,2026-07-09
2026-07-08 23:30:00+00:00,57.333333333333336,58.333333333333336,94.0,118.0,6,2,21,15.0,34.17333333333333,0.452962962962963,0.5021296296296296,calm,平静,7,2026-07-09
2026-07-09 00:00:00+00:00,57.5,57.0,96.5,120.5,6,8,2,15.0,34.13,0.418888888888889,0.43152777777777784,calm,平静,8,2026-07-09
2026-07-09 00:30:00+00:00,57.333333333333336,64.33333333333333,92.0,122.5,6,0,0,15.0,34.236666666666665,0.4262962962962964,0.43953703703703706,calm,平静,8,2026-07-09
2026-07-09 01:00:00+00:00,58.0,54.5,95.0,109.5,6,0,0,15.0,34.18666666666667,0.4600000000000001,0.4377777777777778,calm,平静,9,2026-07-09
2026-07-09 01:30:00+00:00,58.666666666666664,59.166666666666664,95.0,124.5,6,0,0,15.0,34.233333333333334,0.44592592592592595,0.4468055555555556,calm,平静,9,2026-07-09
2026-07-09 02:00:00+00:00,58.4,58.4,94.5,116.0,5,0,0,15.0,34.26,0.45500000000000007,0.4518518518518519,calm,平静,10,2026-07-09
2026-07-09 02:30:00+00:00,58.666666666666664,57.166666666666664,95.5,121.0,6,8,26,15.0,34.10333333333333,0.4464814814814815,0.4385648148148148,calm,平静,10,2026-07-09
2026-07-09 03:00:00+00:00,58.0,60.833333333333336,96.5,120.0,6,8,10,15.0,34.28666666666666,0.4068518518518519,0.4307870370370371,calm,平静,11,2026-07-09
2026-07-09 03:30:00+00:00,57.333333333333336,63.166666666666664,95.0,117.5,6,6,40,15.0,34.14666666666667,0.41481481481481486,0.4318518518518519,calm,平静,11,2026-07-09
2026-07-09 04:00:00+00:00,57.666666666666664,57.666666666666664,93.5,121.0,6,0,0,15.0,34.16,0.45925925925925926,0.43615740740740744,calm,平静,12,2026-07-09
2026-07-09 04:30:00+00:00,59.0,59.666666666666664,93.5,115.0,6,0,0,15.0,34.18666666666667,0.46370370370370373,0.4451851851851852,calm,平静,12,2026-07-09
2026-07-09 05:00:00+00:00,58.333333333333336,62.833333333333336,94.0,116.5,6,7,33,15.0,34.36,0.442962962962963,0.4479166666666667,calm,平静,13,2026-07-09
2026-07-09 05:30:00+00:00,58.666666666666664,61.833333333333336,95.5,116.5,6,2,39,15.0,34.15,0.42574074074074075,0.4338425925925926,calm,平静,13,2026-07-09
2026-07-09 06:00:00+00:00,56.833333333333336,62.833333333333336,95.5,115.5,6,3,33,15.0,34.22666666666666,0.40296296296296297,0.4220555555555556,calm,平静,14,2026-07-09
2026-07-09 06:30:00+00:00,57.4,64.8,94.5,125.5,5,0,0,15.0,34.209999999999994,0.41655555555555557,0.4640925925925926,calm,平静,14,2026-07-09
2026-07-09 07:00:00+00:00,73.8,44.8,98.0,134.0,5,454,348,15.0,33.19333333333333,0.611111111111111,0.5203518518518518,active,活跃/运动,15,2026-07-09
2026-07-09 07:30:00+00:00,73.4,40.6,96.5,132.0,5,320,320,15.0,33.156666666666666,0.6507777777777778,0.583037037037037,active,活跃/运动,15,2026-07-09
2026-07-09 08:00:00+00:00,78.0,52.166666666666664,96.0,131.5,6,58,41,15.0,33.276666666666664,0.6537037037037037,0.6513055555555556,stressed,压力偏高,16,2026-07-09
2026-07-09 08:30:00+00:00,78.66666666666667,41.833333333333336,97.0,134.5,6,344,293,15.0,33.17333333333333,0.6896296296296297,0.6659814814814815,active,活跃/运动,16,2026-07-09
2026-07-09 09:00:00+00:00,73.83333333333333,39.166666666666664,96.0,119.0,6,658,729,15.0,33.153333333333336,0.6698148148148148,0.6601388888888888,active,活跃/运动,17,2026-07-09
2026-07-09 09:30:00+00:00,74.33333333333333,42.333333333333336,98.0,128.5,6,46,76,15.0,33.19,0.6274074074074074,0.6647685185185186,stressed,压力偏高,17,2026-07-09
2026-07-09 10:00:00+00:00,78.0,40.5,98.0,130.5,6,112,115,15.0,33.17,0.6722222222222223,0.6662777777777777,stressed,压力偏高,18,2026-07-09
2026-07-09 10:30:00+00:00,78.4,38.0,97.5,124.5,5,220,257,15.0,33.24,0.6956666666666668,0.6741018518518519,stressed,压力偏高,18,2026-07-09
2026-07-09 11:00:00+00:00,78.33333333333333,38.5,97.0,126.5,6,75,64,15.0,33.28666666666667,0.7011111111111111,0.7021574074074074,stressed,压力偏高,19,2026-07-09
2026-07-09 11:30:00+00:00,79.0,38.833333333333336,95.0,118.0,6,210,134,15.0,33.06333333333333,0.7396296296296296,0.6993333333333334,stressed,压力偏高,19,2026-07-09
2026-07-09 12:00:00+00:00,79.66666666666667,48.666666666666664,97.5,131.5,6,286,310,15.0,33.209999999999994,0.660925925925926,0.6987037037037037,active,活跃/运动,20,2026-07-09
2026-07-09 12:30:00+00:00,82.83333333333333,46.666666666666664,98.0,130.0,6,272,330,15.0,33.273333333333326,0.6931481481481481,0.7067592592592593,active,活跃/运动,20,2026-07-09
2026-07-09 13:00:00+00:00,80.33333333333333,39.5,96.0,123.5,6,74,98,15.0,33.32,0.7333333333333333,0.7067592592592592,stressed,压力偏高,21,2026-07-09
2026-07-09 13:30:00+00:00,81.33333333333333,40.333333333333336,96.0,129.5,6,1114,545,15.0,33.16,0.7396296296296295,0.7274537037037037,active,活跃/运动,21,2026-07-09
2026-07-09 14:00:00+00:00,82.5,40.166666666666664,96.5,126.0,6,58,74,15.0,33.156666666666666,0.7437037037037038,0.753287037037037,stressed,压力偏高,22,2026-07-09
2026-07-09 14:30:00+00:00,84.83333333333333,39.166666666666664,95.0,128.0,6,60,97,15.0,33.083333333333336,0.7964814814814816,0.7524537037037037,stressed,压力偏高,22,2026-07-09
2026-07-09 15:00:00+00:00,83.0,42.5,97.0,127.0,6,93,128,15.0,33.346666666666664,0.7300000000000001,0.7435185185185186,stressed,压力偏高,23,2026-07-09
2026-07-09 15:30:00+00:00,83.2,43.2,98.5,125.5,5,1145,620,15.0,33.27333333333333,0.7038888888888889,0.7310648148148149,active,活跃/运动,23,2026-07-09
2026-07-09 16:00:00+00:00,80.83333333333333,42.0,98.0,121.5,6,58,78,15.0,33.13333333333333,0.6938888888888888,0.7081018518518518,stressed,压力偏高,0,2026-07-10
2026-07-09 16:30:00+00:00,80.0,43.333333333333336,96.5,130.5,6,153,247,15.0,33.233333333333334,0.7046296296296296,0.7009259259259258,stressed,压力偏高,0,2026-07-10
2026-07-09 17:00:00+00:00,78.0,43.333333333333336,95.5,126.5,6,70,26,15.0,33.123333333333335,0.7012962962962962,0.702037037037037,stressed,压力偏高,1,2026-07-10
2026-07-09 17:30:00+00:00,80.0,42.5,96.5,124.5,6,67,59,15.0,33.24666666666667,0.7083333333333334,0.6962962962962962,stressed,压力偏高,1,2026-07-10
2026-07-09 18:00:00+00:00,78.0,42.666666666666664,97.5,132.5,6,244,106,15.0,33.09,0.6709259259259259,0.7024537037037036,stressed,压力偏高,2,2026-07-10
2026-07-09 18:30:00+00:00,79.16666666666667,39.666666666666664,95.5,122.5,6,74,113,15.0,33.19,0.7292592592592592,0.7133796296296296,stressed,压力偏高,2,2026-07-10
2026-07-09 19:00:00+00:00,85.66666666666667,47.0,96.5,118.0,6,89,169,15.0,33.08,0.745,0.7116574074074073,stressed,压力偏高,3,2026-07-10
2026-07-09 19:30:00+00:00,80.6,45.4,96.5,127.5,5,58,177,15.0,33.24333333333333,0.7014444444444444,0.7252345679012345,stressed,压力偏高,3,2026-07-10
2026-07-09 20:00:00+00:00,,,,,0,0,0,60.0,24.029999999999998,,0.7232222222222222,unknown,数据不足,4,2026-07-10
2026-07-09 20:30:00+00:00,,,,,0,0,0,100.0,24.023333333333333,,0.641925925925926,unknown,数据不足,4,2026-07-10
2026-07-09 21:00:00+00:00,72.66666666666667,54.333333333333336,96.5,120.5,6,1097,810,98.5,33.27666666666667,0.5824074074074075,0.6116666666666667,active,活跃/运动,5,2026-07-10
2026-07-09 21:30:00+00:00,75.33333333333333,47.166666666666664,96.5,127.0,6,1144,571,96.5,33.236666666666665,0.6409259259259259,0.6215432098765432,active,活跃/运动,5,2026-07-10
2026-07-09 22:00:00+00:00,70.83333333333333,38.833333333333336,96.0,130.0,6,47,101,95.0,33.273333333333326,0.6412962962962963,0.6251574074074074,stressed,压力偏高,6,2026-07-10
2026-07-09 22:30:00+00:00,77.2,50.6,97.0,126.0,5,1260,884,93.5,33.096666666666664,0.636,0.5906203703703703,active,活跃/运动,6,2026-07-10
2026-07-09 23:00:00+00:00,57.666666666666664,59.166666666666664,94.5,116.0,6,0,0,91.5,34.29333333333334,0.44425925925925924,0.5466388888888889,calm,平静,7,2026-07-10
2026-07-09 23:30:00+00:00,59.0,57.5,94.5,120.5,6,0,0,89.5,34.233333333333334,0.46499999999999997,0.4889537037037037,calm,平静,7,2026-07-10
2026-07-10 00:00:00+00:00,58.0,67.5,94.5,110.0,6,14,34,87.5,34.23,0.41055555555555556,0.434537037037037,calm,平静,8,2026-07-10
2026-07-10 00:30:00+00:00,57.5,59.0,96.0,118.5,6,0,0,86.0,34.17666666666667,0.41833333333333333,0.4345833333333333,calm,平静,8,2026-07-10
2026-07-10 01:00:00+00:00,57.2,56.2,95.0,117.0,5,19,16,84.5,34.18333333333334,0.4444444444444444,0.4126851851851852,calm,平静,9,2026-07-10
2026-07-10 01:30:00+00:00,58.0,69.33333333333333,96.0,116.5,6,12,13,82.5,34.14666666666666,0.3774074074074074,0.41222222222222227,calm,平静,9,2026-07-10
2026-07-10 02:00:00+00:00,56.666666666666664,61.166666666666664,95.5,111.5,6,8,14,80.5,34.120000000000005,0.4087037037037037,0.41430555555555554,calm,平静,10,2026-07-10
2026-07-10 02:30:00+00:00,57.833333333333336,63.5,94.5,125.5,6,12,12,78.5,34.2,0.42666666666666664,0.41662037037037036,calm,平静,10,2026-07-10
2026-07-10 03:00:00+00:00,58.0,59.666666666666664,94.0,124.5,6,10,29,77.0,34.273333333333326,0.4537037037037037,0.4311574074074074,calm,平静,11,2026-07-10
2026-07-10 03:30:00+00:00,58.333333333333336,64.5,93.0,117.0,6,2,6,75.5,34.16333333333334,0.4355555555555556,0.43939814814814815,calm,平静,11,2026-07-10
2026-07-10 04:00:00+00:00,56.8,57.8,94.5,113.5,5,4,0,73.5,34.14333333333334,0.44166666666666665,0.4365277777777778,calm,平静,12,2026-07-10
2026-07-10 04:30:00+00:00,57.0,54.833333333333336,97.0,123.5,6,7,6,71.5,34.300000000000004,0.4151851851851852,0.4190277777777778,calm,平静,12,2026-07-10
2026-07-10 05:00:00+00:00,58.0,71.66666666666667,95.0,126.0,6,7,19,69.5,34.123333333333335,0.38370370370370366,0.41787037037037034,calm,平静,13,2026-07-10
2026-07-10 05:30:00+00:00,57.166666666666664,51.666666666666664,97.0,128.0,6,3,40,68.0,34.27666666666667,0.43092592592592593,0.4229537037037037,calm,平静,13,2026-07-10
2026-07-10 06:00:00+00:00,58.8,59.6,91.5,121.0,5,12,67,66.5,34.24666666666667,0.46199999999999997,0.41980555555555554,calm,平静,14,2026-07-10
2026-07-10 06:30:00+00:00,57.5,60.666666666666664,96.5,127.0,6,2,35,64.5,34.129999999999995,0.4025925925925926,0.4732314814814815,calm,平静,14,2026-07-10
2026-07-10 07:00:00+00:00,69.33333333333333,45.333333333333336,96.0,119.5,6,587,824,62.5,33.20333333333333,0.5974074074074074,0.5393425925925925,active,活跃/运动,15,2026-07-10
2026-07-10 07:30:00+00:00,78.33333333333333,41.666666666666664,96.5,127.5,6,375,294,60.5,33.18333333333334,0.6953703703703704,0.5762962962962963,active,活跃/运动,15,2026-07-10
2026-07-10 08:00:00+00:00,72.66666666666667,48.166666666666664,96.5,127.0,6,368,298,59.0,33.34,0.6098148148148149,0.6288425925925927,active,活跃/运动,16,2026-07-10
2026-07-10 08:30:00+00:00,72.83333333333333,46.0,97.0,123.0,6,334,181,57.5,33.17333333333333,0.6127777777777778,0.6498611111111111,active,活跃/运动,16,2026-07-10
2026-07-10 09:00:00+00:00,77.83333333333333,43.666666666666664,96.5,127.0,6,243,290,55.5,33.2,0.6814814814814815,0.6509722222222223,stressed,压力偏高,17,2026-07-10
2026-07-10 09:30:00+00:00,77.33333333333333,34.666666666666664,97.5,122.5,6,54,87,53.5,33.20666666666667,0.6998148148148148,0.6639351851851851,stressed,压力偏高,17,2026-07-10
2026-07-10 10:00:00+00:00,79.16666666666667,45.5,98.0,124.0,6,78,43,51.5,33.31,0.6616666666666666,0.6958518518518518,stressed,压力偏高,18,2026-07-10
2026-07-10 10:30:00+00:00,82.6,43.0,96.0,127.5,5,64,96,50.0,33.20666666666666,0.7404444444444443,0.7032592592592593,stressed,压力偏高,18,2026-07-10
2026-07-10 11:00:00+00:00,78.6,40.6,96.0,130.0,5,79,114,48.5,33.22333333333333,0.711111111111111,0.7129351851851852,stressed,压力偏高,19,2026-07-10
2026-07-10 11:30:00+00:00,80.33333333333333,40.833333333333336,95.33333333333333,122.33333333333333,6,77,90,46.5,33.10333333333333,0.7385185185185186,0.7198333333333333,stressed,压力偏高,19,2026-07-10
2026-07-10 12:00:00+00:00,81.33333333333333,44.166666666666664,98.0,122.0,6,317,507,44.5,33.19333333333333,0.6892592592592592,0.742013888888889,active,活跃/运动,20,2026-07-10
2026-07-10 12:30:00+00:00,86.25,33.75,95.33333333333333,127.66666666666667,4,251,289,42.5,33.256666666666675,0.8291666666666667,0.7501620370370371,stressed,压力偏高,20,2026-07-10
2026-07-10 13:00:00+00:00,80.66666666666667,41.666666666666664,95.0,116.0,6,36,69,41.0,33.123333333333335,0.7437037037037039,0.748263888888889,stressed,压力偏高,21,2026-07-10
2026-07-10 13:30:00+00:00,80.83333333333333,41.166666666666664,96.0,132.5,6,1389,565,39.5,33.16333333333333,0.7309259259259259,0.7614583333333333,active,活跃/运动,21,2026-07-10
2026-07-10 14:00:00+00:00,84.16666666666667,46.166666666666664,96.0,130.5,6,132,259,37.5,33.233333333333334,0.742037037037037,0.743101851851852,stressed,压力偏高,22,2026-07-10
2026-07-10 14:30:00+00:00,83.0,42.333333333333336,95.5,132.0,6,380,313,35.5,33.17333333333333,0.7557407407407407,0.7504629629629629,active,活跃/运动,22,2026-07-10
2026-07-10 15:00:00+00:00,85.83333333333333,39.166666666666664,97.0,119.0,6,957,649,33.5,33.19,0.7731481481481483,0.7521296296296296,active,活跃/运动,23,2026-07-10
2026-07-10 15:30:00+00:00,82.83333333333333,41.666666666666664,96.66666666666667,127.0,6,326,170,32.0,33.20666666666666,0.7375925925925925,0.764074074074074,active,活跃/运动,23,2026-07-10
2026-07-10 16:00:00+00:00,85.33333333333333,36.166666666666664,96.5,131.5,6,184,186,30.5,33.21333333333334,0.7898148148148149,0.7484259259259259,stressed,压力偏高,0,2026-07-11
2026-07-10 16:30:00+00:00,81.0,48.166666666666664,96.5,123.0,6,49,104,28.5,33.27333333333333,0.6931481481481482,0.7359259259259259,stressed,压力偏高,0,2026-07-11
2026-07-10 17:00:00+00:00,81.83333333333333,37.666666666666664,98.0,132.0,6,449,220,26.5,33.19,0.7231481481481481,0.7214351851851852,active,活跃/运动,1,2026-07-11
2026-07-10 17:30:00+00:00,80.33333333333333,47.833333333333336,97.0,134.5,6,406,197,24.5,33.13666666666667,0.6796296296296296,0.7037962962962963,active,活跃/运动,1,2026-07-11
2026-07-10 18:00:00+00:00,79.83333333333333,39.666666666666664,96.5,135.5,6,968,359,23.0,33.18000000000001,0.7192592592592592,0.706111111111111,active,活跃/运动,2,2026-07-11
2026-07-10 18:30:00+00:00,78.5,42.333333333333336,96.0,123.0,6,402,137,21.5,33.16,0.7024074074074074,0.7012037037037037,active,活跃/运动,2,2026-07-11
2026-07-10 19:00:00+00:00,79.66666666666667,42.833333333333336,96.5,132.0,6,697,412,19.5,33.13666666666666,0.7035185185185185,0.7128703703703703,active,活跃/运动,3,2026-07-11
2026-07-10 19:30:00+00:00,78.66666666666667,37.333333333333336,96.0,127.0,6,107,32,17.5,33.263333333333335,0.7262962962962963,0.6933796296296296,stressed,压力偏高,3,2026-07-11
2026-07-10 20:00:00+00:00,78.5,52.333333333333336,97.0,124.0,6,30,84,15.5,33.32333333333334,0.6412962962962964,0.6741666666666667,stressed,压力偏高,4,2026-07-11
2026-07-10 20:30:00+00:00,75.66666666666667,49.5,97.0,129.5,6,74,52,15.0,33.14,0.6255555555555556,0.6549259259259259,stressed,压力偏高,4,2026-07-11
2026-07-10 21:00:00+00:00,74.6,45.0,97.5,126.5,5,370,353,15.0,33.230000000000004,0.6265555555555555,0.6382592592592593,active,活跃/运动,5,2026-07-11
2026-07-10 21:30:00+00:00,74.33333333333333,38.833333333333336,97.0,137.0,6,1442,488,15.0,33.11666666666666,0.6596296296296297,0.6397870370370371,active,活跃/运动,5,2026-07-11
2026-07-10 22:00:00+00:00,74.16666666666667,39.333333333333336,97.5,123.0,6,384,250,15.0,33.19666666666667,0.6474074074074074,0.6373981481481481,active,活跃/运动,6,2026-07-11
2026-07-10 22:30:00+00:00,70.4,39.8,97.0,133.5,5,274,275,15.0,33.193333333333335,0.6160000000000001,0.579787037037037,stressed,压力偏高,6,2026-07-11
2026-07-10 23:00:00+00:00,55.833333333333336,64.0,95.0,111.0,6,0,0,15.0,34.269999999999996,0.3961111111111111,0.5167314814814815,calm,平静,7,2026-07-11
2026-07-10 23:30:00+00:00,58.833333333333336,58.833333333333336,97.5,122.5,6,0,0,15.0,34.373333333333335,0.40740740740740744,0.4730277777777778,calm,平静,7,2026-07-11
2026-07-11 00:00:00+00:00,59.333333333333336,54.666666666666664,95.0,116.0,6,8,38,15.0,34.14333333333333,0.4725925925925927,0.4225,calm,平静,8,2026-07-11
2026-07-11 00:30:00+00:00,57.5,60.0,96.0,117.0,6,0,0,15.0,34.156666666666666,0.41388888888888886,0.42824074074074076,calm,平静,8,2026-07-11
2026-07-11 01:00:00+00:00,57.166666666666664,61.833333333333336,95.0,120.5,6,0,0,15.0,34.22666666666667,0.41907407407407404,0.4350462962962963,calm,平静,9,2026-07-11
2026-07-11 01:30:00+00:00,58.0,58.333333333333336,95.5,123.0,6,5,17,15.0,34.233333333333334,0.4346296296296297,0.4289351851851852,calm,平静,9,2026-07-11
2026-07-11 02:00:00+00:00,58.833333333333336,57.166666666666664,95.5,117.5,6,0,0,15.0,34.126666666666665,0.4481481481481482,0.4421296296296296,calm,平静,10,2026-07-11
2026-07-11 02:30:00+00:00,57.666666666666664,56.0,93.0,116.5,6,2,8,15.0,34.263333333333335,0.46666666666666656,0.4585648148148148,calm,平静,10,2026-07-11
2026-07-11 03:00:00+00:00,57.5,49.666666666666664,94.5,117.0,6,0,0,15.0,34.19,0.4848148148148149,0.4551851851851852,calm,平静,11,2026-07-11
2026-07-11 03:30:00+00:00,57.0,61.0,95.0,119.0,5,20,9,15.0,34.20666666666666,0.4211111111111111,0.44865740740740745,calm,平静,11,2026-07-11
2026-07-11 04:00:00+00:00,58.333333333333336,58.166666666666664,96.5,125.5,6,0,0,15.0,34.31333333333334,0.4220370370370371,0.4344907407407408,calm,平静,12,2026-07-11
2026-07-11 04:30:00+00:00,58.166666666666664,60.5,96.5,116.5,6,3,21,15.0,34.19666666666667,0.41000000000000003,0.43013888888888896,calm,平静,12,2026-07-11
2026-07-11 05:00:00+00:00,57.5,49.833333333333336,95.5,120.0,6,6,39,15.0,34.22666666666666,0.4674074074074075,0.4370833333333334,calm,平静,13,2026-07-11
2026-07-11 05:30:00+00:00,58.0,57.0,95.0,108.5,5,0,0,15.0,34.25000000000001,0.4488888888888889,0.43268518518518523,calm,平静,13,2026-07-11
2026-07-11 06:00:00+00:00,57.5,64.0,95.5,113.0,6,6,5,15.0,34.14,0.4044444444444444,0.4367592592592593,calm,平静,14,2026-07-11
2026-07-11 06:30:00+00:00,59.5,59.833333333333336,96.5,116.0,6,17,38,15.0,34.22333333333333,0.4262962962962963,0.4644907407407407,calm,平静,14,2026-07-11
2026-07-11 07:00:00+00:00,69.5,50.0,96.0,126.0,6,1239,432,15.0,33.22,0.5783333333333334,0.508425925925926,active,活跃/运动,15,2026-07-11
2026-07-11 07:30:00+00:00,72.83333333333333,45.833333333333336,96.33333333333333,124.33333333333333,6,41,96,15.0,33.223333333333336,0.6246296296296296,0.5575925925925926,stressed,压力偏高,15,2026-07-11
2026-07-11 08:00:00+00:00,73.0,49.0,97.0,130.0,6,39,70,15.0,33.129999999999995,0.6011111111111112,0.6107407407407408,stressed,压力偏高,16,2026-07-11
2026-07-11 08:30:00+00:00,72.4,45.4,95.33333333333333,128.33333333333334,5,419,389,15.0,33.17999999999999,0.6388888888888891,0.6370833333333334,active,活跃/运动,16,2026-07-11
2026-07-11 09:00:00+00:00,78.0,41.666666666666664,97.0,132.0,6,419,153,15.0,33.14999999999999,0.6837037037037038,0.6625000000000001,active,活跃/运动,17,2026-07-11
2026-07-11 09:30:00+00:00,77.33333333333333,34.333333333333336,96.0,130.0,6,159,145,15.0,33.233333333333334,0.7262962962962962,0.6848148148148149,stressed,压力偏高,17,2026-07-11
2026-07-11 10:00:00+00:00,79.33333333333333,43.166666666666664,97.0,123.0,6,91,53,15.0,33.226666666666674,0.6903703703703704,0.7045925925925927,stressed,压力偏高,18,2026-07-11
2026-07-11 10:30:00+00:00,79.4,39.6,96.33333333333333,131.33333333333334,5,358,108,15.0,33.156666666666666,0.7180000000000002,0.7073240740740742,active,活跃/运动,18,2026-07-11
2026-07-11 11:00:00+00:00,77.5,41.833333333333336,96.0,127.0,6,116,78,15.0,33.20666666666667,0.6946296296296296,0.7182962962962963,stressed,压力偏高,19,2026-07-11
2026-07-11 11:30:00+00:00,80.16666666666667,38.333333333333336,93.0,139.0,6,1175,943,15.0,33.14666666666667,0.7701851851851852,0.7256111111111111,active,活跃/运动,19,2026-07-11
2026-07-11 12:00:00+00:00,80.66666666666667,40.833333333333336,96.66666666666667,124.33333333333333,6,344,285,15.0,33.34,0.7196296296296296,0.7283796296296297,active,活跃/运动,20,2026-07-11
2026-07-11 12:30:00+00:00,79.83333333333333,39.333333333333336,96.0,136.0,6,939,464,15.0,33.093333333333334,0.7290740740740741,0.7506018518518518,active,活跃/运动,20,2026-07-11
2026-07-11 13:00:00+00:00,84.16666666666667,36.833333333333336,96.0,122.0,6,44,156,15.0,33.17333333333333,0.7835185185185185,0.7544444444444445,stressed,压力偏高,21,2026-07-11
2026-07-11 13:30:00+00:00,85.5,45.0,94.5,125.0,6,339,165,15.0,33.24333333333334,0.7855555555555556,0.7607592592592592,active,活跃/运动,21,2026-07-11
2026-07-11 14:00:00+00:00,84.2,45.6,96.0,122.0,5,17,70,15.0,33.32,0.7448888888888888,0.7564629629629629,stressed,压力偏高,22,2026-07-11
2026-07-11 14:30:00+00:00,82.8,48.0,96.5,126.0,5,319,231,15.0,33.266666666666666,0.7118888888888889,0.7493796296296296,active,活跃/运动,22,2026-07-11
2026-07-11 15:00:00+00:00,83.33333333333333,41.333333333333336,96.0,118.5,6,28,43,15.0,33.18666666666667,0.7551851851851852,0.7509074074074074,stressed,压力偏高,23,2026-07-11
2026-07-11 15:30:00+00:00,84.33333333333333,33.5,96.5,137.0,6,687,911,15.0,33.16666666666667,0.7916666666666666,0.740287037037037,active,活跃/运动,23,2026-07-11
2026-07-11 16:00:00+00:00,81.83333333333333,42.333333333333336,98.0,125.0,6,33,67,15.0,33.32333333333333,0.7024074074074074,0.7369444444444444,stressed,压力偏高,0,2026-07-12
2026-07-11 16:30:00+00:00,81.16666666666667,47.333333333333336,96.5,135.0,6,235,265,15.0,33.19,0.6985185185185185,0.7236574074074074,stressed,压力偏高,0,2026-07-12
2026-07-11 17:00:00+00:00,81.0,46.166666666666664,96.5,132.0,6,15,73,15.0,33.20666666666666,0.7020370370370371,0.7161111111111111,stressed,压力偏高,1,2026-07-12
2026-07-11 17:30:00+00:00,82.33333333333333,37.666666666666664,96.0,133.0,6,1404,550,15.0,33.22333333333333,0.7614814814814814,0.7275,active,活跃/运动,1,2026-07-12
2026-07-11 18:00:00+00:00,82.5,37.333333333333336,97.0,119.5,6,296,236,15.0,33.150000000000006,0.747962962962963,0.7372685185185186,stressed,压力偏高,2,2026-07-12
2026-07-11 18:30:00+00:00,80.66666666666667,41.166666666666664,95.5,128.5,6,72,169,15.0,33.21666666666666,0.7375925925925927,0.7500925925925925,stressed,压力偏高,2,2026-07-12
2026-07-11 19:00:00+00:00,82.83333333333333,42.5,95.5,127.0,6,306,239,15.0,33.123333333333335,0.7533333333333333,0.7198888888888889,active,活跃/运动,3,2026-07-12
2026-07-11 19:30:00+00:00,76.6,48.2,97.0,128.0,5,96,28,15.0,33.15,0.6406666666666666,0.7105308641975309,stressed,压力偏高,3,2026-07-12
2026-07-11 20:00:00+00:00,,,,,0,0,0,60.0,23.90666666666667,,0.697,unknown,数据不足,4,2026-07-12
2026-07-11 20:30:00+00:00,,,,,0,0,0,100.0,23.99,,0.6299629629629628,unknown,数据不足,4,2026-07-12
2026-07-11 21:00:00+00:00,72.33333333333333,47.166666666666664,96.0,129.5,6,1108,819,98.5,33.226666666666674,0.6192592592592592,0.6214814814814815,active,活跃/运动,5,2026-07-12
2026-07-11 21:30:00+00:00,72.0,41.666666666666664,97.0,128.0,6,315,245,96.5,33.29,0.6237037037037038,0.6155555555555555,active,活跃/运动,5,2026-07-12
2026-07-11 22:00:00+00:00,71.83333333333333,47.666666666666664,96.5,123.5,6,21,49,95.0,33.16000000000001,0.6037037037037037,0.6156944444444444,stressed,压力偏高,6,2026-07-12
2026-07-11 22:30:00+00:00,71.66666666666667,44.5,96.5,124.5,6,17,101,93.5,33.28666666666666,0.6161111111111112,0.5720740740740742,stressed,压力偏高,6,2026-07-12
2026-07-11 23:00:00+00:00,57.6,51.4,96.5,118.0,5,0,0,91.5,34.11666666666666,0.4447777777777778,0.5334814814814816,calm,平静,7,2026-07-12
2026-07-11 23:30:00+00:00,57.2,50.6,95.0,119.5,5,0,0,89.5,34.266666666666666,0.46933333333333327,0.479,calm,平静,7,2026-07-12
2026-07-12 00:00:00+00:00,58.8,73.0,95.0,114.0,5,3,30,87.5,34.230000000000004,0.3857777777777778,0.430712962962963,calm,平静,8,2026-07-12
2026-07-12 00:30:00+00:00,58.5,58.333333333333336,96.5,122.5,6,14,50,86.0,34.24,0.422962962962963,0.431,calm,平静,8,2026-07-12
2026-07-12 01:00:00+00:00,58.333333333333336,62.166666666666664,93.0,117.5,6,0,0,84.5,34.13666666666667,0.44592592592592595,0.42440740740740734,calm,平静,9,2026-07-12
2026-07-12 01:30:00+00:00,58.666666666666664,52.333333333333336,97.0,109.0,6,1,7,82.5,34.27333333333334,0.4429629629629629,0.4285648148148148,calm,平静,9,2026-07-12
2026-07-12 02:00:00+00:00,56.666666666666664,66.33333333333333,94.5,120.0,6,9,18,80.5,34.18,0.40240740740740744,0.4343055555555556,calm,平静,10,2026-07-12
2026-07-12 02:30:00+00:00,58.833333333333336,57.666666666666664,95.5,113.5,6,8,38,78.5,34.04666666666667,0.44592592592592595,0.4401018518518518,calm,平静,10,2026-07-12
2026-07-12 03:00:00+00:00,58.8,58.0,94.0,120.0,5,0,0,77.0,34.266666666666666,0.46911111111111103,0.4395462962962963,calm,平静,11,2026-07-12
2026-07-12 03:30:00+00:00,58.0,58.833333333333336,95.0,111.5,6,0,0,75.5,34.21666666666667,0.44074074074074077,0.44533333333333336,calm,平静,11,2026-07-12
2026-07-12 04:00:00+00:00,57.833333333333336,60.0,95.5,119.0,6,0,0,73.5,34.20333333333333,0.4255555555555556,0.43982407407407403,calm,平静,12,2026-07-12
2026-07-12 04:30:00+00:00,57.0,58.5,95.5,125.5,4,0,0,71.5,34.2,0.42388888888888887,0.43166666666666664,calm,平静,12,2026-07-12
2026-07-12 05:00:00+00:00,57.166666666666664,54.166666666666664,96.0,118.5,6,9,33,69.5,34.17666666666666,0.43648148148148147,0.4226388888888889,calm,平静,13,2026-07-12
2026-07-12 05:30:00+00:00,58.5,64.33333333333333,96.0,118.0,6,0,0,68.0,34.17999999999999,0.4046296296296297,0.42212962962962963,calm,平静,13,2026-07-12
2026-07-12 06:00:00+00:00,57.666666666666664,56.333333333333336,96.5,120.0,6,10,24,66.5,34.24333333333333,0.4235185185185185,0.42087962962962966,calm,平静,14,2026-07-12
2026-07-12 06:30:00+00:00,58.0,60.0,96.0,115.5,6,0,0,64.5,34.22666666666666,0.41888888888888887,0.4616203703703704,calm,平静,14,2026-07-12
2026-07-12 07:00:00+00:00,70.83333333333333,44.5,97.0,131.5,6,62,84,62.5,33.20333333333333,0.5994444444444444,0.5076851851851851,calm,平静,15,2026-07-12
2026-07-12 07:30:00+00:00,69.33333333333333,43.5,97.0,126.0,6,105,81,60.5,33.126666666666665,0.5888888888888889,0.5432407407407407,calm,平静,15,2026-07-12
2026-07-12 08:00:00+00:00,70.83333333333333,55.833333333333336,96.0,124.5,6,38,77,59.0,33.21666666666667,0.5657407407407407,0.5946759259259259,calm,平静,16,2026-07-12
2026-07-12 08:30:00+00:00,73.0,49.333333333333336,95.5,127.5,6,95,102,57.5,33.123333333333335,0.6246296296296295,0.6003240740740741,stressed,压力偏高,16,2026-07-12
2026-07-12 09:00:00+00:00,75.16666666666667,49.166666666666664,97.0,133.5,6,61,113,55.5,33.30666666666667,0.622037037037037,0.6251851851851851,stressed,压力偏高,17,2026-07-12
2026-07-12 09:30:00+00:00,81.0,45.5,97.5,123.5,6,1018,781,53.5,33.10333333333334,0.6883333333333332,0.6519907407407407,active,活跃/运动,17,2026-07-12
2026-07-12 10:00:00+00:00,77.5,44.833333333333336,96.5,131.0,6,376,300,51.5,33.16,0.672962962962963,0.6605092592592593,active,活跃/运动,18,2026-07-12
2026-07-12 10:30:00+00:00,76.5,47.666666666666664,96.0,126.0,6,696,464,50.0,33.27666666666667,0.6587037037037037,0.6772685185185185,active,活跃/运动,18,2026-07-12
2026-07-12 11:00:00+00:00,78.5,37.833333333333336,98.0,126.0,6,59,89,48.5,33.20333333333333,0.6890740740740741,0.6761111111111111,stressed,压力偏高,19,2026-07-12
2026-07-12 11:30:00+00:00,80.33333333333333,43.166666666666664,98.0,135.0,6,346,361,46.5,33.266666666666666,0.6837037037037037,0.690324074074074,active,活跃/运动,19,2026-07-12
2026-07-12 12:00:00+00:00,80.83333333333333,37.666666666666664,97.0,119.5,6,95,76,44.5,33.29333333333334,0.7298148148148148,0.6968055555555555,stressed,压力偏高,20,2026-07-12
2026-07-12 12:30:00+00:00,80.0,47.833333333333336,96.5,128.0,6,51,93,42.5,33.25666666666666,0.6846296296296296,0.7044907407407408,stressed,压力偏高,20,2026-07-12
2026-07-12 13:00:00+00:00,82.33333333333333,45.166666666666664,96.5,128.0,6,83,137,41.0,33.28666666666667,0.7198148148148148,0.7139351851851852,stressed,压力偏高,21,2026-07-12
2026-07-12 13:30:00+00:00,82.0,42.166666666666664,97.0,126.5,6,60,24,39.5,33.11333333333334,0.7214814814814815,0.7141203703703703,stressed,压力偏高,21,2026-07-12
2026-07-12 14:00:00+00:00,81.4,44.4,95.5,119.5,5,319,237,37.5,33.233333333333334,0.7305555555555555,0.7392129629629629,active,活跃/运动,22,2026-07-12
2026-07-12 14:30:00+00:00,85.33333333333333,41.0,95.5,124.0,6,51,58,35.5,33.11333333333333,0.7849999999999998,0.7446759259259259,stressed,压力偏高,22,2026-07-12
2026-07-12 15:00:00+00:00,83.5,41.0,97.0,122.5,6,276,291,33.5,33.2,0.7416666666666667,0.7513611111111111,stressed,压力偏高,23,2026-07-12
2026-07-12 15:30:00+00:00,83.2,42.6,96.0,124.0,5,447,283,32.0,33.276666666666664,0.7482222222222222,0.7631203703703704,active,活跃/运动,23,2026-07-12
2026-07-12 16:00:00+00:00,87.5,38.166666666666664,98.0,122.0,6,27,104,30.5,33.24666666666667,0.7775925925925926,0.7501574074074073,stressed,压力偏高,0,2026-07-13
2026-07-12 16:30:00+00:00,83.16666666666667,42.166666666666664,97.0,130.5,6,32,109,28.5,33.07666666666667,0.7331481481481482,0.7562685185185186,stressed,压力偏高,0,2026-07-13
2026-07-12 17:00:00+00:00,83.5,38.0,96.33333333333333,129.66666666666666,6,96,153,26.5,33.11333333333334,0.7661111111111113,0.7739351851851852,stressed,压力偏高,1,2026-07-13
2026-07-12 17:30:00+00:00,86.0,33.0,96.0,132.0,4,1209,887,24.5,33.150000000000006,0.8188888888888889,0.7408796296296297,active,活跃/运动,1,2026-07-13
2026-07-12 18:00:00+00:00,78.16666666666667,50.666666666666664,97.0,124.66666666666667,6,402,474,23.0,33.153333333333336,0.6453703703703705,0.727037037037037,active,活跃/运动,2,2026-07-13
2026-07-12 18:30:00+00:00,79.0,49.0,96.0,135.0,6,57,108,21.5,33.166666666666664,0.6777777777777777,0.7106481481481483,stressed,压力偏高,2,2026-07-13
2026-07-12 19:00:00+00:00,79.16666666666667,40.5,97.0,126.0,6,349,414,19.5,33.14999999999999,0.7005555555555557,0.6796296296296296,active,活跃/运动,3,2026-07-13
2026-07-12 19:30:00+00:00,74.83333333333333,37.666666666666664,95.5,128.0,6,110,73,17.5,33.19666666666667,0.6948148148148147,0.7069907407407408,stressed,压力偏高,3,2026-07-13
2026-07-12 20:00:00+00:00,83.66666666666667,42.166666666666664,96.0,126.0,6,102,202,15.5,33.14333333333333,0.7548148148148149,0.7121990740740741,stressed,压力偏高,4,2026-07-13
2026-07-12 20:30:00+00:00,76.75,39.25,96.0,121.0,4,386,197,15.0,33.28666666666666,0.6986111111111111,0.6963101851851852,active,活跃/运动,4,2026-07-13
2026-07-12 21:00:00+00:00,72.2,41.0,96.5,129.0,5,251,161,15.0,33.30000000000001,0.637,0.6754305555555555,stressed,压力偏高,5,2026-07-13
2026-07-12 21:30:00+00:00,72.83333333333333,46.333333333333336,97.0,123.0,6,47,70,15.0,33.28666666666666,0.6112962962962962,0.6479305555555555,stressed,压力偏高,5,2026-07-13
2026-07-12 22:00:00+00:00,73.0,46.666666666666664,95.0,126.5,6,63,125,15.0,33.239999999999995,0.6448148148148148,0.6224444444444445,stressed,压力偏高,6,2026-07-13
2026-07-12 22:30:00+00:00,73.0,50.0,97.0,129.33333333333334,6,68,93,15.0,33.276666666666664,0.5966666666666668,0.5617129629629629,calm,平静,6,2026-07-13
2026-07-12 23:00:00+00:00,57.5,66.33333333333333,95.5,117.0,6,11,18,15.0,34.17333333333333,0.39407407407407413,0.51625,calm,平静,7,2026-07-13
2026-07-12 23:30:00+00:00,59.166666666666664,64.0,95.0,116.5,6,0,0,15.0,34.17666666666666,0.4294444444444444,0.4629166666666667,calm,平静,7,2026-07-13
2026-07-13 00:00:00+00:00,58.166666666666664,63.166666666666664,94.5,118.5,6,0,0,15.0,34.07666666666667,0.43148148148148147,0.4174537037037037,calm,平静,8,2026-07-13
2026-07-13 00:30:00+00:00,58.166666666666664,63.166666666666664,95.5,121.5,6,0,0,15.0,34.22666666666667,0.41481481481481486,0.4124537037037037,calm,平静,8,2026-07-13
2026-07-13 01:00:00+00:00,56.333333333333336,66.33333333333333,96.0,121.0,6,0,0,15.0,34.20333333333333,0.3740740740740741,0.4034259259259259,calm,平静,9,2026-07-13
2026-07-13 01:30:00+00:00,58.333333333333336,66.5,96.0,112.0,6,11,5,15.0,34.24666666666666,0.3933333333333333,0.391712962962963,calm,平静,9,2026-07-13
2026-07-13 02:00:00+00:00,57.0,67.33333333333333,95.5,121.5,6,6,19,15.0,34.21333333333334,0.38462962962962965,0.3974537037037037,calm,平静,10,2026-07-13
2026-07-13 02:30:00+00:00,58.0,59.5,95.0,115.0,6,9,1,15.0,34.153333333333336,0.4377777777777778,0.40634259259259264,calm,平静,10,2026-07-13
2026-07-13 03:00:00+00:00,58.333333333333336,62.833333333333336,96.0,118.5,6,0,0,15.0,34.17666666666666,0.4096296296296297,0.40055555555555555,calm,平静,11,2026-07-13
2026-07-13 03:30:00+00:00,55.5,65.33333333333333,96.0,128.0,6,17,33,15.0,34.263333333333335,0.3701851851851852,0.40087962962962964,calm,平静,11,2026-07-13
2026-07-13 04:00:00+00:00,57.0,72.66666666666667,92.5,115.0,6,11,70,15.0,34.22666666666666,0.3859259259259259,0.40222222222222226,calm,平静,12,2026-07-13
2026-07-13 04:30:00+00:00,56.833333333333336,55.666666666666664,95.0,127.5,6,0,0,15.0,34.17666666666666,0.4431481481481482,0.4016666666666667,calm,平静,12,2026-07-13
2026-07-13 05:00:00+00:00,57.666666666666664,61.833333333333336,96.0,112.5,6,0,0,15.0,34.25333333333333,0.40740740740740744,0.4194537037037037,calm,平静,13,2026-07-13
2026-07-13 05:30:00+00:00,59.8,59.0,96.0,117.5,5,0,0,15.0,34.20666666666666,0.44133333333333336,0.42621296296296296,calm,平静,13,2026-07-13
2026-07-13 06:00:00+00:00,59.666666666666664,61.333333333333336,97.0,113.0,6,0,0,15.0,34.29333333333334,0.412962962962963,0.4142222222222222,calm,平静,14,2026-07-13
2026-07-13 06:30:00+00:00,57.333333333333336,56.333333333333336,98.0,114.0,6,0,0,15.0,34.196666666666665,0.3951851851851852,0.4578796296296297,calm,平静,14,2026-07-13
2026-07-13 07:00:00+00:00,67.5,44.666666666666664,96.0,125.0,6,701,670,15.0,33.21333333333333,0.582037037037037,0.49805555555555553,active,活跃/运动,15,2026-07-13
2026-07-13 07:30:00+00:00,70.0,40.166666666666664,97.5,125.5,6,65,20,15.0,33.33,0.602037037037037,0.554675925925926,stressed,压力偏高,15,2026-07-13
2026-07-13 08:00:00+00:00,75.16666666666667,49.0,96.0,126.0,6,377,150,15.0,33.19,0.6394444444444445,0.6037962962962963,active,活跃/运动,16,2026-07-13
2026-07-13 08:30:00+00:00,73.83333333333333,53.0,97.0,129.0,6,316,204,15.0,33.126666666666665,0.5916666666666667,0.6193703703703703,active,活跃/运动,16,2026-07-13
2026-07-13 09:00:00+00:00,75.4,42.8,97.5,123.0,5,96,156,15.0,33.14666666666666,0.6443333333333334,0.6427962962962963,stressed,压力偏高,17,2026-07-13
2026-07-13 09:30:00+00:00,78.33333333333333,45.333333333333336,95.5,119.5,6,52,44,15.0,33.14,0.6957407407407407,0.638837962962963,stressed,压力偏高,17,2026-07-13
2026-07-13 10:00:00+00:00,76.0,45.0,,,5,59,21,15.0,33.20666666666668,0.6236111111111111,0.6718935185185185,stressed,压力偏高,18,2026-07-13
2026-07-13 10:30:00+00:00,80.2,43.2,95.5,129.5,5,440,359,15.0,33.20333333333333,0.7238888888888889,0.6829861111111111,active,活跃/运动,18,2026-07-13
2026-07-13 11:00:00+00:00,80.0,50.666666666666664,95.5,134.0,6,55,163,15.0,33.06666666666666,0.6887037037037037,0.6957175925925926,stressed,压力偏高,19,2026-07-13
2026-07-13 11:30:00+00:00,78.83333333333333,35.0,95.5,124.5,6,24,103,15.0,33.11999999999999,0.7466666666666667,0.7199537037037036,stressed,压力偏高,19,2026-07-13
2026-07-13 12:00:00+00:00,80.33333333333333,40.5,96.5,132.5,6,360,247,15.0,33.129999999999995,0.7205555555555555,0.7127314814814815,active,活跃/运动,20,2026-07-13
2026-07-13 12:30:00+00:00,79.83333333333333,47.0,96.0,119.0,6,337,400,15.0,33.10666666666667,0.695,0.72625,active,活跃/运动,20,2026-07-13
2026-07-13 13:00:00+00:00,81.33333333333333,41.5,95.5,125.5,6,373,174,15.0,33.11333333333334,0.7427777777777776,0.7132407407407407,active,活跃/运动,21,2026-07-13
2026-07-13 13:30:00+00:00,83.5,47.833333333333336,98.0,125.5,6,99,81,15.0,33.17,0.6946296296296296,0.7144907407407406,stressed,压力偏高,21,2026-07-13
2026-07-13 14:00:00+00:00,82.16666666666667,43.5,96.5,131.5,6,349,106,15.0,33.0,0.7255555555555556,0.7215277777777778,active,活跃/运动,22,2026-07-13
2026-07-13 14:30:00+00:00,83.33333333333333,46.666666666666664,96.5,127.0,6,399,261,15.0,33.163333333333334,0.7231481481481482,0.7062037037037037,active,活跃/运动,22,2026-07-13
2026-07-13 15:00:00+00:00,81.83333333333333,52.666666666666664,96.5,128.0,6,236,149,15.0,33.24000000000001,0.6814814814814815,0.7101851851851853,stressed,压力偏高,23,2026-07-13
2026-07-13 15:30:00+00:00,80.66666666666667,43.5,96.5,131.5,6,80,105,15.0,33.17,0.7105555555555557,0.7180092592592594,stressed,压力偏高,23,2026-07-13
2026-07-13 16:00:00+00:00,81.83333333333333,41.333333333333336,95.0,126.5,6,887,914,15.0,33.22,0.7568518518518519,0.7229629629629629,active,活跃/运动,0,2026-07-14
2026-07-13 16:30:00+00:00,86.33333333333333,43.333333333333336,98.0,130.0,6,57,175,15.0,33.24333333333334,0.7429629629629628,0.7346759259259259,stressed,压力偏高,0,2026-07-14
2026-07-13 17:00:00+00:00,79.2,36.2,96.5,122.0,5,910,663,15.0,33.230000000000004,0.7283333333333334,0.7343055555555555,active,活跃/运动,1,2026-07-14
2026-07-13 17:30:00+00:00,80.83333333333333,42.333333333333336,97.0,126.5,6,23,57,15.0,33.263333333333335,0.7090740740740741,0.720324074074074,stressed,压力偏高,1,2026-07-14
2026-07-13 18:00:00+00:00,81.83333333333333,45.166666666666664,97.33333333333333,128.0,6,363,148,15.0,33.20666666666666,0.7009259259259258,0.7040740740740741,active,活跃/运动,2,2026-07-14
2026-07-13 18:30:00+00:00,78.83333333333333,37.333333333333336,99.0,109.0,6,51,102,15.0,33.19333333333333,0.6779629629629628,0.6970370370370369,stressed,压力偏高,2,2026-07-14
2026-07-13 19:00:00+00:00,79.83333333333333,38.333333333333336,98.0,130.5,6,426,219,15.0,33.22666666666666,0.7001851851851851,0.6677777777777777,active,活跃/运动,3,2026-07-14
2026-07-13 19:30:00+00:00,74.33333333333333,52.166666666666664,97.5,128.0,6,40,74,15.0,33.17333333333333,0.592037037037037,0.6567283950617283,calm,平静,3,2026-07-14
2026-07-13 20:00:00+00:00,,,,,0,0,0,60.0,23.916666666666664,,0.6461111111111111,unknown,数据不足,4,2026-07-14
2026-07-13 20:30:00+00:00,,,,,0,0,0,100.0,23.970000000000002,,0.585925925925926,unknown,数据不足,4,2026-07-14
2026-07-13 21:00:00+00:00,73.66666666666667,57.166666666666664,96.5,117.0,6,205,220,98.5,33.18666666666667,0.5798148148148149,0.6390740740740741,calm,平静,5,2026-07-14
2026-07-13 21:30:00+00:00,78.83333333333333,44.0,96.0,126.0,6,189,298,96.5,33.230000000000004,0.6983333333333334,0.6186049382716049,stressed,压力偏高,5,2026-07-14
2026-07-13 22:00:00+00:00,73.8,54.2,97.5,121.5,5,76,84,95.0,33.083333333333336,0.5776666666666667,0.6138611111111112,calm,平静,6,2026-07-14
2026-07-13 22:30:00+00:00,72.33333333333333,47.833333333333336,97.0,132.0,6,377,127,93.5,33.21000000000001,0.5996296296296296,0.5778425925925925,active,活跃/运动,6,2026-07-14
2026-07-13 23:00:00+00:00,58.166666666666664,60.333333333333336,95.0,122.5,6,7,8,91.5,34.18666666666667,0.43574074074074065,0.5131666666666667,calm,平静,7,2026-07-14
2026-07-13 23:30:00+00:00,58.5,58.333333333333336,95.5,122.0,6,11,22,89.5,34.14,0.4396296296296296,0.4674722222222222,calm,平静,7,2026-07-14
2026-07-14 00:00:00+00:00,58.6,63.0,97.0,115.5,5,0,0,87.5,34.13666666666667,0.39488888888888884,0.4220555555555555,calm,平静,8,2026-07-14
2026-07-14 00:30:00+00:00,57.0,59.833333333333336,95.5,114.5,6,0,0,86.0,34.27333333333333,0.417962962962963,0.4139074074074074,calm,平静,8,2026-07-14
2026-07-14 01:00:00+00:00,57.5,66.16666666666667,95.0,122.5,6,0,0,84.5,34.160000000000004,0.40314814814814814,0.4206203703703704,calm,平静,9,2026-07-14
2026-07-14 01:30:00+00:00,58.333333333333336,55.666666666666664,94.5,113.5,6,12,2,82.5,34.17,0.4664814814814816,0.4325000000000001,calm,平静,9,2026-07-14
2026-07-14 02:00:00+00:00,56.333333333333336,52.833333333333336,95.5,118.0,6,0,0,80.5,34.25333333333333,0.44240740740740747,0.4399537037037038,calm,平静,10,2026-07-14
2026-07-14 02:30:00+00:00,57.333333333333336,59.5,94.0,118.5,6,0,0,78.5,34.20333333333333,0.44777777777777783,0.44976851851851857,calm,平静,10,2026-07-14
2026-07-14 03:00:00+00:00,57.666666666666664,55.833333333333336,95.5,120.5,6,11,22,77.0,34.226666666666674,0.44240740740740747,0.4472222222222223,calm,平静,11,2026-07-14
2026-07-14 03:30:00+00:00,58.333333333333336,59.833333333333336,94.0,120.0,6,0,0,75.5,34.27333333333333,0.4562962962962963,0.44378703703703704,calm,平静,11,2026-07-14
2026-07-14 04:00:00+00:00,57.4,60.2,95.0,113.5,5,0,0,73.5,34.166666666666664,0.42866666666666664,0.4324907407407408,calm,平静,12,2026-07-14
2026-07-14 04:30:00+00:00,56.666666666666664,68.16666666666667,90.0,114.0,6,0,0,71.5,34.14,0.4025925925925926,0.4362870370370371,calm,平静,12,2026-07-14
2026-07-14 05:00:00+00:00,57.833333333333336,54.666666666666664,95.0,126.0,6,0,0,69.5,34.2,0.45759259259259266,0.43494444444444447,calm,平静,13,2026-07-14
2026-07-14 05:30:00+00:00,57.5,59.166666666666664,93.5,122.5,6,12,4,68.0,34.239999999999995,0.45092592592592595,0.44199074074074074,calm,平静,13,2026-07-14
2026-07-14 06:00:00+00:00,58.833333333333336,60.833333333333336,93.0,126.5,6,0,0,66.5,34.24333333333334,0.45685185185185184,0.4438888888888889,calm,平静,14,2026-07-14
2026-07-14 06:30:00+00:00,58.166666666666664,62.333333333333336,96.0,124.0,6,4,4,64.5,34.07333333333333,0.4101851851851852,0.47638888888888886,calm,平静,14,2026-07-14
2026-07-14 07:00:00+00:00,70.0,47.166666666666664,96.5,127.0,6,143,172,62.5,33.233333333333334,0.5875925925925927,0.5133796296296296,calm,平静,15,2026-07-14
2026-07-14 07:30:00+00:00,71.66666666666667,46.5,97.0,124.5,6,61,73,60.5,33.193333333333335,0.5988888888888889,0.5588333333333334,calm,平静,15,2026-07-14
2026-07-14 08:00:00+00:00,72.6,43.4,96.0,127.0,5,922,781,59.0,33.14333333333333,0.6386666666666666,0.6161944444444445,active,活跃/运动,16,2026-07-14
2026-07-14 08:30:00+00:00,75.33333333333333,49.333333333333336,96.0,123.5,6,85,47,57.5,33.13333333333333,0.6396296296296295,0.6427685185185186,stressed,压力偏高,16,2026-07-14
2026-07-14 09:00:00+00:00,75.5,37.5,96.0,129.0,6,8,123,55.5,33.25333333333333,0.6938888888888889,0.6577685185185185,stressed,压力偏高,17,2026-07-14
2026-07-14 09:30:00+00:00,75.66666666666667,42.0,97.0,133.0,6,54,60,53.5,33.18666666666667,0.658888888888889,0.6559259259259259,stressed,压力偏高,17,2026-07-14
2026-07-14 10:00:00+00:00,75.33333333333333,41.833333333333336,98.5,131.0,6,47,126,51.5,33.230000000000004,0.6312962962962962,0.7016203703703704,stressed,压力偏高,18,2026-07-14
2026-07-14 10:30:00+00:00,89.16666666666667,41.833333333333336,95.33333333333333,126.33333333333333,6,699,421,50.0,33.1,0.8224074074074075,0.7028425925925926,active,活跃/运动,18,2026-07-14
2026-07-14 11:00:00+00:00,79.8,44.2,96.5,130.0,5,266,212,48.5,33.10666666666667,0.6987777777777777,0.7246944444444444,stressed,压力偏高,19,2026-07-14
2026-07-14 11:30:00+00:00,83.33333333333333,43.333333333333336,96.0,122.0,6,462,489,46.5,33.21333333333333,0.7462962962962962,0.7454351851851853,active,活跃/运动,19,2026-07-14
2026-07-14 12:00:00+00:00,80.16666666666667,39.666666666666664,97.0,122.5,6,1349,757,44.5,33.13333333333333,0.7142592592592593,0.7137222222222223,active,活跃/运动,20,2026-07-14
2026-07-14 12:30:00+00:00,79.4,38.4,98.0,119.0,5,313,153,42.5,33.22666666666666,0.6955555555555556,0.7110185185185185,active,活跃/运动,20,2026-07-14
2026-07-14 13:00:00+00:00,79.16666666666667,43.333333333333336,97.0,121.33333333333333,6,393,141,41.0,33.24,0.687962962962963,0.7260185185185186,active,活跃/运动,21,2026-07-14
2026-07-14 13:30:00+00:00,83.33333333333333,37.333333333333336,93.5,130.5,6,102,82,39.5,33.19,0.8062962962962963,0.7299537037037036,stressed,压力偏高,21,2026-07-14
2026-07-14 14:00:00+00:00,81.5,41.0,96.5,123.5,6,126,86,37.5,33.17666666666666,0.73,0.7327314814814815,stressed,压力偏高,22,2026-07-14
2026-07-14 14:30:00+00:00,80.8,42.8,97.0,123.5,5,73,88,35.5,33.096666666666664,0.7066666666666667,0.7466574074074074,stressed,压力偏高,22,2026-07-14
2026-07-14 15:00:00+00:00,83.8,35.6,98.5,127.5,5,72,119,33.5,33.153333333333336,0.7436666666666667,0.7251759259259261,stressed,压力偏高,23,2026-07-14
2026-07-14 15:30:00+00:00,81.0,40.166666666666664,97.0,126.5,6,211,242,32.0,33.230000000000004,0.7203703703703704,0.7389259259259259,stressed,压力偏高,23,2026-07-14
2026-07-14 16:00:00+00:00,84.6,35.6,96.5,122.5,5,86,72,30.5,33.07666666666667,0.785,0.7285092592592592,stressed,压力偏高,0,2026-07-15
2026-07-14 16:30:00+00:00,77.83333333333333,45.5,97.0,126.5,6,61,37,28.5,33.25,0.6649999999999999,0.7189814814814816,stressed,压力偏高,0,2026-07-15
2026-07-14 17:00:00+00:00,80.16666666666667,43.5,96.5,126.5,6,143,216,26.5,33.120000000000005,0.7055555555555556,0.7165740740740741,stressed,压力偏高,1,2026-07-15
2026-07-14 17:30:00+00:00,80.5,46.833333333333336,95.5,130.0,6,1284,485,24.5,33.19,0.7107407407407408,0.7073611111111111,active,活跃/运动,1,2026-07-15
2026-07-14 18:00:00+00:00,81.5,40.666666666666664,95.5,126.5,6,61,104,23.0,33.17,0.7481481481481481,0.7324537037037038,stressed,压力偏高,2,2026-07-15
2026-07-14 18:30:00+00:00,86.5,46.166666666666664,96.0,132.0,6,27,104,21.5,33.20666666666666,0.7653703703703704,0.7196296296296296,stressed,压力偏高,2,2026-07-15
2026-07-14 19:00:00+00:00,79.83333333333333,48.666666666666664,98.0,127.5,6,190,164,19.5,33.29666666666667,0.6542592592592593,0.6986111111111111,stressed,压力偏高,3,2026-07-15
2026-07-14 19:30:00+00:00,74.66666666666667,47.0,97.0,124.0,6,227,199,17.5,33.220000000000006,0.6266666666666667,0.6936111111111112,stressed,压力偏高,3,2026-07-15
2026-07-14 20:00:00+00:00,79.83333333333333,37.666666666666664,96.5,127.0,6,244,247,15.5,33.160000000000004,0.7281481481481481,0.6742592592592592,stressed,压力偏高,4,2026-07-15
2026-07-14 20:30:00+00:00,75.66666666666667,37.333333333333336,96.5,120.0,6,42,68,15.0,33.27,0.687962962962963,0.6797222222222222,stressed,压力偏高,4,2026-07-15
2026-07-14 21:00:00+00:00,76.0,44.5,95.5,133.5,6,472,201,15.0,33.32666666666667,0.6761111111111112,0.6919444444444445,active,活跃/运动,5,2026-07-15
2026-07-14 21:30:00+00:00,77.66666666666667,46.5,96.0,124.0,6,552,453,15.0,33.233333333333334,0.6755555555555556,0.647824074074074,active,活跃/运动,5,2026-07-15
2026-07-14 22:00:00+00:00,68.83333333333333,52.0,96.66666666666667,130.33333333333334,6,97,113,15.0,33.21,0.5516666666666665,0.6149537037037037,calm,平静,6,2026-07-15
2026-07-14 22:30:00+00:00,71.0,52.666666666666664,97.5,126.0,6,199,311,15.0,33.21666666666667,0.5564814814814816,0.5599074074074074,active,活跃/运动,6,2026-07-15
2026-07-14 23:00:00+00:00,58.0,59.166666666666664,93.0,117.5,6,0,0,15.0,34.21999999999999,0.45592592592592596,0.4896759259259259,calm,平静,7,2026-07-15
2026-07-14 23:30:00+00:00,58.666666666666664,68.83333333333333,95.5,116.5,6,6,18,15.0,34.196666666666665,0.39462962962962966,0.46901234567901234,calm,平静,7,2026-07-15
