time,hr,hrv,spo2,respRate,hrSuccess,spo2Success
2026-07-01T00:00:00.000Z,59,67,93,120,true,true
2026-07-01T00:02:30.000Z,18,0,18,0,false,false
2026-07-01T00:05:00.000Z,57,65,18,0,true,false
2026-07-01T00:07:30.000Z,18,0,18,0,false,false
2026-07-01T00:10:00.000Z,57,54,18,0,true,false
2026-07-01T00:12:30.000Z,18,0,18,0,false,false
2026-07-01T00:15:00.000Z,57,95,95,131,true,true
2026-07-01T00:17:30.000Z,18,0,18,0,false,false
2026-07-01T00:20:00.000Z,60,44,18,0,true,false
2026-07-01T00:22:30.000Z,18,0,18,0,false,false
2026-07-01T00:25:00.000Z,61,67,18,0,true,false
2026-07-01T00:27:30.000Z,18,0,18,0,false,false
2026-07-01T00:30:00.000Z,57,41,97,123,true,true
2026-07-01T00:32:30.000Z,18,0,18,0,false,false
2026-07-01T00:35:00.000Z,59,59,18,0,true,false
2026-07-01T00:37:30.000Z,18,0,18,0,false,false
2026-07-01T00:40:00.000Z,57,90,18,0,true,false
2026-07-01T00:42:30.000Z,18,0,18,0,false,false
2026-07-01T00:45:00.000Z,55,80,96,121,true,true
2026-07-01T00:47:30.000Z,18,0,18,0,false,false
2026-07-01T00:50:00.000Z,18,0,18,0,false,false
2026-07-01T00:52:30.000Z,18,0,18,0,false,false
2026-07-01T00:55:00.000Z,58,40,18,0,true,false
2026-07-01T00:57:30.000Z,18,0,18,0,false,false
2026-07-01T01:00:00.000Z,56,63,94,117,true,true
2026-07-01T01:02:30.000Z,18,0,18,0,false,false
2026-07-01T01:05:00.000Z,57,46,18,0,true,false
2026-07-01T01:07:30.000Z,18,0,18,0,false,false
2026-07-01T01:10:00.000Z,55,58,18,0,true,false
2026-07-01T01:12:30.000Z,18,0,18,0,false,false
2026-07-01T01:15:00.000Z,62,48,95,125,true,true
2026-07-01T01:17:30.000Z,18,0,18,0,false,false
2026-07-01T01:20:00.000Z,58,72,18,0,true,false
2026-07-01T01:22:30.000Z,18,0,18,0,false,false
2026-07-01T01:25:00.000Z,63,61,18,0,true,false
2026-07-01T01:27:30.000Z,18,0,18,0,false,false
2026-07-01T01:30:00.000Z,56,86,96,119,true,true
2026-07-01T01:32:30.000Z,18,0,18,0,false,false
2026-07-01T01:35:00.000Z,57,71,18,0,true,false
2026-07-01T01:37:30.000Z,18,0,18,0,false,false
2026-07-01T01:40:00.000Z,61,62,18,0,true,false
2026-07-01T01:42:30.000Z,18,0,18,0,false,false
2026-07-01T01:45:00.000Z,57,70,96,126,true,true
2026-07-01T01:47:30.000Z,18,0,18,0,false,false
2026-07-01T01:50:00.000Z,61,40,18,0,true,false
2026-07-01T01:52:30.000Z,18,0,18,0,false,false
2026-07-01T01:55:00.000Z,57,54,18,0,true,false
2026-07-01T01:57:30.000Z,18,0,18,0,false,false
2026-07-01T02:00:00.000Z,59,65,96,116,true,true
2026-07-01T02:02:30.000Z,18,0,18,0,false,false
2026-07-01T02:05:00.000Z,57,54,18,0,true,false
2026-07-01T02:07:30.000Z,18,0,18,0,false,false
2026-07-01T02:10:00.000Z,54,65,18,0,true,false
2026-07-01T02:12:30.000Z,18,0,18,0,false,false
2026-07-01T02:15:00.000Z,56,70,96,119,true,true
2026-07-01T02:17:30.000Z,18,0,18,0,false,false
2026-07-01T02:20:00.000Z,57,54,18,0,true,false
2026-07-01T02:22:30.000Z,18,0,18,0,false,false
2026-07-01T02:25:00.000Z,56,67,18,0,true,false
2026-07-01T02:27:30.000Z,18,0,18,0,false,false
2026-07-01T02:30:00.000Z,58,67,96,122,true,true
2026-07-01T02:32:30.000Z,18,0,18,0,false,false
2026-07-01T02:35:00.000Z,58,50,18,0,true,false
2026-07-01T02:37:30.000Z,18,0,18,0,false,false
2026-07-01T02:40:00.000Z,58,49,18,0,true,false
2026-07-01T02:42:30.000Z,18,0,18,0,false,false
2026-07-01T02:45:00.000Z,61,44,96,120,true,true
2026-07-01T02:47:30.000Z,18,0,18,0,false,false
2026-07-01T02:50:00.000Z,57,57,18,0,true,false
2026-07-01T02:52:30.000Z,18,0,18,0,false,false
2026-07-01T02:55:00.000Z,58,86,18,0,true,false
2026-07-01T02:57:30.000Z,18,0,18,0,false,false
2026-07-01T03:00:00.000Z,55,64,96,116,true,true
2026-07-01T03:02:30.000Z,18,0,18,0,false,false
2026-07-01T03:05:00.000Z,60,68,18,0,true,false
2026-07-01T03:07:30.000Z,18,0,18,0,false,false
2026-07-01T03:10:00.000Z,18,0,18,0,false,false
2026-07-01T03:12:30.000Z,18,0,18,0,false,false
2026-07-01T03:15:00.000Z,58,44,94,121,true,true
2026-07-01T03:17:30.000Z,18,0,18,0,false,false
2026-07-01T03:20:00.000Z,58,50,18,0,true,false
2026-07-01T03:22:30.000Z,18,0,18,0,false,false
2026-07-01T03:25:00.000Z,57,71,18,0,true,false
2026-07-01T03:27:30.000Z,18,0,18,0,false,false
2026-07-01T03:30:00.000Z,61,48,97,118,true,true
2026-07-01T03:32:30.000Z,18,0,18,0,false,false
2026-07-01T03:35:00.000Z,57,75,18,0,true,false
2026-07-01T03:37:30.000Z,18,0,18,0,false,false
2026-07-01T03:40:00.000Z,55,64,18,0,true,false
2026-07-01T03:42:30.000Z,18,0,18,0,false,false
2026-07-01T03:45:00.000Z,58,69,92,114,true,true
2026-07-01T03:47:30.000Z,18,0,18,0,false,false
2026-07-01T03:50:00.000Z,58,73,18,0,true,false
2026-07-01T03:52:30.000Z,18,0,18,0,false,false
2026-07-01T03:55:00.000Z,58,58,18,0,true,false
2026-07-01T03:57:30.000Z,18,0,18,0,false,false
2026-07-01T04:00:00.000Z,58,60,96,115,true,true
2026-07-01T04:02:30.000Z,18,0,18,0,false,false
2026-07-01T04:05:00.000Z,63,61,18,0,true,false
2026-07-01T04:07:30.000Z,18,0,18,0,false,false
2026-07-01T04:10:00.000Z,59,61,18,0,true,false
2026-07-01T04:12:30.000Z,18,0,18,0,false,false
2026-07-01T04:15:00.000Z,61,47,95,120,true,true
2026-07-01T04:17:30.000Z,18,0,18,0,false,false
2026-07-01T04:20:00.000Z,57,56,18,0,true,false
2026-07-01T04:22:30.000Z,18,0,18,0,false,false
2026-07-01T04:25:00.000Z,59,66,18,0,true,false
2026-07-01T04:27:30.000Z,18,0,18,0,false,false
2026-07-01T04:30:00.000Z,62,88,95,108,true,true
2026-07-01T04:32:30.000Z,18,0,18,0,false,false
2026-07-01T04:35:00.000Z,57,36,18,0,true,false
2026-07-01T04:37:30.000Z,18,0,18,0,false,false
2026-07-01T04:40:00.000Z,61,64,18,0,true,false
2026-07-01T04:42:30.000Z,18,0,18,0,false,false
2026-07-01T04:45:00.000Z,58,61,94,118,true,true
2026-07-01T04:47:30.000Z,18,0,18,0,false,false
2026-07-01T04:50:00.000Z,60,54,18,0,true,false
2026-07-01T04:52:30.000Z,18,0,18,0,false,false
2026-07-01T04:55:00.000Z,18,0,18,0,false,false
2026-07-01T04:57:30.000Z,18,0,18,0,false,false
2026-07-01T05:00:00.000Z,56,87,95,119,true,true
2026-07-01T05:02:30.000Z,18,0,18,0,false,false
2026-07-01T05:05:00.000Z,57,52,18,0,true,false
2026-07-01T05:07:30.000Z,18,0,18,0,false,false
2026-07-01T05:10:00.000Z,60,46,18,0,true,false
2026-07-01T05:12:30.000Z,18,0,18,0,false,false
2026-07-01T05:15:00.000Z,57,63,96,122,true,true
2026-07-01T05:17:30.000Z,18,0,18,0,false,false
2026-07-01T05:20:00.000Z,56,64,18,0,true,false
2026-07-01T05:22:30.000Z,18,0,18,0,false,false
2026-07-01T05:25:00.000Z,58,56,18,0,true,false
2026-07-01T05:27:30.000Z,18,0,18,0,false,false
2026-07-01T05:30:00.000Z,56,56,95,118,true,true
2026-07-01T05:32:30.000Z,18,0,18,0,false,false
2026-07-01T05:35:00.000Z,58,75,18,0,true,false
2026-07-01T05:37:30.000Z,18,0,18,0,false,false
2026-07-01T05:40:00.000Z,59,36,18,0,true,false
2026-07-01T05:42:30.000Z,18,0,18,0,false,false
2026-07-01T05:45:00.000Z,59,59,95,117,true,true
2026-07-01T05:47:30.000Z,18,0,18,0,false,false
2026-07-01T05:50:00.000Z,58,62,18,0,true,false
2026-07-01T05:52:30.000Z,18,0,18,0,false,false
2026-07-01T05:55:00.000Z,59,87,18,0,true,false
2026-07-01T05:57:30.000Z,18,0,18,0,false,false
2026-07-01T06:00:00.000Z,59,45,95,122,true,true
2026-07-01T06:02:30.000Z,18,0,18,0,false,false
2026-07-01T06:05:00.000Z,55,46,18,0,true,false
2026-07-01T06:07:30.000Z,18,0,18,0,false,false
2026-07-01T06:10:00.000Z,58,44,18,0,true,false
2026-07-01T06:12:30.000Z,18,0,18,0,false,false
2026-07-01T06:15:00.000Z,60,57,95,125,true,true
2026-07-01T06:17:30.000Z,18,0,18,0,false,false
2026-07-01T06:20:00.000Z,57,69,18,0,true,false
2026-07-01T06:22:30.000Z,18,0,18,0,false,false
2026-07-01T06:25:00.000Z,56,67,18,0,true,false
2026-07-01T06:27:30.000Z,18,0,18,0,false,false
2026-07-01T06:30:00.000Z,55,59,97,128,true,true
2026-07-01T06:32:30.000Z,18,0,18,0,false,false
2026-07-01T06:35:00.000Z,57,57,18,0,true,false
2026-07-01T06:37:30.000Z,18,0,18,0,false,false
2026-07-01T06:40:00.000Z,58,66,18,0,true,false
2026-07-01T06:42:30.000Z,18,0,18,0,false,false
2026-07-01T06:45:00.000Z,59,67,96,119,true,true
2026-07-01T06:47:30.000Z,18,0,18,0,false,false
2026-07-01T06:50:00.000Z,58,42,18,0,true,false
2026-07-01T06:52:30.000Z,18,0,18,0,false,false
2026-07-01T06:55:00.000Z,57,60,18,0,true,false
2026-07-01T06:57:30.000Z,18,0,18,0,false,false
2026-07-01T07:00:00.000Z,68,51,18,0,true,false
2026-07-01T07:02:30.000Z,18,0,95,125,false,true
2026-07-01T07:05:00.000Z,74,63,18,0,true,false
2026-07-01T07:07:30.000Z,18,0,18,0,false,false
2026-07-01T07:10:00.000Z,73,70,18,0,true,false
2026-07-01T07:12:30.000Z,18,0,18,0,false,false
2026-07-01T07:15:00.000Z,73,38,18,0,true,false
2026-07-01T07:17:30.000Z,18,0,18,0,false,false
2026-07-01T07:20:00.000Z,70,47,18,0,true,false
2026-07-01T07:22:30.000Z,18,0,18,0,false,false
2026-07-01T07:25:00.000Z,68,54,18,0,true,false
2026-07-01T07:27:30.000Z,18,0,96,120,false,true
2026-07-01T07:30:00.000Z,78,46,18,0,true,false
2026-07-01T07:32:30.000Z,18,0,18,0,false,false
2026-07-01T07:35:00.000Z,76,42,18,0,true,false
2026-07-01T07:37:30.000Z,18,0,18,0,false,false
2026-07-01T07:40:00.000Z,71,43,18,0,true,false
2026-07-01T07:42:30.000Z,18,0,95,121,false,true
2026-07-01T07:45:00.000Z,80,36,18,0,true,false
2026-07-01T07:47:30.000Z,18,0,18,0,false,false
2026-07-01T07:50:00.000Z,76,45,18,0,true,false
2026-07-01T07:52:30.000Z,18,0,18,0,false,false
2026-07-01T07:55:00.000Z,74,38,97,138,true,true
2026-07-01T07:57:30.000Z,18,0,18,0,false,false
2026-07-01T08:00:00.000Z,76,32,18,0,true,false
2026-07-01T08:02:30.000Z,18,0,18,0,false,false
2026-07-01T08:05:00.000Z,64,42,18,0,true,false
2026-07-01T08:07:30.000Z,18,0,18,0,false,false
2026-07-01T08:10:00.000Z,74,47,95,134,true,true
2026-07-01T08:12:30.000Z,18,0,18,0,false,false
2026-07-01T08:15:00.000Z,74,44,18,0,true,false
2026-07-01T08:17:30.000Z,18,0,18,0,false,false
2026-07-01T08:20:00.000Z,77,46,18,0,true,false
2026-07-01T08:22:30.000Z,18,0,95,127,false,true
2026-07-01T08:25:00.000Z,77,43,18,0,true,false
2026-07-01T08:27:30.000Z,18,0,18,0,false,false
2026-07-01T08:30:00.000Z,77,44,18,0,true,false
2026-07-01T08:32:30.000Z,18,0,18,0,false,false
2026-07-01T08:35:00.000Z,74,38,18,0,true,false
2026-07-01T08:37:30.000Z,18,0,18,0,false,false
2026-07-01T08:40:00.000Z,79,50,18,0,true,false
2026-07-01T08:42:30.000Z,18,0,96,130,false,true
2026-07-01T08:45:00.000Z,73,50,18,0,true,false
2026-07-01T08:47:30.000Z,18,0,18,0,false,false
2026-07-01T08:50:00.000Z,75,37,18,0,true,false
2026-07-01T08:52:30.000Z,18,0,18,0,false,false
2026-07-01T08:55:00.000Z,69,43,18,0,true,false
2026-07-01T08:57:30.000Z,18,0,98,125,false,true
2026-07-01T09:00:00.000Z,73,40,18,0,true,false
2026-07-01T09:02:30.000Z,18,0,18,0,false,false
2026-07-01T09:05:00.000Z,77,37,18,0,true,false
2026-07-01T09:07:30.000Z,18,0,18,0,false,false
2026-07-01T09:10:00.000Z,73,51,18,0,true,false
2026-07-01T09:12:30.000Z,18,0,18,0,false,false
2026-07-01T09:15:00.000Z,76,57,18,0,true,false
2026-07-01T09:17:30.000Z,18,0,18,0,false,false
2026-07-01T09:20:00.000Z,73,51,18,0,true,false
2026-07-01T09:22:30.000Z,18,0,18,0,false,false
2026-07-01T09:25:00.000Z,75,36,96,129,true,true
2026-07-01T09:27:30.000Z,18,0,18,0,false,false
2026-07-01T09:30:00.000Z,79,53,18,0,true,false
2026-07-01T09:32:30.000Z,18,0,18,0,false,false
2026-07-01T09:35:00.000Z,84,30,18,0,true,false
2026-07-01T09:37:30.000Z,18,0,18,0,false,false
2026-07-01T09:40:00.000Z,72,34,96,131,true,true
2026-07-01T09:42:30.000Z,18,0,18,0,false,false
2026-07-01T09:45:00.000Z,81,45,18,0,true,false
2026-07-01T09:47:30.000Z,18,0,18,0,false,false
2026-07-01T09:50:00.000Z,100,29,18,0,true,false
2026-07-01T09:52:30.000Z,18,0,18,0,false,false
2026-07-01T09:55:00.000Z,80,59,97,129,true,true
2026-07-01T09:57:30.000Z,18,0,18,0,false,false
2026-07-01T10:00:00.000Z,78,45,18,0,true,false
2026-07-01T10:02:30.000Z,18,0,18,0,false,false
2026-07-01T10:05:00.000Z,81,43,18,0,true,false
2026-07-01T10:07:30.000Z,18,0,18,0,false,false
2026-07-01T10:10:00.000Z,80,42,18,0,true,false
2026-07-01T10:12:30.000Z,18,0,94,124,false,true
2026-07-01T10:15:00.000Z,98,35,18,0,true,false
2026-07-01T10:17:30.000Z,18,0,18,0,false,false
2026-07-01T10:20:00.000Z,98,32,18,0,true,false
2026-07-01T10:22:30.000Z,18,0,18,0,false,false
2026-07-01T10:25:00.000Z,82,35,18,0,true,false
2026-07-01T10:27:30.000Z,18,0,18,0,false,false
2026-07-01T10:30:00.000Z,75,36,18,0,true,false
2026-07-01T10:32:30.000Z,18,0,18,0,false,false
2026-07-01T10:35:00.000Z,102,29,99,134,true,true
2026-07-01T10:37:30.000Z,18,0,18,0,false,false
2026-07-01T10:40:00.000Z,75,35,18,0,true,false
2026-07-01T10:42:30.000Z,18,0,18,0,false,false
2026-07-01T10:45:00.000Z,71,54,18,0,true,false
2026-07-01T10:47:30.000Z,18,0,18,0,false,false
2026-07-01T10:50:00.000Z,82,50,18,0,true,false
2026-07-01T10:52:30.000Z,18,0,96,131,false,true
2026-07-01T10:55:00.000Z,83,47,18,0,true,false
2026-07-01T10:57:30.000Z,18,0,18,0,false,false
2026-07-01T11:00:00.000Z,79,45,18,0,true,false
2026-07-01T11:02:30.000Z,18,0,18,0,false,false
2026-07-01T11:05:00.000Z,76,21,18,0,true,false
2026-07-01T11:07:30.000Z,18,0,18,0,false,false
2026-07-01T11:10:00.000Z,78,41,18,0,true,false
2026-07-01T11:12:30.000Z,18,0,18,0,false,false
2026-07-01T11:15:00.000Z,82,37,97,132,true,true
2026-07-01T11:17:30.000Z,18,0,18,0,false,false
2026-07-01T11:20:00.000Z,76,39,18,0,true,false
2026-07-01T11:22:30.000Z,18,0,18,0,false,false
2026-07-01T11:25:00.000Z,80,47,18,0,true,false
2026-07-01T11:27:30.000Z,18,0,18,0,false,false
2026-07-01T11:30:00.000Z,18,0,96,117,false,true
2026-07-01T11:32:30.000Z,18,0,18,0,false,false
2026-07-01T11:35:00.000Z,80,36,18,0,true,false
2026-07-01T11:37:30.000Z,18,0,18,0,false,false
2026-07-01T11:40:00.000Z,82,30,18,0,true,false
2026-07-01T11:42:30.000Z,18,0,18,0,false,false
2026-07-01T11:45:00.000Z,78,49,18,0,true,false
2026-07-01T11:47:30.000Z,18,0,96,112,false,true
2026-07-01T11:50:00.000Z,89,40,18,0,true,false
2026-07-01T11:52:30.000Z,18,0,18,0,false,false
2026-07-01T11:55:00.000Z,78,61,18,0,true,false
2026-07-01T11:57:30.000Z,18,0,18,0,false,false
2026-07-01T12:00:00.000Z,81,46,18,0,true,false
2026-07-01T12:02:30.000Z,18,0,98,128,false,true
2026-07-01T12:05:00.000Z,77,52,18,0,true,false
2026-07-01T12:07:30.000Z,18,0,18,0,false,false
2026-07-01T12:10:00.000Z,81,52,18,0,true,false
2026-07-01T12:12:30.000Z,18,0,18,0,false,false
2026-07-01T12:15:00.000Z,72,47,18,0,true,false
2026-07-01T12:17:30.000Z,18,0,95,133,false,true
2026-07-01T12:20:00.000Z,82,39,18,0,true,false
2026-07-01T12:22:30.000Z,18,0,18,0,false,false
2026-07-01T12:25:00.000Z,78,56,18,0,true,false
2026-07-01T12:27:30.000Z,18,0,18,0,false,false
2026-07-01T12:30:00.000Z,95,39,18,0,true,false
2026-07-01T12:32:30.000Z,18,0,97,126,false,true
2026-07-01T12:35:00.000Z,81,42,18,0,true,false
2026-07-01T12:37:30.000Z,18,0,18,0,false,false
2026-07-01T12:40:00.000Z,81,38,18,0,true,false
2026-07-01T12:42:30.000Z,18,0,18,0,false,false
2026-07-01T12:45:00.000Z,85,44,18,0,true,false
2026-07-01T12:47:30.000Z,18,0,95,121,false,true
2026-07-01T12:50:00.000Z,84,41,18,0,true,false
2026-07-01T12:52:30.000Z,18,0,18,0,false,false
2026-07-01T12:55:00.000Z,83,35,18,0,true,false
2026-07-01T12:57:30.000Z,18,0,18,0,false,false
2026-07-01T13:00:00.000Z,82,48,18,0,true,false
2026-07-01T13:02:30.000Z,18,0,98,129,false,true
2026-07-01T13:05:00.000Z,80,29,18,0,true,false
2026-07-01T13:07:30.000Z,18,0,18,0,false,false
2026-07-01T13:10:00.000Z,84,32,18,0,true,false
2026-07-01T13:12:30.000Z,18,0,18,0,false,false
2026-07-01T13:15:00.000Z,81,39,18,0,true,false
2026-07-01T13:17:30.000Z,18,0,97,130,false,true
2026-07-01T13:20:00.000Z,83,33,18,0,true,false
2026-07-01T13:22:30.000Z,18,0,18,0,false,false
2026-07-01T13:25:00.000Z,85,26,18,0,true,false
2026-07-01T13:27:30.000Z,18,0,18,0,false,false
2026-07-01T13:30:00.000Z,84,43,18,0,true,false
2026-07-01T13:32:30.000Z,18,0,18,0,false,false
2026-07-01T13:35:00.000Z,87,35,18,0,true,false
2026-07-01T13:37:30.000Z,18,0,98,130,false,true
2026-07-01T13:40:00.000Z,79,35,18,0,true,false
2026-07-01T13:42:30.000Z,18,0,18,0,false,false
2026-07-01T13:45:00.000Z,78,31,18,0,true,false
2026-07-01T13:47:30.000Z,18,0,18,0,false,false
2026-07-01T13:50:00.000Z,80,47,18,0,true,false
2026-07-01T13:52:30.000Z,18,0,18,0,false,false
2026-07-01T13:55:00.000Z,18,0,18,0,false,false
2026-07-01T13:57:30.000Z,18,0,97,141,false,true
2026-07-01T14:00:00.000Z,79,30,18,0,true,false
2026-07-01T14:02:30.000Z,18,0,18,0,false,false
2026-07-01T14:05:00.000Z,83,39,18,0,true,false
2026-07-01T14:07:30.000Z,18,0,18,0,false,false
2026-07-01T14:10:00.000Z,81,32,18,0,true,false
2026-07-01T14:12:30.000Z,18,0,18,0,false,false
2026-07-01T14:15:00.000Z,80,31,97,127,true,true
2026-07-01T14:17:30.000Z,18,0,18,0,false,false
2026-07-01T14:20:00.000Z,86,40,18,0,true,false
2026-07-01T14:22:30.000Z,18,0,18,0,false,false
2026-07-01T14:25:00.000Z,83,27,18,0,true,false
2026-07-01T14:27:30.000Z,18,0,18,0,false,false
2026-07-01T14:30:00.000Z,79,43,18,0,true,false
2026-07-01T14:32:30.000Z,18,0,97,128,false,true
2026-07-01T14:35:00.000Z,84,44,18,0,true,false
2026-07-01T14:37:30.000Z,18,0,18,0,false,false
2026-07-01T14:40:00.000Z,81,23,18,0,true,false
2026-07-01T14:42:30.000Z,18,0,18,0,false,false
2026-07-01T14:45:00.000Z,81,45,95,131,true,true
2026-07-01T14:47:30.000Z,18,0,18,0,false,false
2026-07-01T14:50:00.000Z,75,51,18,0,true,false
2026-07-01T14:52:30.000Z,18,0,18,0,false,false
2026-07-01T14:55:00.000Z,81,58,96,118,true,true
2026-07-01T14:57:30.000Z,18,0,18,0,false,false
2026-07-01T15:00:00.000Z,80,44,18,0,true,false
2026-07-01T15:02:30.000Z,18,0,18,0,false,false
2026-07-01T15:05:00.000Z,73,40,95,130,true,true
2026-07-01T15:07:30.000Z,18,0,18,0,false,false
2026-07-01T15:10:00.000Z,88,32,18,0,true,false
2026-07-01T15:12:30.000Z,18,0,18,0,false,false
2026-07-01T15:15:00.000Z,83,40,18,0,true,false
2026-07-01T15:17:30.000Z,18,0,18,0,false,false
2026-07-01T15:20:00.000Z,18,0,98,122,false,true
2026-07-01T15:22:30.000Z,18,0,18,0,false,false
2026-07-01T15:25:00.000Z,77,52,18,0,true,false
2026-07-01T15:27:30.000Z,18,0,18,0,false,false
2026-07-01T15:30:00.000Z,82,48,18,0,true,false
2026-07-01T15:32:30.000Z,18,0,18,0,false,false
2026-07-01T15:35:00.000Z,81,49,96,133,true,true
2026-07-01T15:37:30.000Z,18,0,18,0,false,false
2026-07-01T15:40:00.000Z,83,34,18,0,true,false
2026-07-01T15:42:30.000Z,18,0,18,0,false,false
2026-07-01T15:45:00.000Z,80,53,18,0,true,false
2026-07-01T15:47:30.000Z,18,0,18,0,false,false
2026-07-01T15:50:00.000Z,82,30,93,125,true,true
2026-07-01T15:52:30.000Z,18,0,18,0,false,false
2026-07-01T15:55:00.000Z,86,32,18,0,true,false
2026-07-01T15:57:30.000Z,18,0,18,0,false,false
2026-07-01T16:00:00.000Z,81,51,18,0,true,false
2026-07-01T16:02:30.000Z,18,0,95,137,false,true
2026-07-01T16:05:00.000Z,84,42,18,0,true,false
2026-07-01T16:07:30.000Z,18,0,18,0,false,false
2026-07-01T16:10:00.000Z,80,46,18,0,true,false
2026-07-01T16:12:30.000Z,18,0,18,0,false,false
2026-07-01T16:15:00.000Z,80,52,97,136,true,true
2026-07-01T16:17:30.000Z,18,0,18,0,false,false
2026-07-01T16:20:00.000Z,85,43,18,0,true,false
2026-07-01T16:22:30.000Z,18,0,18,0,false,false
2026-07-01T16:25:00.000Z,78,31,18,0,true,false
2026-07-01T16:27:30.000Z,18,0,18,0,false,false
2026-07-01T16:30:00.000Z,86,37,18,0,true,false
2026-07-01T16:32:30.000Z,18,0,18,0,false,false
2026-07-01T16:35:00.000Z,78,54,18,0,true,false
2026-07-01T16:37:30.000Z,18,0,18,0,false,false
2026-07-01T16:40:00.000Z,80,62,18,0,true,false
2026-07-01T16:42:30.000Z,18,0,18,0,false,false
2026-07-01T16:45:00.000Z,79,50,98,125,true,true
2026-07-01T16:47:30.000Z,18,0,18,0,false,false
2026-07-01T16:50:00.000Z,81,53,18,0,true,false
2026-07-01T16:52:30.000Z,18,0,18,0,false,false
2026-07-01T16:55:00.000Z,81,37,18,0,true,false
2026-07-01T16:57:30.000Z,18,0,18,0,false,false
2026-07-01T17:00:00.000Z,18,0,97,133,false,true
2026-07-01T17:02:30.000Z,18,0,18,0,false,false
2026-07-01T17:05:00.000Z,83,34,18,0,true,false
2026-07-01T17:07:30.000Z,18,0,18,0,false,false
2026-07-01T17:10:00.000Z,81,33,18,0,true,false
2026-07-01T17:12:30.000Z,18,0,95,130,false,true
2026-07-01T17:15:00.000Z,79,50,18,0,true,false
2026-07-01T17:17:30.000Z,18,0,18,0,false,false
2026-07-01T17:20:00.000Z,83,40,18,0,true,false
2026-07-01T17:22:30.000Z,18,0,18,0,false,false
2026-07-01T17:25:00.000Z,78,53,18,0,true,false
2026-07-01T17:27:30.000Z,18,0,94,133,false,true
2026-07-01T17:30:00.000Z,83,34,18,0,true,false
2026-07-01T17:32:30.000Z,18,0,18,0,false,false
2026-07-01T17:35:00.000Z,82,44,18,0,true,false
2026-07-01T17:37:30.000Z,18,0,18,0,false,false
2026-07-01T17:40:00.000Z,79,51,18,0,true,false
2026-07-01T17:42:30.000Z,18,0,18,0,false,false
2026-07-01T17:45:00.000Z,76,40,96,133,true,true
2026-07-01T17:47:30.000Z,18,0,18,0,false,false
2026-07-01T17:50:00.000Z,82,39,18,0,true,false
2026-07-01T17:52:30.000Z,18,0,18,0,false,false
2026-07-01T17:55:00.000Z,77,53,98,128,true,true
2026-07-01T17:57:30.000Z,18,0,18,0,false,false
2026-07-01T18:00:00.000Z,79,45,18,0,true,false
2026-07-01T18:02:30.000Z,18,0,18,0,false,false
2026-07-01T18:05:00.000Z,79,33,97,120,true,true
2026-07-01T18:07:30.000Z,18,0,18,0,false,false
2026-07-01T18:10:00.000Z,76,39,18,0,true,false
2026-07-01T18:12:30.000Z,18,0,18,0,false,false
2026-07-01T18:15:00.000Z,79,34,18,0,true,false
2026-07-01T18:17:30.000Z,18,0,18,0,false,false
2026-07-01T18:20:00.000Z,77,42,94,119,true,true
2026-07-01T18:22:30.000Z,18,0,18,0,false,false
2026-07-01T18:25:00.000Z,79,38,18,0,true,false
2026-07-01T18:27:30.000Z,18,0,18,0,false,false
2026-07-01T18:30:00.000Z,81,24,97,116,true,true
2026-07-01T18:32:30.000Z,18,0,18,0,false,false
2026-07-01T18:35:00.000Z,75,47,18,0,true,false
2026-07-01T18:37:30.000Z,18,0,18,0,false,false
2026-07-01T18:40:00.000Z,80,28,18,0,true,false
2026-07-01T18:42:30.000Z,18,0,95,131,false,true
2026-07-01T18:45:00.000Z,74,36,18,0,true,false
2026-07-01T18:47:30.000Z,18,0,18,0,false,false
2026-07-01T18:50:00.000Z,77,31,18,0,true,false
2026-07-01T18:52:30.000Z,18,0,96,134,false,true
2026-07-01T18:55:00.000Z,18,0,18,0,false,false
2026-07-01T18:57:30.000Z,18,0,18,0,false,false
2026-07-01T19:00:00.000Z,101,27,18,0,true,false
2026-07-01T19:02:30.000Z,18,0,18,0,false,false
2026-07-01T19:05:00.000Z,82,40,18,0,true,false
2026-07-01T19:07:30.000Z,18,0,97,120,false,true
2026-07-01T19:10:00.000Z,82,44,18,0,true,false
2026-07-01T19:12:30.000Z,18,0,18,0,false,false
2026-07-01T19:15:00.000Z,76,36,18,0,true,false
2026-07-01T19:17:30.000Z,18,0,18,0,false,false
2026-07-01T19:20:00.000Z,74,52,18,0,true,false
2026-07-01T19:22:30.000Z,18,0,95,137,false,true
2026-07-01T19:25:00.000Z,83,35,18,0,true,false
2026-07-01T19:27:30.000Z,18,0,18,0,false,false
2026-07-01T19:30:00.000Z,78,33,18,0,true,false
2026-07-01T19:32:30.000Z,18,0,18,0,false,false
2026-07-01T19:35:00.000Z,79,46,18,0,true,false
2026-07-01T19:37:30.000Z,18,0,97,139,false,true
2026-07-01T19:40:00.000Z,77,31,18,0,true,false
2026-07-01T19:42:30.000Z,18,0,18,0,false,false
2026-07-01T19:45:00.000Z,73,34,18,0,true,false
2026-07-01T19:47:30.000Z,18,0,97,126,false,true
2026-07-01T19:50:00.000Z,75,44,18,0,true,false
2026-07-01T19:52:30.000Z,18,0,18,0,false,false
2026-07-01T19:55:00.000Z,74,39,18,0,true,false
2026-07-01T19:57:30.000Z,18,0,18,0,false,false
2026-07-01T21:00:00.000Z,73,46,96,138,true,true
2026-07-01T21:02:30.000Z,18,0,18,0,false,false
2026-07-01T21:05:00.000Z,74,55,18,0,true,false
2026-07-01T21:07:30.000Z,18,0,18,0,false,false
2026-07-01T21:10:00.000Z,75,55,18,0,true,false
2026-07-01T21:12:30.000Z,18,0,18,0,false,false
2026-07-01T21:15:00.000Z,73,46,96,135,true,true
2026-07-01T21:17:30.000Z,18,0,18,0,false,false
2026-07-01T21:20:00.000Z,74,49,18,0,true,false
2026-07-01T21:22:30.000Z,18,0,18,0,false,false
2026-07-01T21:25:00.000Z,75,25,18,0,true,false
2026-07-01T21:27:30.000Z,18,0,18,0,false,false
2026-07-01T21:30:00.000Z,72,43,18,0,true,false
2026-07-01T21:32:30.000Z,18,0,18,0,false,false
2026-07-01T21:35:00.000Z,75,49,18,0,true,false
2026-07-01T21:37:30.000Z,18,0,18,0,false,false
2026-07-01T21:40:00.000Z,73,57,18,0,true,false
2026-07-01T21:42:30.000Z,18,0,18,0,false,false
2026-07-01T21:45:00.000Z,76,51,18,0,true,false
2026-07-01T21:47:30.000Z,18,0,99,136,false,true
2026-07-01T21:50:00.000Z,73,48,18,0,true,false
2026-07-01T21:52:30.000Z,18,0,18,0,false,false
2026-07-01T21:55:00.000Z,73,38,18,0,true,false
2026-07-01T21:57:30.000Z,18,0,18,0,false,false
2026-07-01T22:00:00.000Z,73,44,18,0,true,false
2026-07-01T22:02:30.000Z,18,0,18,0,false,false
2026-07-01T22:05:00.000Z,70,68,18,0,true,false
2026-07-01T22:07:30.000Z,18,0,99,127,false,true
2026-07-01T22:10:00.000Z,71,49,18,0,true,false
2026-07-01T22:12:30.000Z,18,0,18,0,false,false
2026-07-01T22:15:00.000Z,72,37,18,0,true,false
2026-07-01T22:17:30.000Z,18,0,97,128,false,true
2026-07-01T22:20:00.000Z,92,35,18,0,true,false
2026-07-01T22:22:30.000Z,18,0,18,0,false,false
2026-07-01T22:25:00.000Z,73,47,18,0,true,false
2026-07-01T22:27:30.000Z,18,0,18,0,false,false
2026-07-01T22:30:00.000Z,83,31,18,0,true,false
2026-07-01T22:32:30.000Z,18,0,96,135,false,true
2026-07-01T22:35:00.000Z,76,49,18,0,true,false
2026-07-01T22:37:30.000Z,18,0,18,0,false,false
2026-07-01T22:40:00.000Z,69,46,18,0,true,false
2026-07-01T22:42:30.000Z,18,0,18,0,false,false
2026-07-01T22:45:00.000Z,84,48,18,0,true,false
2026-07-01T22:47:30.000Z,18,0,97,126,false,true
2026-07-01T22:50:00.000Z,71,47,18,0,true,false
2026-07-01T22:52:30.000Z,18,0,18,0,false,false
2026-07-01T22:55:00.000Z,74,29,18,0,true,false
2026-07-01T22:57:30.000Z,18,0,98,122,false,true
2026-07-01T23:00:00.000Z,58,65,18,0,true,false
2026-07-01T23:02:30.000Z,18,0,18,0,false,false
2026-07-01T23:05:00.000Z,56,67,18,0,true,false
2026-07-01T23:07:30.000Z,18,0,18,0,false,false
2026-07-01T23:10:00.000Z,55,61,18,0,true,false
2026-07-01T23:12:30.000Z,18,0,95,115,false,true
2026-07-01T23:15:00.000Z,59,69,18,0,true,false
2026-07-01T23:17:30.000Z,18,0,18,0,false,false
2026-07-01T23:20:00.000Z,55,72,18,0,true,false
2026-07-01T23:22:30.000Z,18,0,18,0,false,false
2026-07-01T23:25:00.000Z,60,39,18,0,true,false
2026-07-01T23:27:30.000Z,18,0,95,109,false,true
2026-07-01T23:30:00.000Z,55,59,18,0,true,false
2026-07-01T23:32:30.000Z,18,0,18,0,false,false
2026-07-01T23:35:00.000Z,57,50,18,0,true,false
2026-07-01T23:37:30.000Z,18,0,18,0,false,false
2026-07-01T23:40:00.000Z,60,75,18,0,true,false
2026-07-01T23:42:30.000Z,18,0,99,116,false,true
2026-07-01T23:45:00.000Z,60,61,18,0,true,false
2026-07-01T23:47:30.000Z,18,0,18,0,false,false
2026-07-01T23:50:00.000Z,55,74,18,0,true,false
2026-07-01T23:52:30.000Z,18,0,18,0,false,false
2026-07-01T23:55:00.000Z,58,63,18,0,true,false
2026-07-01T23:57:30.000Z,18,0,98,114,false,true
2026-07-02T00:00:00.000Z,59,56,18,0,true,false
2026-07-02T00:02:30.000Z,18,0,18,0,false,false
2026-07-02T00:05:00.000Z,59,69,18,0,true,false
2026-07-02T00:07:30.000Z,18,0,18,0,false,false
2026-07-02T00:10:00.000Z,60,72,18,0,true,false
2026-07-02T00:12:30.000Z,18,0,95,112,false,true
2026-07-02T00:15:00.000Z,59,63,18,0,true,false
2026-07-02T00:17:30.000Z,18,0,18,0,false,false
2026-07-02T00:20:00.000Z,54,66,18,0,true,false
2026-07-02T00:22:30.000Z,18,0,18,0,false,false
2026-07-02T00:25:00.000Z,57,52,18,0,true,false
2026-07-02T00:27:30.000Z,18,0,95,117,false,true
2026-07-02T00:30:00.000Z,59,64,18,0,true,false
2026-07-02T00:32:30.000Z,18,0,18,0,false,false
2026-07-02T00:35:00.000Z,57,48,18,0,true,false
2026-07-02T00:37:30.000Z,18,0,18,0,false,false
2026-07-02T00:40:00.000Z,59,65,18,0,true,false
2026-07-02T00:42:30.000Z,18,0,96,110,false,true
2026-07-02T00:45:00.000Z,60,53,18,0,true,false
2026-07-02T00:47:30.000Z,18,0,18,0,false,false
2026-07-02T00:50:00.000Z,60,49,18,0,true,false
2026-07-02T00:52:30.000Z,18,0,18,0,false,false
2026-07-02T00:55:00.000Z,59,67,18,0,true,false
2026-07-02T00:57:30.000Z,18,0,95,113,false,true
2026-07-02T01:00:00.000Z,62,48,18,0,true,false
2026-07-02T01:02:30.000Z,18,0,18,0,false,false
2026-07-02T01:05:00.000Z,57,50,18,0,true,false
2026-07-02T01:07:30.000Z,18,0,18,0,false,false
2026-07-02T01:10:00.000Z,58,40,18,0,true,false
2026-07-02T01:12:30.000Z,18,0,95,118,false,true
2026-07-02T01:15:00.000Z,61,88,18,0,true,false
2026-07-02T01:17:30.000Z,18,0,18,0,false,false
2026-07-02T01:20:00.000Z,59,60,18,0,true,false
2026-07-02T01:22:30.000Z,18,0,18,0,false,false
2026-07-02T01:25:00.000Z,56,60,18,0,true,false
2026-07-02T01:27:30.000Z,18,0,96,117,false,true
2026-07-02T01:30:00.000Z,57,62,18,0,true,false
2026-07-02T01:32:30.000Z,18,0,18,0,false,false
2026-07-02T01:35:00.000Z,58,51,18,0,true,false
2026-07-02T01:37:30.000Z,18,0,18,0,false,false
2026-07-02T01:40:00.000Z,58,29,18,0,true,false
2026-07-02T01:42:30.000Z,18,0,96,109,false,true
2026-07-02T01:45:00.000Z,59,52,18,0,true,false
2026-07-02T01:47:30.000Z,18,0,18,0,false,false
2026-07-02T01:50:00.000Z,58,59,18,0,true,false
2026-07-02T01:52:30.000Z,18,0,18,0,false,false
2026-07-02T01:55:00.000Z,59,83,18,0,true,false
2026-07-02T01:57:30.000Z,18,0,97,116,false,true
2026-07-02T02:00:00.000Z,56,63,18,0,true,false
2026-07-02T02:02:30.000Z,18,0,18,0,false,false
2026-07-02T02:05:00.000Z,58,62,18,0,true,false
2026-07-02T02:07:30.000Z,18,0,18,0,false,false
2026-07-02T02:10:00.000Z,60,81,18,0,true,false
2026-07-02T02:12:30.000Z,18,0,94,122,false,true
2026-07-02T02:15:00.000Z,56,69,18,0,true,false
2026-07-02T02:17:30.000Z,18,0,18,0,false,false
2026-07-02T02:20:00.000Z,60,46,18,0,true,false
2026-07-02T02:22:30.000Z,18,0,18,0,false,false
2026-07-02T02:25:00.000Z,57,51,18,0,true,false
2026-07-02T02:27:30.000Z,18,0,18,0,false,false
2026-07-02T02:30:00.000Z,59,81,18,0,true,false
2026-07-02T02:32:30.000Z,18,0,18,0,false,false
2026-07-02T02:35:00.000Z,59,58,18,0,true,false
2026-07-02T02:37:30.000Z,18,0,18,0,false,false
2026-07-02T02:40:00.000Z,54,48,18,0,true,false
2026-07-02T02:42:30.000Z,18,0,93,120,false,true
2026-07-02T02:45:00.000Z,52,70,18,0,true,false
2026-07-02T02:47:30.000Z,18,0,18,0,false,false
2026-07-02T02:50:00.000Z,59,49,18,0,true,false
2026-07-02T02:52:30.000Z,18,0,18,0,false,false
2026-07-02T02:55:00.000Z,59,74,18,0,true,false
2026-07-02T02:57:30.000Z,18,0,18,0,false,false
2026-07-02T03:00:00.000Z,54,73,18,0,true,false
2026-07-02T03:02:30.000Z,18,0,18,0,false,false
2026-07-02T03:05:00.000Z,57,53,18,0,true,false
2026-07-02T03:07:30.000Z,18,0,18,0,false,false
2026-07-02T03:10:00.000Z,59,48,18,0,true,false
2026-07-02T03:12:30.000Z,18,0,95,127,false,true
2026-07-02T03:15:00.000Z,61,49,18,0,true,false
2026-07-02T03:17:30.000Z,18,0,18,0,false,false
2026-07-02T03:20:00.000Z,59,50,18,0,true,false
2026-07-02T03:22:30.000Z,18,0,18,0,false,false
2026-07-02T03:25:00.000Z,58,82,18,0,true,false
2026-07-02T03:27:30.000Z,18,0,95,116,false,true
2026-07-02T03:30:00.000Z,58,53,18,0,true,false
2026-07-02T03:32:30.000Z,18,0,18,0,false,false
2026-07-02T03:35:00.000Z,59,84,18,0,true,false
2026-07-02T03:37:30.000Z,18,0,18,0,false,false
2026-07-02T03:40:00.000Z,56,52,18,0,true,false
2026-07-02T03:42:30.000Z,18,0,92,118,false,true
2026-07-02T03:45:00.000Z,58,71,18,0,true,false
2026-07-02T03:47:30.000Z,18,0,18,0,false,false
2026-07-02T03:50:00.000Z,58,34,18,0,true,false
2026-07-02T03:52:30.000Z,18,0,18,0,false,false
2026-07-02T03:55:00.000Z,55,49,18,0,true,false
2026-07-02T03:57:30.000Z,18,0,95,115,false,true
2026-07-02T04:00:00.000Z,55,67,18,0,true,false
2026-07-02T04:02:30.000Z,18,0,18,0,false,false
2026-07-02T04:05:00.000Z,55,62,18,0,true,false
2026-07-02T04:07:30.000Z,18,0,18,0,false,false
2026-07-02T04:10:00.000Z,57,67,18,0,true,false
2026-07-02T04:12:30.000Z,18,0,94,116,false,true
2026-07-02T04:15:00.000Z,59,63,18,0,true,false
2026-07-02T04:17:30.000Z,18,0,18,0,false,false
2026-07-02T04:20:00.000Z,57,77,18,0,true,false
2026-07-02T04:22:30.000Z,18,0,18,0,false,false
2026-07-02T04:25:00.000Z,56,49,18,0,true,false
2026-07-02T04:27:30.000Z,18,0,95,122,false,true
2026-07-02T04:30:00.000Z,55,72,18,0,true,false
2026-07-02T04:32:30.000Z,18,0,18,0,false,false
2026-07-02T04:35:00.000Z,58,61,18,0,true,false
2026-07-02T04:37:30.000Z,18,0,18,0,false,false
2026-07-02T04:40:00.000Z,56,50,18,0,true,false
2026-07-02T04:42:30.000Z,18,0,96,118,false,true
2026-07-02T04:45:00.000Z,60,94,18,0,true,false
2026-07-02T04:47:30.000Z,18,0,18,0,false,false
2026-07-02T04:50:00.000Z,57,48,18,0,true,false
2026-07-02T04:52:30.000Z,18,0,18,0,false,false
2026-07-02T04:55:00.000Z,57,62,18,0,true,false
2026-07-02T04:57:30.000Z,18,0,96,113,false,true
2026-07-02T05:00:00.000Z,55,55,18,0,true,false
2026-07-02T05:02:30.000Z,18,0,18,0,false,false
2026-07-02T05:05:00.000Z,57,50,18,0,true,false
2026-07-02T05:07:30.000Z,18,0,18,0,false,false
2026-07-02T05:10:00.000Z,59,96,18,0,true,false
2026-07-02T05:12:30.000Z,18,0,93,111,false,true
2026-07-02T05:15:00.000Z,53,53,18,0,true,false
2026-07-02T05:17:30.000Z,18,0,18,0,false,false
2026-07-02T05:20:00.000Z,57,54,18,0,true,false
2026-07-02T05:22:30.000Z,18,0,18,0,false,false
2026-07-02T05:25:00.000Z,60,51,18,0,true,false
2026-07-02T05:27:30.000Z,18,0,95,134,false,true
2026-07-02T05:30:00.000Z,61,102,18,0,true,false
2026-07-02T05:32:30.000Z,18,0,18,0,false,false
2026-07-02T05:35:00.000Z,57,66,18,0,true,false
2026-07-02T05:37:30.000Z,18,0,18,0,false,false
2026-07-02T05:40:00.000Z,60,45,18,0,true,false
2026-07-02T05:42:30.000Z,18,0,97,108,false,true
2026-07-02T05:45:00.000Z,59,104,18,0,true,false
2026-07-02T05:47:30.000Z,18,0,18,0,false,false
2026-07-02T05:50:00.000Z,60,34,18,0,true,false
2026-07-02T05:52:30.000Z,18,0,18,0,false,false
2026-07-02T05:55:00.000Z,59,61,18,0,true,false
2026-07-02T05:57:30.000Z,18,0,96,129,false,true
2026-07-02T06:00:00.000Z,59,54,18,0,true,false
2026-07-02T06:02:30.000Z,18,0,18,0,false,false
2026-07-02T06:05:00.000Z,59,63,18,0,true,false
2026-07-02T06:07:30.000Z,18,0,18,0,false,false
2026-07-02T06:10:00.000Z,60,69,18,0,true,false
2026-07-02T06:12:30.000Z,18,0,97,117,false,true
2026-07-02T06:15:00.000Z,61,49,18,0,true,false
2026-07-02T06:17:30.000Z,18,0,18,0,false,false
2026-07-02T06:20:00.000Z,58,62,18,0,true,false
2026-07-02T06:22:30.000Z,18,0,18,0,false,false
2026-07-02T06:25:00.000Z,58,76,18,0,true,false
2026-07-02T06:27:30.000Z,18,0,95,115,false,true
2026-07-02T06:30:00.000Z,53,37,18,0,true,false
2026-07-02T06:32:30.000Z,18,0,18,0,false,false
2026-07-02T06:35:00.000Z,60,39,18,0,true,false
2026-07-02T06:37:30.000Z,18,0,18,0,false,false
2026-07-02T06:40:00.000Z,58,61,18,0,true,false
2026-07-02T06:42:30.000Z,18,0,96,116,false,true
2026-07-02T06:45:00.000Z,56,69,18,0,true,false
2026-07-02T06:47:30.000Z,18,0,18,0,false,false
2026-07-02T06:50:00.000Z,18,0,18,0,false,false
2026-07-02T06:52:30.000Z,18,0,18,0,false,false
2026-07-02T06:55:00.000Z,61,72,18,0,true,false
2026-07-02T06:57:30.000Z,18,0,95,130,false,true
2026-07-02T07:00:00.000Z,71,45,18,0,true,false
2026-07-02T07:02:30.000Z,18,0,18,0,false,false
2026-07-02T07:05:00.000Z,69,43,18,0,true,false
2026-07-02T07:07:30.000Z,18,0,18,0,false,false
2026-07-02T07:10:00.000Z,72,34,18,0,true,false
2026-07-02T07:12:30.000Z,18,0,97,119,false,true
2026-07-02T07:15:00.000Z,74,28,18,0,true,false
2026-07-02T07:17:30.000Z,18,0,18,0,false,false
2026-07-02T07:20:00.000Z,74,48,18,0,true,false
2026-07-02T07:22:30.000Z,18,0,97,133,false,true
2026-07-02T07:25:00.000Z,70,63,18,0,true,false
2026-07-02T07:27:30.000Z,18,0,18,0,false,false
2026-07-02T07:30:00.000Z,73,46,18,0,true,false
2026-07-02T07:32:30.000Z,18,0,18,0,false,false
2026-07-02T07:35:00.000Z,90,48,18,0,true,false
2026-07-02T07:37:30.000Z,18,0,18,0,false,false
2026-07-02T07:40:00.000Z,71,55,96,121,true,true
2026-07-02T07:42:30.000Z,18,0,18,0,false,false
2026-07-02T07:45:00.000Z,70,37,18,0,true,false
2026-07-02T07:47:30.000Z,18,0,18,0,false,false
2026-07-02T07:50:00.000Z,68,41,18,0,true,false
2026-07-02T07:52:30.000Z,18,0,18,0,false,false
2026-07-02T07:55:00.000Z,70,46,98,118,true,true
2026-07-02T07:57:30.000Z,18,0,18,0,false,false
2026-07-02T08:00:00.000Z,69,43,18,0,true,false
2026-07-02T08:02:30.000Z,18,0,18,0,false,false
2026-07-02T08:05:00.000Z,67,49,18,0,true,false
2026-07-02T08:07:30.000Z,18,0,18,0,false,false
2026-07-02T08:10:00.000Z,78,37,97,135,true,true
2026-07-02T08:12:30.000Z,18,0,18,0,false,false
2026-07-02T08:15:00.000Z,75,65,18,0,true,false
2026-07-02T08:17:30.000Z,18,0,18,0,false,false
2026-07-02T08:20:00.000Z,75,37,18,0,true,false
2026-07-02T08:22:30.000Z,18,0,98,122,false,true
2026-07-02T08:25:00.000Z,75,38,18,0,true,false
2026-07-02T08:27:30.000Z,18,0,18,0,false,false
2026-07-02T08:30:00.000Z,77,44,18,0,true,false
2026-07-02T08:32:30.000Z,18,0,18,0,false,false
2026-07-02T08:35:00.000Z,74,42,18,0,true,false
2026-07-02T08:37:30.000Z,18,0,98,128,false,true
2026-07-02T08:40:00.000Z,71,34,18,0,true,false
2026-07-02T08:42:30.000Z,18,0,18,0,false,false
2026-07-02T08:45:00.000Z,68,45,18,0,true,false
2026-07-02T08:47:30.000Z,18,0,18,0,false,false
2026-07-02T08:50:00.000Z,76,50,18,0,true,false
2026-07-02T08:52:30.000Z,18,0,18,0,false,false
2026-07-02T08:55:00.000Z,69,43,18,0,true,false
2026-07-02T08:57:30.000Z,18,0,18,0,false,false
2026-07-02T09:00:00.000Z,74,44,96,125,true,true
2026-07-02T09:02:30.000Z,18,0,18,0,false,false
2026-07-02T09:05:00.000Z,75,49,18,0,true,false
2026-07-02T09:07:30.000Z,18,0,18,0,false,false
2026-07-02T09:10:00.000Z,72,54,18,0,true,false
2026-07-02T09:12:30.000Z,18,0,95,137,false,true
2026-07-02T09:15:00.000Z,77,41,18,0,true,false
2026-07-02T09:17:30.000Z,18,0,18,0,false,false
2026-07-02T09:20:00.000Z,75,46,18,0,true,false
2026-07-02T09:22:30.000Z,18,0,18,0,false,false
2026-07-02T09:25:00.000Z,73,29,18,0,true,false
2026-07-02T09:27:30.000Z,18,0,98,138,false,true
2026-07-02T09:30:00.000Z,18,0,18,0,false,false
2026-07-02T09:32:30.000Z,18,0,18,0,false,false
2026-07-02T09:35:00.000Z,74,49,18,0,true,false
2026-07-02T09:37:30.000Z,18,0,18,0,false,false
2026-07-02T09:40:00.000Z,77,41,18,0,true,false
2026-07-02T09:42:30.000Z,18,0,18,0,false,false
2026-07-02T09:45:00.000Z,81,38,18,0,true,false
2026-07-02T09:47:30.000Z,18,0,18,0,false,false
2026-07-02T09:50:00.000Z,78,38,18,0,true,false
2026-07-02T09:52:30.000Z,18,0,18,0,false,false
2026-07-02T09:55:00.000Z,76,59,18,0,true,false
2026-07-02T09:57:30.000Z,18,0,18,0,false,false
2026-07-02T10:00:00.000Z,75,70,18,0,true,false
2026-07-02T10:02:30.000Z,18,0,18,0,false,false
2026-07-02T10:05:00.000Z,79,33,98,125,true,true
2026-07-02T10:07:30.000Z,18,0,18,0,false,false
2026-07-02T10:10:00.000Z,76,80,18,0,true,false
2026-07-02T10:12:30.000Z,18,0,18,0,false,false
2026-07-02T10:15:00.000Z,77,42,18,0,true,false
2026-07-02T10:17:30.000Z,18,0,18,0,false,false
2026-07-02T10:20:00.000Z,76,49,98,133,true,true
2026-07-02T10:22:30.000Z,18,0,18,0,false,false
2026-07-02T10:25:00.000Z,83,44,18,0,true,false
2026-07-02T10:27:30.000Z,18,0,18,0,false,false
2026-07-02T10:30:00.000Z,83,37,18,0,true,false
2026-07-02T10:32:30.000Z,18,0,18,0,false,false
2026-07-02T10:35:00.000Z,84,41,18,0,true,false
2026-07-02T10:37:30.000Z,18,0,97,115,false,true
2026-07-02T10:40:00.000Z,100,36,18,0,true,false
2026-07-02T10:42:30.000Z,18,0,18,0,false,false
2026-07-02T10:45:00.000Z,77,57,18,0,true,false
2026-07-02T10:47:30.000Z,18,0,18,0,false,false
2026-07-02T10:50:00.000Z,77,48,18,0,true,false
2026-07-02T10:52:30.000Z,18,0,97,124,false,true
2026-07-02T10:55:00.000Z,76,57,18,0,true,false
2026-07-02T10:57:30.000Z,18,0,18,0,false,false
2026-07-02T11:00:00.000Z,76,42,18,0,true,false
2026-07-02T11:02:30.000Z,18,0,18,0,false,false
2026-07-02T11:05:00.000Z,73,37,18,0,true,false
2026-07-02T11:07:30.000Z,18,0,18,0,false,false
2026-07-02T11:10:00.000Z,79,57,18,0,true,false
2026-07-02T11:12:30.000Z,18,0,96,130,false,true
2026-07-02T11:15:00.000Z,82,35,18,0,true,false
2026-07-02T11:17:30.000Z,18,0,18,0,false,false
2026-07-02T11:20:00.000Z,81,54,18,0,true,false
2026-07-02T11:22:30.000Z,18,0,18,0,false,false
2026-07-02T11:25:00.000Z,85,56,18,0,true,false
2026-07-02T11:27:30.000Z,18,0,18,0,false,false
2026-07-02T11:30:00.000Z,89,43,97,122,true,true
2026-07-02T11:32:30.000Z,18,0,18,0,false,false
2026-07-02T11:35:00.000Z,82,31,18,0,true,false
2026-07-02T11:37:30.000Z,18,0,18,0,false,false
2026-07-02T11:40:00.000Z,78,48,18,0,true,false
2026-07-02T11:42:30.000Z,18,0,18,0,false,false
2026-07-02T11:45:00.000Z,81,46,96,121,true,true
2026-07-02T11:47:30.000Z,18,0,18,0,false,false
2026-07-02T11:50:00.000Z,80,32,18,0,true,false
2026-07-02T11:52:30.000Z,18,0,18,0,false,false
2026-07-02T11:55:00.000Z,79,31,18,0,true,false
2026-07-02T11:57:30.000Z,18,0,18,0,false,false
2026-07-02T12:00:00.000Z,78,38,95,125,true,true
2026-07-02T12:02:30.000Z,18,0,18,0,false,false
2026-07-02T12:05:00.000Z,84,47,18,0,true,false
2026-07-02T12:07:30.000Z,18,0,18,0,false,false
2026-07-02T12:10:00.000Z,83,39,18,0,true,false
2026-07-02T12:12:30.000Z,18,0,18,0,false,false
2026-07-02T12:15:00.000Z,76,35,96,132,true,true
2026-07-02T12:17:30.000Z,18,0,18,0,false,false
2026-07-02T12:20:00.000Z,80,57,18,0,true,false
2026-07-02T12:22:30.000Z,18,0,18,0,false,false
2026-07-02T12:25:00.000Z,80,31,18,0,true,false
2026-07-02T12:27:30.000Z,18,0,18,0,false,false
2026-07-02T12:30:00.000Z,82,55,97,129,true,true
2026-07-02T12:32:30.000Z,18,0,18,0,false,false
2026-07-02T12:35:00.000Z,80,57,18,0,true,false
2026-07-02T12:37:30.000Z,18,0,18,0,false,false
2026-07-02T12:40:00.000Z,96,35,18,0,true,false
2026-07-02T12:42:30.000Z,18,0,18,0,false,false
2026-07-02T12:45:00.000Z,83,58,98,131,true,true
2026-07-02T12:47:30.000Z,18,0,18,0,false,false
2026-07-02T12:50:00.000Z,78,52,18,0,true,false
2026-07-02T12:52:30.000Z,18,0,18,0,false,false
2026-07-02T12:55:00.000Z,82,40,18,0,true,false
2026-07-02T12:57:30.000Z,18,0,18,0,false,false
2026-07-02T13:00:00.000Z,84,37,95,133,true,true
2026-07-02T13:02:30.000Z,18,0,18,0,false,false
2026-07-02T13:05:00.000Z,83,48,18,0,true,false
2026-07-02T13:07:30.000Z,18,0,18,0,false,false
2026-07-02T13:10:00.000Z,80,41,18,0,true,false
2026-07-02T13:12:30.000Z,18,0,98,133,false,true
2026-07-02T13:15:00.000Z,79,74,18,0,true,false
2026-07-02T13:17:30.000Z,18,0,18,0,false,false
2026-07-02T13:20:00.000Z,78,32,18,0,true,false
2026-07-02T13:22:30.000Z,18,0,18,0,false,false
2026-07-02T13:25:00.000Z,80,37,18,0,true,false
2026-07-02T13:27:30.000Z,18,0,95,118,false,true
2026-07-02T13:30:00.000Z,77,58,18,0,true,false
2026-07-02T13:32:30.000Z,18,0,18,0,false,false
2026-07-02T13:35:00.000Z,82,26,18,0,true,false
2026-07-02T13:37:30.000Z,18,0,18,0,false,false
2026-07-02T13:40:00.000Z,79,28,18,0,true,false
2026-07-02T13:42:30.000Z,18,0,18,0,false,false
2026-07-02T13:45:00.000Z,76,39,18,0,true,false
2026-07-02T13:47:30.000Z,18,0,18,0,false,false
2026-07-02T13:50:00.000Z,83,38,95,116,true,true
2026-07-02T13:52:30.000Z,18,0,18,0,false,false
2026-07-02T13:55:00.000Z,79,33,18,0,true,false
2026-07-02T13:57:30.000Z,18,0,18,0,false,false
2026-07-02T14:00:00.000Z,78,38,18,0,true,false
2026-07-02T14:02:30.000Z,18,0,18,0,false,false
2026-07-02T14:05:00.000Z,81,51,93,136,true,true
2026-07-02T14:07:30.000Z,18,0,18,0,false,false
2026-07-02T14:10:00.000Z,107,21,18,0,true,false
2026-07-02T14:12:30.000Z,18,0,18,0,false,false
2026-07-02T14:15:00.000Z,82,38,18,0,true,false
2026-07-02T14:17:30.000Z,18,0,18,0,false,false
2026-07-02T14:20:00.000Z,89,23,18,0,true,false
2026-07-02T14:22:30.000Z,18,0,94,128,false,true
2026-07-02T14:25:00.000Z,82,31,18,0,true,false
2026-07-02T14:27:30.000Z,18,0,18,0,false,false
2026-07-02T14:30:00.000Z,87,39,18,0,true,false
2026-07-02T14:32:30.000Z,18,0,18,0,false,false
2026-07-02T14:35:00.000Z,82,39,18,0,true,false
2026-07-02T14:37:30.000Z,18,0,96,123,false,true
2026-07-02T14:40:00.000Z,83,35,18,0,true,false
2026-07-02T14:42:30.000Z,18,0,18,0,false,false
2026-07-02T14:45:00.000Z,83,54,18,0,true,false
2026-07-02T14:47:30.000Z,18,0,18,0,false,false
2026-07-02T14:50:00.000Z,81,54,18,0,true,false
2026-07-02T14:52:30.000Z,18,0,97,128,false,true
2026-07-02T14:55:00.000Z,73,48,18,0,true,false
2026-07-02T14:57:30.000Z,18,0,18,0,false,false
2026-07-02T15:00:00.000Z,81,51,18,0,true,false
2026-07-02T15:02:30.000Z,18,0,97,128,false,true
2026-07-02T15:05:00.000Z,84,38,18,0,true,false
2026-07-02T15:07:30.000Z,18,0,18,0,false,false
2026-07-02T15:10:00.000Z,85,38,18,0,true,false
2026-07-02T15:12:30.000Z,18,0,18,0,false,false
2026-07-02T15:15:00.000Z,82,39,18,0,true,false
2026-07-02T15:17:30.000Z,18,0,98,140,false,true
2026-07-02T15:20:00.000Z,83,52,18,0,true,false
2026-07-02T15:22:30.000Z,18,0,18,0,false,false
2026-07-02T15:25:00.000Z,82,34,18,0,true,false
2026-07-02T15:27:30.000Z,18,0,18,0,false,false
2026-07-02T15:30:00.000Z,82,62,18,0,true,false
2026-07-02T15:32:30.000Z,18,0,96,123,false,true
2026-07-02T15:35:00.000Z,86,24,18,0,true,false
2026-07-02T15:37:30.000Z,18,0,18,0,false,false
2026-07-02T15:40:00.000Z,83,23,18,0,true,false
2026-07-02T15:42:30.000Z,18,0,18,0,false,false
2026-07-02T15:45:00.000Z,107,34,18,0,true,false
2026-07-02T15:47:30.000Z,18,0,96,115,false,true
2026-07-02T15:50:00.000Z,84,37,18,0,true,false
2026-07-02T15:52:30.000Z,18,0,18,0,false,false
2026-07-02T15:55:00.000Z,86,32,18,0,true,false
2026-07-02T15:57:30.000Z,18,0,18,0,false,false
2026-07-02T16:00:00.000Z,80,45,96,123,true,true
2026-07-02T16:02:30.000Z,18,0,18,0,false,false
2026-07-02T16:05:00.000Z,82,21,18,0,true,false
2026-07-02T16:07:30.000Z,18,0,18,0,false,false
2026-07-02T16:10:00.000Z,77,37,18,0,true,false
2026-07-02T16:12:30.000Z,18,0,97,133,false,true
2026-07-02T16:15:00.000Z,79,49,18,0,true,false
2026-07-02T16:17:30.000Z,18,0,18,0,false,false
2026-07-02T16:20:00.000Z,84,32,18,0,true,false
2026-07-02T16:22:30.000Z,18,0,18,0,false,false
2026-07-02T16:25:00.000Z,79,34,18,0,true,false
2026-07-02T16:27:30.000Z,18,0,97,130,false,true
2026-07-02T16:30:00.000Z,18,0,18,0,false,false
2026-07-02T16:32:30.000Z,18,0,18,0,false,false
2026-07-02T16:35:00.000Z,82,41,18,0,true,false
2026-07-02T16:37:30.000Z,18,0,18,0,false,false
2026-07-02T16:40:00.000Z,75,40,18,0,true,false
2026-07-02T16:42:30.000Z,18,0,98,126,false,true
2026-07-02T16:45:00.000Z,79,39,18,0,true,false
2026-07-02T16:47:30.000Z,18,0,18,0,false,false
2026-07-02T16:50:00.000Z,102,31,18,0,true,false
2026-07-02T16:52:30.000Z,18,0,18,0,false,false
2026-07-02T16:55:00.000Z,84,48,18,0,true,false
2026-07-02T16:57:30.000Z,18,0,18,0,false,false
2026-07-02T17:00:00.000Z,81,39,18,0,true,false
2026-07-02T17:02:30.000Z,18,0,97,122,false,true
2026-07-02T17:05:00.000Z,84,30,18,0,true,false
2026-07-02T17:07:30.000Z,18,0,18,0,false,false
2026-07-02T17:10:00.000Z,81,51,18,0,true,false
2026-07-02T17:12:30.000Z,18,0,96,136,false,true
2026-07-02T17:15:00.000Z,84,34,18,0,true,false
2026-07-02T17:17:30.000Z,18,0,18,0,false,false
2026-07-02T17:20:00.000Z,79,54,18,0,true,false
2026-07-02T17:22:30.000Z,18,0,18,0,false,false
2026-07-02T17:25:00.000Z,82,65,18,0,true,false
2026-07-02T17:27:30.000Z,18,0,95,128,false,true
2026-07-02T17:30:00.000Z,79,44,18,0,true,false
2026-07-02T17:32:30.000Z,18,0,18,0,false,false
2026-07-02T17:35:00.000Z,82,41,18,0,true,false
2026-07-02T17:37:30.000Z,18,0,18,0,false,false
2026-07-02T17:40:00.000Z,80,36,18,0,true,false
2026-07-02T17:42:30.000Z,18,0,98,122,false,true
2026-07-02T17:45:00.000Z,103,33,18,0,true,false
2026-07-02T17:47:30.000Z,18,0,18,0,false,false
2026-07-02T17:50:00.000Z,105,23,18,0,true,false
2026-07-02T17:52:30.000Z,18,0,18,0,false,false
2026-07-02T17:55:00.000Z,79,47,18,0,true,false
2026-07-02T17:57:30.000Z,18,0,18,0,false,false
2026-07-02T18:00:00.000Z,79,54,97,128,true,true
2026-07-02T18:02:30.000Z,18,0,18,0,false,false
2026-07-02T18:05:00.000Z,81,72,18,0,true,false
2026-07-02T18:07:30.000Z,18,0,18,0,false,false
2026-07-02T18:10:00.000Z,81,37,18,0,true,false
2026-07-02T18:12:30.000Z,18,0,18,0,false,false
2026-07-02T18:15:00.000Z,81,53,98,134,true,true
2026-07-02T18:17:30.000Z,18,0,18,0,false,false
2026-07-02T18:20:00.000Z,81,35,18,0,true,false
2026-07-02T18:22:30.000Z,18,0,18,0,false,false
2026-07-02T18:25:00.000Z,78,38,18,0,true,false
2026-07-02T18:27:30.000Z,18,0,18,0,false,false
2026-07-02T18:30:00.000Z,82,38,95,132,true,true
2026-07-02T18:32:30.000Z,18,0,18,0,false,false
2026-07-02T18:35:00.000Z,86,26,18,0,true,false
2026-07-02T18:37:30.000Z,18,0,18,0,false,false
2026-07-02T18:40:00.000Z,78,46,18,0,true,false
2026-07-02T18:42:30.000Z,18,0,18,0,false,false
2026-07-02T18:45:00.000Z,73,51,18,0,true,false
2026-07-02T18:47:30.000Z,18,0,96,126,false,true
2026-07-02T18:50:00.000Z,74,39,18,0,true,false
2026-07-02T18:52:30.000Z,18,0,18,0,false,false
2026-07-02T18:55:00.000Z,79,42,18,0,true,false
2026-07-02T18:57:30.000Z,18,0,18,0,false,false
2026-07-02T19:00:00.000Z,77,49,18,0,true,false
2026-07-02T19:02:30.000Z,18,0,98,125,false,true
2026-07-02T19:05:00.000Z,83,32,18,0,true,false
2026-07-02T19:07:30.000Z,18,0,18,0,false,false
2026-07-02T19:10:00.000Z,84,50,18,0,true,false
2026-07-02T19:12:30.000Z,18,0,18,0,false,false
2026-07-02T19:15:00.000Z,77,44,18,0,true,false
2026-07-02T19:17:30.000Z,18,0,97,123,false,true
2026-07-02T19:20:00.000Z,80,38,18,0,true,false
2026-07-02T19:22:30.000Z,18,0,18,0,false,false
2026-07-02T19:25:00.000Z,77,40,18,0,true,false
2026-07-02T19:27:30.000Z,18,0,18,0,false,false
2026-07-02T19:30:00.000Z,80,33,95,124,true,true
2026-07-02T19:32:30.000Z,18,0,18,0,false,false
2026-07-02T19:35:00.000Z,78,44,18,0,true,false
2026-07-02T19:37:30.000Z,18,0,18,0,false,false
2026-07-02T19:40:00.000Z,77,43,18,0,true,false
2026-07-02T19:42:30.000Z,18,0,18,0,false,false
2026-07-02T19:45:00.000Z,73,41,18,0,true,false
2026-07-02T19:47:30.000Z,18,0,95,132,false,true
2026-07-02T19:50:00.000Z,78,47,18,0,true,false
2026-07-02T19:52:30.000Z,18,0,18,0,false,false
2026-07-02T19:55:00.000Z,76,54,18,0,true,false
2026-07-02T19:57:30.000Z,18,0,96,128,false,true
2026-07-02T20:00:00.000Z,78,38,18,0,true,false
2026-07-02T20:02:30.000Z,18,0,18,0,false,false
2026-07-02T20:05:00.000Z,78,47,18,0,true,false
2026-07-02T20:07:30.000Z,18,0,97,127,false,true
2026-07-02T20:10:00.000Z,79,68,18,0,true,false
2026-07-02T20:12:30.000Z,18,0,18,0,false,false
2026-07-02T20:15:00.000Z,80,35,18,0,true,false
2026-07-02T20:17:30.000Z,18,0,18,0,false,false
2026-07-02T20:20:00.000Z,69,48,18,0,true,false
2026-07-02T20:22:30.000Z,18,0,98,130,false,true
2026-07-02T20:25:00.000Z,79,40,18,0,true,false
2026-07-02T20:27:30.000Z,18,0,18,0,false,false
2026-07-02T20:30:00.000Z,18,0,18,0,false,false
2026-07-02T20:32:30.000Z,18,0,18,0,false,false
2026-07-02T20:35:00.000Z,78,38,18,0,true,false
2026-07-02T20:37:30.000Z,18,0,98,124,false,true
2026-07-02T20:40:00.000Z,83,49,18,0,true,false
2026-07-02T20:42:30.000Z,18,0,18,0,false,false
2026-07-02T20:45:00.000Z,79,41,18,0,true,false
2026-07-02T20:47:30.000Z,18,0,18,0,false,false
2026-07-02T20:50:00.000Z,76,45,18,0,true,false
2026-07-02T20:52:30.000Z,18,0,18,0,false,false
2026-07-02T20:55:00.000Z,78,53,18,0,true,false
2026-07-02T20:57:30.000Z,18,0,18,0,false,false
2026-07-02T21:00:00.000Z,74,46,18,0,true,false
2026-07-02T21:02:30.000Z,18,0,96,125,false,true
2026-07-02T21:05:00.000Z,77,35,18,0,true,false
2026-07-02T21:07:30.000Z,18,0,18,0,false,false
2026-07-02T21:10:00.000Z,73,34,18,0,true,false
2026-07-02T21:12:30.000Z,18,0,18,0,false,false
2026-07-02T21:15:00.000Z,75,45,18,0,true,false
2026-07-02T21:17:30.000Z,18,0,98,140,false,true
2026-07-02T21:20:00.000Z,68,52,18,0,true,false
2026-07-02T21:22:30.000Z,18,0,18,0,false,false
2026-07-02T21:25:00.000Z,72,45,18,0,true,false
2026-07-02T21:27:30.000Z,18,0,18,0,false,false
2026-07-02T21:30:00.000Z,77,60,18,0,true,false
2026-07-02T21:32:30.000Z,18,0,18,0,false,false
2026-07-02T21:35:00.000Z,78,38,96,135,true,true
2026-07-02T21:37:30.000Z,18,0,18,0,false,false
2026-07-02T21:40:00.000Z,77,41,18,0,true,false
2026-07-02T21:42:30.000Z,18,0,18,0,false,false
2026-07-02T21:45:00.000Z,68,46,18,0,true,false
2026-07-02T21:47:30.000Z,18,0,18,0,false,false
2026-07-02T21:50:00.000Z,69,67,18,0,true,false
2026-07-02T21:52:30.000Z,18,0,18,0,false,false
2026-07-02T21:55:00.000Z,69,47,18,0,true,false
2026-07-02T21:57:30.000Z,18,0,18,0,false,false
2026-07-02T22:00:00.000Z,73,42,18,0,true,false
2026-07-02T22:02:30.000Z,18,0,97,131,false,true
2026-07-02T22:05:00.000Z,77,49,18,0,true,false
2026-07-02T22:07:30.000Z,18,0,18,0,false,false
2026-07-02T22:10:00.000Z,72,32,18,0,true,false
2026-07-02T22:12:30.000Z,18,0,18,0,false,false
2026-07-02T22:15:00.000Z,70,42,96,127,true,true
2026-07-02T22:17:30.000Z,18,0,18,0,false,false
2026-07-02T22:20:00.000Z,68,46,18,0,true,false
2026-07-02T22:22:30.000Z,18,0,18,0,false,false
2026-07-02T22:25:00.000Z,69,40,18,0,true,false
2026-07-02T22:27:30.000Z,18,0,18,0,false,false
2026-07-02T22:30:00.000Z,75,32,18,0,true,false
2026-07-02T22:32:30.000Z,18,0,97,127,false,true
2026-07-02T22:35:00.000Z,67,43,18,0,true,false
2026-07-02T22:37:30.000Z,18,0,18,0,false,false
2026-07-02T22:40:00.000Z,72,44,18,0,true,false
2026-07-02T22:42:30.000Z,18,0,96,134,false,true
2026-07-02T22:45:00.000Z,67,45,18,0,true,false
2026-07-02T22:47:30.000Z,18,0,18,0,false,false
2026-07-02T22:50:00.000Z,72,50,18,0,true,false
2026-07-02T22:52:30.000Z,18,0,18,0,false,false
2026-07-02T22:55:00.000Z,68,54,18,0,true,false
2026-07-02T22:57:30.000Z,18,0,96,119,false,true
2026-07-02T23:00:00.000Z,57,68,18,0,true,false
2026-07-02T23:02:30.000Z,18,0,18,0,false,false
2026-07-02T23:05:00.000Z,60,61,18,0,true,false
2026-07-02T23:07:30.000Z,18,0,18,0,false,false
2026-07-02T23:10:00.000Z,59,41,18,0,true,false
2026-07-02T23:12:30.000Z,18,0,96,113,false,true
2026-07-02T23:15:00.000Z,53,73,18,0,true,false
2026-07-02T23:17:30.000Z,18,0,18,0,false,false
2026-07-02T23:20:00.000Z,65,70,18,0,true,false
2026-07-02T23:22:30.000Z,18,0,18,0,false,false
2026-07-02T23:25:00.000Z,60,48,18,0,true,false
2026-07-02T23:27:30.000Z,18,0,97,123,false,true
2026-07-02T23:30:00.000Z,56,62,18,0,true,false
2026-07-02T23:32:30.000Z,18,0,18,0,false,false
2026-07-02T23:35:00.000Z,57,41,18,0,true,false
2026-07-02T23:37:30.000Z,18,0,18,0,false,false
2026-07-02T23:40:00.000Z,59,40,18,0,true,false
2026-07-02T23:42:30.000Z,18,0,18,0,false,false
2026-07-02T23:45:00.000Z,55,59,18,0,true,false
2026-07-02T23:47:30.000Z,18,0,18,0,false,false
2026-07-02T23:50:00.000Z,60,64,18,0,true,false
2026-07-02T23:52:30.000Z,18,0,18,0,false,false
2026-07-02T23:55:00.000Z,61,50,18,0,true,false
2026-07-02T23:57:30.000Z,18,0,96,115,false,true
2026-07-03T00:00:00.000Z,54,74,18,0,true,false
2026-07-03T00:02:30.000Z,18,0,18,0,false,false
2026-07-03T00:05:00.000Z,58,56,18,0,true,false
2026-07-03T00:07:30.000Z,18,0,18,0,false,false
2026-07-03T00:10:00.000Z,59,68,18,0,true,false
2026-07-03T00:12:30.000Z,18,0,97,110,false,true
2026-07-03T00:15:00.000Z,61,66,18,0,true,false
2026-07-03T00:17:30.000Z,18,0,18,0,false,false
2026-07-03T00:20:00.000Z,58,67,18,0,true,false
2026-07-03T00:22:30.000Z,18,0,18,0,false,false
2026-07-03T00:25:00.000Z,58,65,18,0,true,false
2026-07-03T00:27:30.000Z,18,0,97,124,false,true
2026-07-03T00:30:00.000Z,59,65,18,0,true,false
2026-07-03T00:32:30.000Z,18,0,18,0,false,false
2026-07-03T00:35:00.000Z,59,43,18,0,true,false
2026-07-03T00:37:30.000Z,18,0,18,0,false,false
2026-07-03T00:40:00.000Z,56,75,18,0,true,false
2026-07-03T00:42:30.000Z,18,0,94,128,false,true
2026-07-03T00:45:00.000Z,58,67,18,0,true,false
2026-07-03T00:47:30.000Z,18,0,18,0,false,false
2026-07-03T00:50:00.000Z,59,89,18,0,true,false
2026-07-03T00:52:30.000Z,18,0,18,0,false,false
2026-07-03T00:55:00.000Z,61,57,18,0,true,false
2026-07-03T00:57:30.000Z,18,0,94,118,false,true
2026-07-03T01:00:00.000Z,59,46,18,0,true,false
2026-07-03T01:02:30.000Z,18,0,18,0,false,false
2026-07-03T01:05:00.000Z,60,64,18,0,true,false
2026-07-03T01:07:30.000Z,18,0,18,0,false,false
2026-07-03T01:10:00.000Z,56,57,18,0,true,false
2026-07-03T01:12:30.000Z,18,0,97,114,false,true
2026-07-03T01:15:00.000Z,58,68,18,0,true,false
2026-07-03T01:17:30.000Z,18,0,18,0,false,false
2026-07-03T01:20:00.000Z,60,63,18,0,true,false
2026-07-03T01:22:30.000Z,18,0,18,0,false,false
2026-07-03T01:25:00.000Z,58,98,18,0,true,false
2026-07-03T01:27:30.000Z,18,0,95,108,false,true
2026-07-03T01:30:00.000Z,58,68,18,0,true,false
2026-07-03T01:32:30.000Z,18,0,18,0,false,false
2026-07-03T01:35:00.000Z,59,46,18,0,true,false
2026-07-03T01:37:30.000Z,18,0,18,0,false,false
2026-07-03T01:40:00.000Z,54,54,18,0,true,false
2026-07-03T01:42:30.000Z,18,0,95,114,false,true
2026-07-03T01:45:00.000Z,59,73,18,0,true,false
2026-07-03T01:47:30.000Z,18,0,18,0,false,false
2026-07-03T01:50:00.000Z,57,57,18,0,true,false
2026-07-03T01:52:30.000Z,18,0,18,0,false,false
2026-07-03T01:55:00.000Z,58,64,18,0,true,false
2026-07-03T01:57:30.000Z,18,0,94,120,false,true
2026-07-03T02:00:00.000Z,59,60,18,0,true,false
2026-07-03T02:02:30.000Z,18,0,18,0,false,false
2026-07-03T02:05:00.000Z,59,67,18,0,true,false
2026-07-03T02:07:30.000Z,18,0,18,0,false,false
2026-07-03T02:10:00.000Z,61,77,18,0,true,false
2026-07-03T02:12:30.000Z,18,0,97,117,false,true
2026-07-03T02:15:00.000Z,56,82,18,0,true,false
2026-07-03T02:17:30.000Z,18,0,18,0,false,false
2026-07-03T02:20:00.000Z,56,58,18,0,true,false
2026-07-03T02:22:30.000Z,18,0,18,0,false,false
2026-07-03T02:25:00.000Z,59,72,18,0,true,false
2026-07-03T02:27:30.000Z,18,0,96,113,false,true
2026-07-03T02:30:00.000Z,57,57,18,0,true,false
2026-07-03T02:32:30.000Z,18,0,18,0,false,false
2026-07-03T02:35:00.000Z,58,50,18,0,true,false
2026-07-03T02:37:30.000Z,18,0,18,0,false,false
2026-07-03T02:40:00.000Z,56,53,18,0,true,false
2026-07-03T02:42:30.000Z,18,0,95,119,false,true
2026-07-03T02:45:00.000Z,58,60,18,0,true,false
2026-07-03T02:47:30.000Z,18,0,18,0,false,false
2026-07-03T02:50:00.000Z,56,57,18,0,true,false
2026-07-03T02:52:30.000Z,18,0,18,0,false,false
2026-07-03T02:55:00.000Z,61,66,18,0,true,false
2026-07-03T02:57:30.000Z,18,0,95,117,false,true
2026-07-03T03:00:00.000Z,60,60,18,0,true,false
2026-07-03T03:02:30.000Z,18,0,18,0,false,false
2026-07-03T03:05:00.000Z,56,73,18,0,true,false
2026-07-03T03:07:30.000Z,18,0,18,0,false,false
2026-07-03T03:10:00.000Z,57,42,18,0,true,false
2026-07-03T03:12:30.000Z,18,0,97,110,false,true
2026-07-03T03:15:00.000Z,18,0,18,0,false,false
2026-07-03T03:17:30.000Z,18,0,18,0,false,false
2026-07-03T03:20:00.000Z,58,56,18,0,true,false
2026-07-03T03:22:30.000Z,18,0,18,0,false,false
2026-07-03T03:25:00.000Z,61,53,18,0,true,false
2026-07-03T03:27:30.000Z,18,0,94,123,false,true
2026-07-03T03:30:00.000Z,58,63,18,0,true,false
2026-07-03T03:32:30.000Z,18,0,18,0,false,false
2026-07-03T03:35:00.000Z,58,72,18,0,true,false
2026-07-03T03:37:30.000Z,18,0,18,0,false,false
2026-07-03T03:40:00.000Z,58,64,18,0,true,false
2026-07-03T03:42:30.000Z,18,0,96,114,false,true
2026-07-03T03:45:00.000Z,60,53,18,0,true,false
2026-07-03T03:47:30.000Z,18,0,18,0,false,false
2026-07-03T03:50:00.000Z,58,67,18,0,true,false
2026-07-03T03:52:30.000Z,18,0,18,0,false,false
2026-07-03T03:55:00.000Z,61,46,18,0,true,false
2026-07-03T03:57:30.000Z,18,0,94,114,false,true
2026-07-03T04:00:00.000Z,57,73,18,0,true,false
2026-07-03T04:02:30.000Z,18,0,18,0,false,false
2026-07-03T04:05:00.000Z,57,42,18,0,true,false
2026-07-03T04:07:30.000Z,18,0,18,0,false,false
2026-07-03T04:10:00.000Z,58,58,18,0,true,false
2026-07-03T04:12:30.000Z,18,0,96,124,false,true
2026-07-03T04:15:00.000Z,56,49,18,0,true,false
2026-07-03T04:17:30.000Z,18,0,18,0,false,false
2026-07-03T04:20:00.000Z,60,57,18,0,true,false
2026-07-03T04:22:30.000Z,18,0,18,0,false,false
2026-07-03T04:25:00.000Z,57,49,18,0,true,false
2026-07-03T04:27:30.000Z,18,0,96,112,false,true
2026-07-03T04:30:00.000Z,57,52,18,0,true,false
2026-07-03T04:32:30.000Z,18,0,18,0,false,false
2026-07-03T04:35:00.000Z,58,83,18,0,true,false
2026-07-03T04:37:30.000Z,18,0,18,0,false,false
2026-07-03T04:40:00.000Z,61,52,18,0,true,false
2026-07-03T04:42:30.000Z,18,0,96,117,false,true
2026-07-03T04:45:00.000Z,58,70,18,0,true,false
2026-07-03T04:47:30.000Z,18,0,18,0,false,false
2026-07-03T04:50:00.000Z,55,69,18,0,true,false
2026-07-03T04:52:30.000Z,18,0,18,0,false,false
2026-07-03T04:55:00.000Z,61,65,18,0,true,false
2026-07-03T04:57:30.000Z,18,0,98,123,false,true
2026-07-03T05:00:00.000Z,57,63,18,0,true,false
2026-07-03T05:02:30.000Z,18,0,18,0,false,false
2026-07-03T05:05:00.000Z,18,0,18,0,false,false
2026-07-03T05:07:30.000Z,18,0,18,0,false,false
2026-07-03T05:10:00.000Z,61,69,18,0,true,false
2026-07-03T05:12:30.000Z,18,0,95,119,false,true
2026-07-03T05:15:00.000Z,58,45,18,0,true,false
2026-07-03T05:17:30.000Z,18,0,18,0,false,false
2026-07-03T05:20:00.000Z,55,74,18,0,true,false
2026-07-03T05:22:30.000Z,18,0,18,0,false,false
2026-07-03T05:25:00.000Z,58,61,18,0,true,false
2026-07-03T05:27:30.000Z,18,0,95,120,false,true
2026-07-03T05:30:00.000Z,60,58,18,0,true,false
2026-07-03T05:32:30.000Z,18,0,18,0,false,false
2026-07-03T05:35:00.000Z,58,91,18,0,true,false
2026-07-03T05:37:30.000Z,18,0,18,0,false,false
2026-07-03T05:40:00.000Z,57,48,18,0,true,false
2026-07-03T05:42:30.000Z,18,0,94,119,false,true
2026-07-03T05:45:00.000Z,59,57,18,0,true,false
2026-07-03T05:47:30.000Z,18,0,18,0,false,false
2026-07-03T05:50:00.000Z,57,53,18,0,true,false
2026-07-03T05:52:30.000Z,18,0,18,0,false,false
2026-07-03T05:55:00.000Z,57,73,18,0,true,false
2026-07-03T05:57:30.000Z,18,0,94,123,false,true
2026-07-03T06:00:00.000Z,57,46,18,0,true,false
2026-07-03T06:02:30.000Z,18,0,18,0,false,false
2026-07-03T06:05:00.000Z,57,46,18,0,true,false
2026-07-03T06:07:30.000Z,18,0,18,0,false,false
2026-07-03T06:10:00.000Z,58,44,18,0,true,false
2026-07-03T06:12:30.000Z,18,0,96,115,false,true
2026-07-03T06:15:00.000Z,54,69,18,0,true,false
2026-07-03T06:17:30.000Z,18,0,18,0,false,false
2026-07-03T06:20:00.000Z,56,65,18,0,true,false
2026-07-03T06:22:30.000Z,18,0,18,0,false,false
2026-07-03T06:25:00.000Z,55,57,18,0,true,false
2026-07-03T06:27:30.000Z,18,0,94,121,false,true
2026-07-03T06:30:00.000Z,55,42,18,0,true,false
2026-07-03T06:32:30.000Z,18,0,18,0,false,false
2026-07-03T06:35:00.000Z,54,60,18,0,true,false
2026-07-03T06:37:30.000Z,18,0,18,0,false,false
2026-07-03T06:40:00.000Z,58,87,18,0,true,false
2026-07-03T06:42:30.000Z,18,0,94,118,false,true
2026-07-03T06:45:00.000Z,55,79,18,0,true,false
2026-07-03T06:47:30.000Z,18,0,18,0,false,false
2026-07-03T06:50:00.000Z,58,70,18,0,true,false
2026-07-03T06:52:30.000Z,18,0,18,0,false,false
2026-07-03T06:55:00.000Z,18,0,18,0,false,false
2026-07-03T06:57:30.000Z,18,0,95,127,false,true
2026-07-03T07:00:00.000Z,73,45,18,0,true,false
2026-07-03T07:02:30.000Z,18,0,18,0,false,false
2026-07-03T07:05:00.000Z,67,36,18,0,true,false
2026-07-03T07:07:30.000Z,18,0,18,0,false,false
2026-07-03T07:10:00.000Z,67,38,18,0,true,false
2026-07-03T07:12:30.000Z,18,0,18,0,false,false
2026-07-03T07:15:00.000Z,70,47,96,125,true,true
2026-07-03T07:17:30.000Z,18,0,18,0,false,false
2026-07-03T07:20:00.000Z,74,41,18,0,true,false
2026-07-03T07:22:30.000Z,18,0,18,0,false,false
2026-07-03T07:25:00.000Z,71,43,18,0,true,false
2026-07-03T07:27:30.000Z,18,0,18,0,false,false
2026-07-03T07:30:00.000Z,70,47,96,133,true,true
2026-07-03T07:32:30.000Z,18,0,18,0,false,false
2026-07-03T07:35:00.000Z,74,58,18,0,true,false
2026-07-03T07:37:30.000Z,18,0,18,0,false,false
2026-07-03T07:40:00.000Z,71,42,18,0,true,false
2026-07-03T07:42:30.000Z,18,0,18,0,false,false
2026-07-03T07:45:00.000Z,73,32,97,136,true,true
2026-07-03T07:47:30.000Z,18,0,18,0,false,false
2026-07-03T07:50:00.000Z,77,36,18,0,true,false
2026-07-03T07:52:30.000Z,18,0,18,0,false,false
2026-07-03T07:55:00.000Z,75,36,18,0,true,false
2026-07-03T07:57:30.000Z,18,0,18,0,false,false
2026-07-03T08:00:00.000Z,69,57,97,130,true,true
2026-07-03T08:02:30.000Z,18,0,18,0,false,false
2026-07-03T08:05:00.000Z,74,51,18,0,true,false
2026-07-03T08:07:30.000Z,18,0,18,0,false,false
2026-07-03T08:10:00.000Z,75,30,98,127,true,true
2026-07-03T08:12:30.000Z,18,0,18,0,false,false
2026-07-03T08:15:00.000Z,73,38,18,0,true,false
2026-07-03T08:17:30.000Z,18,0,18,0,false,false
2026-07-03T08:20:00.000Z,72,54,18,0,true,false
2026-07-03T08:22:30.000Z,18,0,18,0,false,false
2026-07-03T08:25:00.000Z,75,30,95,129,true,true
2026-07-03T08:27:30.000Z,18,0,18,0,false,false
2026-07-03T08:30:00.000Z,75,46,18,0,true,false
2026-07-03T08:32:30.000Z,18,0,18,0,false,false
2026-07-03T08:35:00.000Z,75,61,18,0,true,false
2026-07-03T08:37:30.000Z,18,0,18,0,false,false
2026-07-03T08:40:00.000Z,74,53,97,122,true,true
2026-07-03T08:42:30.000Z,18,0,18,0,false,false
2026-07-03T08:45:00.000Z,72,45,18,0,true,false
2026-07-03T08:47:30.000Z,18,0,18,0,false,false
2026-07-03T08:50:00.000Z,73,44,18,0,true,false
2026-07-03T08:52:30.000Z,18,0,18,0,false,false
2026-07-03T08:55:00.000Z,76,47,95,123,true,true
2026-07-03T08:57:30.000Z,18,0,18,0,false,false
2026-07-03T09:00:00.000Z,89,40,18,0,true,false
2026-07-03T09:02:30.000Z,18,0,18,0,false,false
2026-07-03T09:05:00.000Z,74,44,18,0,true,false
2026-07-03T09:07:30.000Z,18,0,18,0,false,false
2026-07-03T09:10:00.000Z,70,62,98,120,true,true
2026-07-03T09:12:30.000Z,18,0,18,0,false,false
2026-07-03T09:15:00.000Z,75,52,18,0,true,false
2026-07-03T09:17:30.000Z,18,0,18,0,false,false
2026-07-03T09:20:00.000Z,74,65,18,0,true,false
2026-07-03T09:22:30.000Z,18,0,18,0,false,false
2026-07-03T09:25:00.000Z,73,45,18,0,true,false
2026-07-03T09:27:30.000Z,18,0,96,124,false,true
2026-07-03T09:30:00.000Z,74,39,18,0,true,false
2026-07-03T09:32:30.000Z,18,0,18,0,false,false
2026-07-03T09:35:00.000Z,79,47,18,0,true,false
2026-07-03T09:37:30.000Z,18,0,95,120,false,true
2026-07-03T09:40:00.000Z,73,49,18,0,true,false
2026-07-03T09:42:30.000Z,18,0,18,0,false,false
2026-07-03T09:45:00.000Z,79,41,18,0,true,false
2026-07-03T09:47:30.000Z,18,0,18,0,false,false
2026-07-03T09:50:00.000Z,74,37,18,0,true,false
2026-07-03T09:52:30.000Z,18,0,97,130,false,true
2026-07-03T09:55:00.000Z,76,36,18,0,true,false
2026-07-03T09:57:30.000Z,18,0,18,0,false,false
2026-07-03T10:00:00.000Z,103,29,18,0,true,false
2026-07-03T10:02:30.000Z,18,0,18,0,false,false
2026-07-03T10:05:00.000Z,75,48,18,0,true,false
2026-07-03T10:07:30.000Z,18,0,95,122,false,true
2026-07-03T10:10:00.000Z,72,41,18,0,true,false
2026-07-03T10:12:30.000Z,18,0,18,0,false,false
2026-07-03T10:15:00.000Z,76,50,18,0,true,false
2026-07-03T10:17:30.000Z,18,0,18,0,false,false
2026-07-03T10:20:00.000Z,75,54,18,0,true,false
2026-07-03T10:22:30.000Z,18,0,97,133,false,true
2026-07-03T10:25:00.000Z,77,26,18,0,true,false
2026-07-03T10:27:30.000Z,18,0,18,0,false,false
2026-07-03T10:30:00.000Z,78,56,18,0,true,false
2026-07-03T10:32:30.000Z,18,0,18,0,false,false
2026-07-03T10:35:00.000Z,81,59,18,0,true,false
2026-07-03T10:37:30.000Z,18,0,95,124,false,true
2026-07-03T10:40:00.000Z,79,48,18,0,true,false
2026-07-03T10:42:30.000Z,18,0,18,0,false,false
2026-07-03T10:45:00.000Z,73,52,18,0,true,false
2026-07-03T10:47:30.000Z,18,0,18,0,false,false
2026-07-03T10:50:00.000Z,81,45,18,0,true,false
2026-07-03T10:52:30.000Z,18,0,97,129,false,true
2026-07-03T10:55:00.000Z,82,58,18,0,true,false
2026-07-03T10:57:30.000Z,18,0,18,0,false,false
2026-07-03T11:00:00.000Z,82,54,18,0,true,false
2026-07-03T11:02:30.000Z,18,0,18,0,false,false
2026-07-03T11:05:00.000Z,75,57,97,131,true,true
2026-07-03T11:07:30.000Z,18,0,18,0,false,false
2026-07-03T11:10:00.000Z,84,37,18,0,true,false
2026-07-03T11:12:30.000Z,18,0,18,0,false,false
2026-07-03T11:15:00.000Z,73,59,18,0,true,false
2026-07-03T11:17:30.000Z,18,0,18,0,false,false
2026-07-03T11:20:00.000Z,82,39,97,130,true,true
2026-07-03T11:22:30.000Z,18,0,18,0,false,false
2026-07-03T11:25:00.000Z,18,0,18,0,false,false
2026-07-03T11:27:30.000Z,18,0,18,0,false,false
2026-07-03T11:30:00.000Z,80,43,18,0,true,false
2026-07-03T11:32:30.000Z,18,0,18,0,false,false
2026-07-03T11:35:00.000Z,75,41,18,0,true,false
2026-07-03T11:37:30.000Z,18,0,18,0,false,false
2026-07-03T11:40:00.000Z,79,41,95,130,true,true
2026-07-03T11:42:30.000Z,18,0,18,0,false,false
2026-07-03T11:45:00.000Z,79,35,18,0,true,false
2026-07-03T11:47:30.000Z,18,0,18,0,false,false
2026-07-03T11:50:00.000Z,81,46,18,0,true,false
2026-07-03T11:52:30.000Z,18,0,18,0,false,false
2026-07-03T11:55:00.000Z,84,41,98,117,true,true
2026-07-03T11:57:30.000Z,18,0,18,0,false,false
2026-07-03T12:00:00.000Z,81,56,18,0,true,false
2026-07-03T12:02:30.000Z,18,0,18,0,false,false
2026-07-03T12:05:00.000Z,82,48,18,0,true,false
2026-07-03T12:07:30.000Z,18,0,18,0,false,false
2026-07-03T12:10:00.000Z,79,38,18,0,true,false
2026-07-03T12:12:30.000Z,18,0,18,0,false,false
2026-07-03T12:15:00.000Z,76,45,18,0,true,false
2026-07-03T12:17:30.000Z,18,0,18,0,false,false
2026-07-03T12:20:00.000Z,79,41,18,0,true,false
2026-07-03T12:22:30.000Z,18,0,18,0,false,false
2026-07-03T12:25:00.000Z,82,38,97,140,true,true
2026-07-03T12:27:30.000Z,18,0,18,0,false,false
2026-07-03T12:30:00.000Z,85,69,18,0,true,false
2026-07-03T12:32:30.000Z,18,0,18,0,false,false
2026-07-03T12:35:00.000Z,76,42,18,0,true,false
2026-07-03T12:37:30.000Z,18,0,18,0,false,false
2026-07-03T12:40:00.000Z,82,40,18,0,true,false
2026-07-03T12:42:30.000Z,18,0,94,134,false,true
2026-07-03T12:45:00.000Z,78,38,18,0,true,false
2026-07-03T12:47:30.000Z,18,0,18,0,false,false
2026-07-03T12:50:00.000Z,78,54,18,0,true,false
2026-07-03T12:52:30.000Z,18,0,18,0,false,false
2026-07-03T12:55:00.000Z,83,43,18,0,true,false
2026-07-03T12:57:30.000Z,18,0,96,130,false,true
2026-07-03T13:00:00.000Z,87,26,18,0,true,false
2026-07-03T13:02:30.000Z,18,0,18,0,false,false
2026-07-03T13:05:00.000Z,86,31,18,0,true,false
2026-07-03T13:07:30.000Z,18,0,18,0,false,false
2026-07-03T13:10:00.000Z,85,27,18,0,true,false
2026-07-03T13:12:30.000Z,18,0,98,122,false,true
2026-07-03T13:15:00.000Z,84,31,18,0,true,false
2026-07-03T13:17:30.000Z,18,0,18,0,false,false
2026-07-03T13:20:00.000Z,82,40,18,0,true,false
2026-07-03T13:22:30.000Z,18,0,18,0,false,false
2026-07-03T13:25:00.000Z,84,47,18,0,true,false
2026-07-03T13:27:30.000Z,18,0,95,132,false,true
2026-07-03T13:30:00.000Z,81,46,18,0,true,false
2026-07-03T13:32:30.000Z,18,0,18,0,false,false
2026-07-03T13:35:00.000Z,79,50,18,0,true,false
2026-07-03T13:37:30.000Z,18,0,18,0,false,false
2026-07-03T13:40:00.000Z,78,43,18,0,true,false
2026-07-03T13:42:30.000Z,18,0,18,0,false,false
2026-07-03T13:45:00.000Z,84,31,97,126,true,true
2026-07-03T13:47:30.000Z,18,0,18,0,false,false
2026-07-03T13:50:00.000Z,88,28,18,0,true,false
2026-07-03T13:52:30.000Z,18,0,18,0,false,false
2026-07-03T13:55:00.000Z,78,50,18,0,true,false
2026-07-03T13:57:30.000Z,18,0,18,0,false,false
2026-07-03T14:00:00.000Z,84,40,97,121,true,true
2026-07-03T14:02:30.000Z,18,0,18,0,false,false
2026-07-03T14:05:00.000Z,107,30,18,0,true,false
2026-07-03T14:07:30.000Z,18,0,18,0,false,false
2026-07-03T14:10:00.000Z,79,40,18,0,true,false
2026-07-03T14:12:30.000Z,18,0,18,0,false,false
2026-07-03T14:15:00.000Z,74,40,18,0,true,false
2026-07-03T14:17:30.000Z,18,0,18,0,false,false
2026-07-03T14:20:00.000Z,86,33,97,128,true,true
2026-07-03T14:22:30.000Z,18,0,18,0,false,false
2026-07-03T14:25:00.000Z,79,48,18,0,true,false
2026-07-03T14:27:30.000Z,18,0,18,0,false,false
2026-07-03T14:30:00.000Z,84,38,18,0,true,false
2026-07-03T14:32:30.000Z,18,0,97,129,false,true
2026-07-03T14:35:00.000Z,81,36,18,0,true,false
2026-07-03T14:37:30.000Z,18,0,18,0,false,false
2026-07-03T14:40:00.000Z,84,33,18,0,true,false
2026-07-03T14:42:30.000Z,18,0,18,0,false,false
2026-07-03T14:45:00.000Z,80,55,18,0,true,false
2026-07-03T14:47:30.000Z,18,0,18,0,false,false
2026-07-03T14:50:00.000Z,84,40,18,0,true,false
2026-07-03T14:52:30.000Z,18,0,97,126,false,true
2026-07-03T14:55:00.000Z,85,34,18,0,true,false
2026-07-03T14:57:30.000Z,18,0,18,0,false,false
2026-07-03T15:00:00.000Z,82,39,18,0,true,false
2026-07-03T15:02:30.000Z,18,0,18,0,false,false
2026-07-03T15:05:00.000Z,84,49,18,0,true,false
2026-07-03T15:07:30.000Z,18,0,96,126,false,true
2026-07-03T15:10:00.000Z,84,39,18,0,true,false
2026-07-03T15:12:30.000Z,18,0,18,0,false,false
2026-07-03T15:15:00.000Z,86,58,18,0,true,false
2026-07-03T15:17:30.000Z,18,0,18,0,false,false
2026-07-03T15:20:00.000Z,88,45,18,0,true,false
2026-07-03T15:22:30.000Z,18,0,95,121,false,true
2026-07-03T15:25:00.000Z,82,42,18,0,true,false
2026-07-03T15:27:30.000Z,18,0,18,0,false,false
2026-07-03T15:30:00.000Z,85,29,18,0,true,false
2026-07-03T15:32:30.000Z,18,0,18,0,false,false
2026-07-03T15:35:00.000Z,80,40,98,124,true,true
2026-07-03T15:37:30.000Z,18,0,18,0,false,false
2026-07-03T15:40:00.000Z,81,55,18,0,true,false
2026-07-03T15:42:30.000Z,18,0,18,0,false,false
2026-07-03T15:45:00.000Z,84,40,18,0,true,false
2026-07-03T15:47:30.000Z,18,0,18,0,false,false
2026-07-03T15:50:00.000Z,79,46,98,129,true,true
2026-07-03T15:52:30.000Z,18,0,18,0,false,false
2026-07-03T15:55:00.000Z,80,51,18,0,true,false
2026-07-03T15:57:30.000Z,18,0,18,0,false,false
2026-07-03T16:00:00.000Z,80,46,18,0,true,false
2026-07-03T16:02:30.000Z,18,0,18,0,false,false
2026-07-03T16:05:00.000Z,82,49,98,126,true,true
2026-07-03T16:07:30.000Z,18,0,18,0,false,false
2026-07-03T16:10:00.000Z,85,47,18,0,true,false
2026-07-03T16:12:30.000Z,18,0,18,0,false,false
2026-07-03T16:15:00.000Z,85,35,18,0,true,false
2026-07-03T16:17:30.000Z,18,0,18,0,false,false
2026-07-03T16:20:00.000Z,83,44,98,123,true,true
2026-07-03T16:22:30.000Z,18,0,18,0,false,false
2026-07-03T16:25:00.000Z,86,33,18,0,true,false
2026-07-03T16:27:30.000Z,18,0,18,0,false,false
2026-07-03T16:30:00.000Z,78,41,18,0,true,false
2026-07-03T16:32:30.000Z,18,0,18,0,false,false
2026-07-03T16:35:00.000Z,82,47,98,120,true,true
2026-07-03T16:37:30.000Z,18,0,18,0,false,false
2026-07-03T16:40:00.000Z,80,33,18,0,true,false
2026-07-03T16:42:30.000Z,18,0,18,0,false,false
2026-07-03T16:45:00.000Z,79,54,18,0,true,false
2026-07-03T16:47:30.000Z,18,0,18,0,false,false
2026-07-03T16:50:00.000Z,79,24,96,132,true,true
2026-07-03T16:52:30.000Z,18,0,18,0,false,false
2026-07-03T16:55:00.000Z,81,34,18,0,true,false
2026-07-03T16:57:30.000Z,18,0,18,0,false,false
2026-07-03T17:00:00.000Z,75,36,18,0,true,false
2026-07-03T17:02:30.000Z,18,0,18,0,false,false
2026-07-03T17:05:00.000Z,84,41,95,125,true,true
2026-07-03T17:07:30.000Z,18,0,18,0,false,false
2026-07-03T17:10:00.000Z,78,26,18,0,true,false
2026-07-03T17:12:30.000Z,18,0,18,0,false,false
2026-07-03T17:15:00.000Z,76,52,18,0,true,false
2026-07-03T17:17:30.000Z,18,0,18,0,false,false
2026-07-03T17:20:00.000Z,18,0,97,117,false,true
2026-07-03T17:22:30.000Z,18,0,18,0,false,false
2026-07-03T17:25:00.000Z,87,45,18,0,true,false
2026-07-03T17:27:30.000Z,18,0,18,0,false,false
2026-07-03T17:30:00.000Z,79,45,18,0,true,false
2026-07-03T17:32:30.000Z,18,0,18,0,false,false
2026-07-03T17:35:00.000Z,82,49,96,111,true,true
2026-07-03T17:37:30.000Z,18,0,18,0,false,false
2026-07-03T17:40:00.000Z,76,56,18,0,true,false
2026-07-03T17:42:30.000Z,18,0,18,0,false,false
2026-07-03T17:45:00.000Z,77,43,18,0,true,false
2026-07-03T17:47:30.000Z,18,0,18,0,false,false
2026-07-03T17:50:00.000Z,78,49,96,131,true,true
2026-07-03T17:52:30.000Z,18,0,18,0,false,false
2026-07-03T17:55:00.000Z,78,43,18,0,true,false
2026-07-03T17:57:30.000Z,18,0,18,0,false,false
2026-07-03T18:00:00.000Z,81,51,18,0,true,false
2026-07-03T18:02:30.000Z,18,0,18,0,false,false
2026-07-03T18:05:00.000Z,79,36,96,125,true,true
2026-07-03T18:07:30.000Z,18,0,18,0,false,false
2026-07-03T18:10:00.000Z,74,50,18,0,true,false
2026-07-03T18:12:30.000Z,18,0,18,0,false,false
2026-07-03T18:15:00.000Z,71,43,95,130,true,true
2026-07-03T18:17:30.000Z,18,0,18,0,false,false
2026-07-03T18:20:00.000Z,79,46,18,0,true,false
2026-07-03T18:22:30.000Z,18,0,18,0,false,false
2026-07-03T18:25:00.000Z,85,41,97,132,true,true
2026-07-03T18:27:30.000Z,18,0,18,0,false,false
2026-07-03T18:30:00.000Z,82,24,18,0,true,false
2026-07-03T18:32:30.000Z,18,0,18,0,false,false
2026-07-03T18:35:00.000Z,79,40,18,0,true,false
2026-07-03T18:37:30.000Z,18,0,18,0,false,false
2026-07-03T18:40:00.000Z,81,60,95,123,true,true
2026-07-03T18:42:30.000Z,18,0,18,0,false,false
2026-07-03T18:45:00.000Z,80,47,18,0,true,false
2026-07-03T18:47:30.000Z,18,0,18,0,false,false
2026-07-03T18:50:00.000Z,74,49,18,0,true,false
2026-07-03T18:52:30.000Z,18,0,18,0,false,false
2026-07-03T18:55:00.000Z,79,46,95,129,true,true
2026-07-03T18:57:30.000Z,18,0,18,0,false,false
2026-07-03T19:00:00.000Z,80,31,18,0,true,false
2026-07-03T19:02:30.000Z,18,0,18,0,false,false
2026-07-03T19:05:00.000Z,79,40,18,0,true,false
2026-07-03T19:07:30.000Z,18,0,18,0,false,false
2026-07-03T19:10:00.000Z,81,47,18,0,true,false
2026-07-03T19:12:30.000Z,18,0,96,128,false,true
2026-07-03T19:15:00.000Z,77,70,18,0,true,false
2026-07-03T19:17:30.000Z,18,0,18,0,false,false
2026-07-03T19:20:00.000Z,78,39,18,0,true,false
2026-07-03T19:22:30.000Z,18,0,95,126,false,true
2026-07-03T19:25:00.000Z,72,33,18,0,true,false
2026-07-03T19:27:30.000Z,18,0,18,0,false,false
2026-07-03T19:30:00.000Z,83,48,18,0,true,false
2026-07-03T19:32:30.000Z,18,0,18,0,false,false
2026-07-03T19:35:00.000Z,76,58,18,0,true,false
2026-07-03T19:37:30.000Z,18,0,95,119,false,true
2026-07-03T19:40:00.000Z,78,31,18,0,true,false
2026-07-03T19:42:30.000Z,18,0,18,0,false,false
2026-07-03T19:45:00.000Z,76,44,18,0,true,false
2026-07-03T19:47:30.000Z,18,0,18,0,false,false
2026-07-03T19:50:00.000Z,18,0,18,0,false,false
2026-07-03T19:52:30.000Z,18,0,96,128,false,true
2026-07-03T19:55:00.000Z,77,46,18,0,true,false
2026-07-03T19:57:30.000Z,18,0,18,0,false,false
2026-07-03T21:00:00.000Z,106,28,95,121,true,true
2026-07-03T21:02:30.000Z,18,0,18,0,false,false
2026-07-03T21:05:00.000Z,73,89,18,0,true,false
2026-07-03T21:07:30.000Z,18,0,18,0,false,false
2026-07-03T21:10:00.000Z,77,51,18,0,true,false
2026-07-03T21:12:30.000Z,18,0,18,0,false,false
2026-07-03T21:15:00.000Z,70,48,98,128,true,true
2026-07-03T21:17:30.000Z,18,0,18,0,false,false
2026-07-03T21:20:00.000Z,75,54,18,0,true,false
2026-07-03T21:22:30.000Z,18,0,18,0,false,false
2026-07-03T21:25:00.000Z,76,45,18,0,true,false
2026-07-03T21:27:30.000Z,18,0,18,0,false,false
2026-07-03T21:30:00.000Z,96,29,18,0,true,false
2026-07-03T21:32:30.000Z,18,0,97,116,false,true
2026-07-03T21:35:00.000Z,73,50,18,0,true,false
2026-07-03T21:37:30.000Z,18,0,18,0,false,false
2026-07-03T21:40:00.000Z,74,54,18,0,true,false
2026-07-03T21:42:30.000Z,18,0,18,0,false,false
2026-07-03T21:45:00.000Z,68,32,95,120,true,true
2026-07-03T21:47:30.000Z,18,0,18,0,false,false
2026-07-03T21:50:00.000Z,71,43,18,0,true,false
2026-07-03T21:52:30.000Z,18,0,18,0,false,false
2026-07-03T21:55:00.000Z,76,52,18,0,true,false
2026-07-03T21:57:30.000Z,18,0,97,132,false,true
2026-07-03T22:00:00.000Z,69,41,18,0,true,false
2026-07-03T22:02:30.000Z,18,0,18,0,false,false
2026-07-03T22:05:00.000Z,72,45,18,0,true,false
2026-07-03T22:07:30.000Z,18,0,18,0,false,false
2026-07-03T22:10:00.000Z,74,54,18,0,true,false
2026-07-03T22:12:30.000Z,18,0,98,123,false,true
2026-07-03T22:15:00.000Z,78,41,18,0,true,false
2026-07-03T22:17:30.000Z,18,0,18,0,false,false
2026-07-03T22:20:00.000Z,71,47,18,0,true,false
2026-07-03T22:22:30.000Z,18,0,97,125,false,true
2026-07-03T22:25:00.000Z,70,41,18,0,true,false
2026-07-03T22:27:30.000Z,18,0,18,0,false,false
2026-07-03T22:30:00.000Z,73,46,18,0,true,false
2026-07-03T22:32:30.000Z,18,0,18,0,false,false
2026-07-03T22:35:00.000Z,74,49,18,0,true,false
2026-07-03T22:37:30.000Z,18,0,97,127,false,true
2026-07-03T22:40:00.000Z,68,51,18,0,true,false
2026-07-03T22:42:30.000Z,18,0,18,0,false,false
2026-07-03T22:45:00.000Z,68,58,18,0,true,false
2026-07-03T22:47:30.000Z,18,0,98,128,false,true
2026-07-03T22:50:00.000Z,99,28,18,0,true,false
2026-07-03T22:52:30.000Z,18,0,18,0,false,false
2026-07-03T22:55:00.000Z,66,65,18,0,true,false
2026-07-03T22:57:30.000Z,18,0,18,0,false,false
2026-07-03T23:00:00.000Z,58,53,18,0,true,false
2026-07-03T23:02:30.000Z,18,0,95,122,false,true
2026-07-03T23:05:00.000Z,54,51,18,0,true,false
2026-07-03T23:07:30.000Z,18,0,18,0,false,false
2026-07-03T23:10:00.000Z,59,75,18,0,true,false
2026-07-03T23:12:30.000Z,18,0,18,0,false,false
2026-07-03T23:15:00.000Z,58,51,18,0,true,false
2026-07-03T23:17:30.000Z,18,0,97,115,false,true
2026-07-03T23:20:00.000Z,62,63,18,0,true,false
2026-07-03T23:22:30.000Z,18,0,18,0,false,false
2026-07-03T23:25:00.000Z,60,51,18,0,true,false
2026-07-03T23:27:30.000Z,18,0,18,0,false,false
2026-07-03T23:30:00.000Z,56,43,18,0,true,false
2026-07-03T23:32:30.000Z,18,0,95,123,false,true
2026-07-03T23:35:00.000Z,59,64,18,0,true,false
2026-07-03T23:37:30.000Z,18,0,18,0,false,false
2026-07-03T23:40:00.000Z,59,69,18,0,true,false
2026-07-03T23:42:30.000Z,18,0,18,0,false,false
2026-07-03T23:45:00.000Z,58,76,18,0,true,false
2026-07-03T23:47:30.000Z,18,0,96,123,false,true
2026-07-03T23:50:00.000Z,61,63,18,0,true,false
2026-07-03T23:52:30.000Z,18,0,18,0,false,false
2026-07-03T23:55:00.000Z,56,69,18,0,true,false
2026-07-03T23:57:30.000Z,18,0,18,0,false,false
2026-07-04T00:00:00.000Z,58,78,18,0,true,false
2026-07-04T00:02:30.000Z,18,0,95,123,false,true
2026-07-04T00:05:00.000Z,57,57,18,0,true,false
2026-07-04T00:07:30.000Z,18,0,18,0,false,false
2026-07-04T00:10:00.000Z,57,72,18,0,true,false
2026-07-04T00:12:30.000Z,18,0,18,0,false,false
2026-07-04T00:15:00.000Z,62,54,18,0,true,false
2026-07-04T00:17:30.000Z,18,0,96,120,false,true
2026-07-04T00:20:00.000Z,59,43,18,0,true,false
2026-07-04T00:22:30.000Z,18,0,18,0,false,false
2026-07-04T00:25:00.000Z,58,60,18,0,true,false
2026-07-04T00:27:30.000Z,18,0,18,0,false,false
2026-07-04T00:30:00.000Z,57,66,18,0,true,false
2026-07-04T00:32:30.000Z,18,0,97,108,false,true
2026-07-04T00:35:00.000Z,56,58,18,0,true,false
2026-07-04T00:37:30.000Z,18,0,18,0,false,false
2026-07-04T00:40:00.000Z,57,66,18,0,true,false
2026-07-04T00:42:30.000Z,18,0,18,0,false,false
2026-07-04T00:45:00.000Z,59,54,18,0,true,false
2026-07-04T00:47:30.000Z,18,0,94,129,false,true
2026-07-04T00:50:00.000Z,55,61,18,0,true,false
2026-07-04T00:52:30.000Z,18,0,18,0,false,false
2026-07-04T00:55:00.000Z,56,59,18,0,true,false
2026-07-04T00:57:30.000Z,18,0,18,0,false,false
2026-07-04T01:00:00.000Z,61,67,18,0,true,false
2026-07-04T01:02:30.000Z,18,0,95,112,false,true
2026-07-04T01:05:00.000Z,57,97,18,0,true,false
2026-07-04T01:07:30.000Z,18,0,18,0,false,false
2026-07-04T01:10:00.000Z,60,51,18,0,true,false
2026-07-04T01:12:30.000Z,18,0,18,0,false,false
2026-07-04T01:15:00.000Z,56,62,18,0,true,false
2026-07-04T01:17:30.000Z,18,0,96,111,false,true
2026-07-04T01:20:00.000Z,57,43,18,0,true,false
2026-07-04T01:22:30.000Z,18,0,18,0,false,false
2026-07-04T01:25:00.000Z,61,49,18,0,true,false
2026-07-04T01:27:30.000Z,18,0,18,0,false,false
2026-07-04T01:30:00.000Z,59,48,18,0,true,false
2026-07-04T01:32:30.000Z,18,0,96,124,false,true
2026-07-04T01:35:00.000Z,61,81,18,0,true,false
2026-07-04T01:37:30.000Z,18,0,18,0,false,false
2026-07-04T01:40:00.000Z,56,45,18,0,true,false
2026-07-04T01:42:30.000Z,18,0,18,0,false,false
2026-07-04T01:45:00.000Z,60,68,18,0,true,false
2026-07-04T01:47:30.000Z,18,0,96,125,false,true
2026-07-04T01:50:00.000Z,60,70,18,0,true,false
2026-07-04T01:52:30.000Z,18,0,18,0,false,false
2026-07-04T01:55:00.000Z,59,88,18,0,true,false
2026-07-04T01:57:30.000Z,18,0,18,0,false,false
2026-07-04T02:00:00.000Z,18,0,18,0,false,false
2026-07-04T02:02:30.000Z,18,0,96,112,false,true
2026-07-04T02:05:00.000Z,60,53,18,0,true,false
2026-07-04T02:07:30.000Z,18,0,18,0,false,false
2026-07-04T02:10:00.000Z,56,58,18,0,true,false
2026-07-04T02:12:30.000Z,18,0,18,0,false,false
2026-07-04T02:15:00.000Z,58,68,18,0,true,false
2026-07-04T02:17:30.000Z,18,0,95,122,false,true
2026-07-04T02:20:00.000Z,61,36,18,0,true,false
2026-07-04T02:22:30.000Z,18,0,18,0,false,false
2026-07-04T02:25:00.000Z,56,84,18,0,true,false
2026-07-04T02:27:30.000Z,18,0,18,0,false,false
2026-07-04T02:30:00.000Z,61,65,18,0,true,false
2026-07-04T02:32:30.000Z,18,0,96,130,false,true
2026-07-04T02:35:00.000Z,58,59,18,0,true,false
2026-07-04T02:37:30.000Z,18,0,18,0,false,false
2026-07-04T02:40:00.000Z,60,61,18,0,true,false
2026-07-04T02:42:30.000Z,18,0,18,0,false,false
2026-07-04T02:45:00.000Z,59,55,18,0,true,false
2026-07-04T02:47:30.000Z,18,0,95,113,false,true
2026-07-04T02:50:00.000Z,55,69,18,0,true,false
2026-07-04T02:52:30.000Z,18,0,18,0,false,false
2026-07-04T02:55:00.000Z,57,50,18,0,true,false
2026-07-04T02:57:30.000Z,18,0,18,0,false,false
2026-07-04T03:00:00.000Z,55,54,18,0,true,false
2026-07-04T03:02:30.000Z,18,0,95,109,false,true
2026-07-04T03:05:00.000Z,58,45,18,0,true,false
2026-07-04T03:07:30.000Z,18,0,18,0,false,false
2026-07-04T03:10:00.000Z,18,0,18,0,false,false
2026-07-04T03:12:30.000Z,18,0,18,0,false,false
2026-07-04T03:15:00.000Z,58,87,18,0,true,false
2026-07-04T03:17:30.000Z,18,0,97,119,false,true
2026-07-04T03:20:00.000Z,54,54,18,0,true,false
2026-07-04T03:22:30.000Z,18,0,18,0,false,false
2026-07-04T03:25:00.000Z,58,48,18,0,true,false
2026-07-04T03:27:30.000Z,18,0,18,0,false,false
2026-07-04T03:30:00.000Z,57,50,18,0,true,false
2026-07-04T03:32:30.000Z,18,0,95,123,false,true
2026-07-04T03:35:00.000Z,59,76,18,0,true,false
2026-07-04T03:37:30.000Z,18,0,18,0,false,false
2026-07-04T03:40:00.000Z,60,55,18,0,true,false
2026-07-04T03:42:30.000Z,18,0,18,0,false,false
2026-07-04T03:45:00.000Z,57,54,18,0,true,false
2026-07-04T03:47:30.000Z,18,0,96,126,false,true
2026-07-04T03:50:00.000Z,18,0,18,0,false,false
2026-07-04T03:52:30.000Z,18,0,18,0,false,false
2026-07-04T03:55:00.000Z,60,48,18,0,true,false
2026-07-04T03:57:30.000Z,18,0,18,0,false,false
2026-07-04T04:00:00.000Z,59,46,18,0,true,false
2026-07-04T04:02:30.000Z,18,0,95,108,false,true
2026-07-04T04:05:00.000Z,55,68,18,0,true,false
2026-07-04T04:07:30.000Z,18,0,18,0,false,false
2026-07-04T04:10:00.000Z,58,50,18,0,true,false
2026-07-04T04:12:30.000Z,18,0,18,0,false,false
2026-07-04T04:15:00.000Z,57,69,18,0,true,false
2026-07-04T04:17:30.000Z,18,0,96,113,false,true
2026-07-04T04:20:00.000Z,54,57,18,0,true,false
2026-07-04T04:22:30.000Z,18,0,18,0,false,false
2026-07-04T04:25:00.000Z,55,49,18,0,true,false
2026-07-04T04:27:30.000Z,18,0,18,0,false,false
2026-07-04T04:30:00.000Z,58,36,18,0,true,false
2026-07-04T04:32:30.000Z,18,0,95,117,false,true
2026-07-04T04:35:00.000Z,54,57,18,0,true,false
2026-07-04T04:37:30.000Z,18,0,18,0,false,false
2026-07-04T04:40:00.000Z,56,60,18,0,true,false
2026-07-04T04:42:30.000Z,18,0,18,0,false,false
2026-07-04T04:45:00.000Z,61,56,18,0,true,false
2026-07-04T04:47:30.000Z,18,0,96,121,false,true
2026-07-04T04:50:00.000Z,59,49,18,0,true,false
2026-07-04T04:52:30.000Z,18,0,18,0,false,false
2026-07-04T04:55:00.000Z,56,68,18,0,true,false
2026-07-04T04:57:30.000Z,18,0,18,0,false,false
2026-07-04T05:00:00.000Z,61,62,18,0,true,false
2026-07-04T05:02:30.000Z,18,0,89,126,false,true
2026-07-04T05:05:00.000Z,58,70,18,0,true,false
2026-07-04T05:07:30.000Z,18,0,18,0,false,false
2026-07-04T05:10:00.000Z,55,47,18,0,true,false
2026-07-04T05:12:30.000Z,18,0,18,0,false,false
2026-07-04T05:15:00.000Z,60,60,18,0,true,false
2026-07-04T05:17:30.000Z,18,0,91,117,false,true
2026-07-04T05:20:00.000Z,58,88,18,0,true,false
2026-07-04T05:22:30.000Z,18,0,18,0,false,false
2026-07-04T05:25:00.000Z,57,62,18,0,true,false
2026-07-04T05:27:30.000Z,18,0,18,0,false,false
2026-07-04T05:30:00.000Z,55,44,18,0,true,false
2026-07-04T05:32:30.000Z,18,0,95,116,false,true
2026-07-04T05:35:00.000Z,54,67,18,0,true,false
2026-07-04T05:37:30.000Z,18,0,18,0,false,false
2026-07-04T05:40:00.000Z,60,58,18,0,true,false
2026-07-04T05:42:30.000Z,18,0,18,0,false,false
2026-07-04T05:45:00.000Z,60,42,18,0,true,false
2026-07-04T05:47:30.000Z,18,0,95,120,false,true
2026-07-04T05:50:00.000Z,55,49,18,0,true,false
2026-07-04T05:52:30.000Z,18,0,18,0,false,false
2026-07-04T05:55:00.000Z,58,46,18,0,true,false
2026-07-04T05:57:30.000Z,18,0,18,0,false,false
2026-07-04T06:00:00.000Z,58,79,18,0,true,false
2026-07-04T06:02:30.000Z,18,0,95,130,false,true
2026-07-04T06:05:00.000Z,56,68,18,0,true,false
2026-07-04T06:07:30.000Z,18,0,18,0,false,false
2026-07-04T06:10:00.000Z,58,47,18,0,true,false
2026-07-04T06:12:30.000Z,18,0,18,0,false,false
2026-07-04T06:15:00.000Z,57,48,18,0,true,false
2026-07-04T06:17:30.000Z,18,0,96,122,false,true
2026-07-04T06:20:00.000Z,18,0,18,0,false,false
2026-07-04T06:22:30.000Z,18,0,18,0,false,false
2026-07-04T06:25:00.000Z,59,51,18,0,true,false
2026-07-04T06:27:30.000Z,18,0,18,0,false,false
2026-07-04T06:30:00.000Z,60,46,18,0,true,false
2026-07-04T06:32:30.000Z,18,0,97,128,false,true
2026-07-04T06:35:00.000Z,63,52,18,0,true,false
2026-07-04T06:37:30.000Z,18,0,18,0,false,false
2026-07-04T06:40:00.000Z,58,78,18,0,true,false
2026-07-04T06:42:30.000Z,18,0,18,0,false,false
2026-07-04T06:45:00.000Z,54,57,18,0,true,false
2026-07-04T06:47:30.000Z,18,0,95,124,false,true
2026-07-04T06:50:00.000Z,56,58,18,0,true,false
2026-07-04T06:52:30.000Z,18,0,18,0,false,false
2026-07-04T06:55:00.000Z,57,89,18,0,true,false
2026-07-04T06:57:30.000Z,18,0,18,0,false,false
2026-07-04T07:00:00.000Z,76,42,18,0,true,false
2026-07-04T07:02:30.000Z,18,0,95,128,false,true
2026-07-04T07:05:00.000Z,18,0,18,0,false,false
2026-07-04T07:07:30.000Z,18,0,18,0,false,false
2026-07-04T07:10:00.000Z,69,68,18,0,true,false
2026-07-04T07:12:30.000Z,18,0,18,0,false,false
2026-07-04T07:15:00.000Z,65,41,18,0,true,false
2026-07-04T07:17:30.000Z,18,0,97,119,false,true
2026-07-04T07:20:00.000Z,67,40,18,0,true,false
2026-07-04T07:22:30.000Z,18,0,18,0,false,false
2026-07-04T07:25:00.000Z,69,58,18,0,true,false
2026-07-04T07:27:30.000Z,18,0,18,0,false,false
2026-07-04T07:30:00.000Z,73,68,18,0,true,false
2026-07-04T07:32:30.000Z,18,0,18,0,false,false
2026-07-04T07:35:00.000Z,69,46,97,124,true,true
2026-07-04T07:37:30.000Z,18,0,18,0,false,false
2026-07-04T07:40:00.000Z,70,46,18,0,true,false
2026-07-04T07:42:30.000Z,18,0,18,0,false,false
2026-07-04T07:45:00.000Z,67,51,18,0,true,false
2026-07-04T07:47:30.000Z,18,0,18,0,false,false
2026-07-04T07:50:00.000Z,79,43,18,0,true,false
2026-07-04T07:52:30.000Z,18,0,18,0,false,false
2026-07-04T07:55:00.000Z,71,46,97,125,true,true
2026-07-04T07:57:30.000Z,18,0,18,0,false,false
2026-07-04T08:00:00.000Z,76,36,18,0,true,false
2026-07-04T08:02:30.000Z,18,0,18,0,false,false
2026-07-04T08:05:00.000Z,72,50,18,0,true,false
2026-07-04T08:07:30.000Z,18,0,18,0,false,false
2026-07-04T08:10:00.000Z,18,0,18,0,false,false
2026-07-04T08:12:30.000Z,18,0,97,123,false,true
2026-07-04T08:15:00.000Z,72,52,18,0,true,false
2026-07-04T08:17:30.000Z,18,0,18,0,false,false
2026-07-04T08:20:00.000Z,68,44,18,0,true,false
2026-07-04T08:22:30.000Z,18,0,18,0,false,false
2026-07-04T08:25:00.000Z,74,29,18,0,true,false
2026-07-04T08:27:30.000Z,18,0,96,132,false,true
2026-07-04T08:30:00.000Z,71,70,18,0,true,false
2026-07-04T08:32:30.000Z,18,0,18,0,false,false
2026-07-04T08:35:00.000Z,69,32,18,0,true,false
2026-07-04T08:37:30.000Z,18,0,18,0,false,false
2026-07-04T08:40:00.000Z,78,49,98,134,true,true
2026-07-04T08:42:30.000Z,18,0,18,0,false,false
2026-07-04T08:45:00.000Z,78,41,18,0,true,false
2026-07-04T08:47:30.000Z,18,0,18,0,false,false
2026-07-04T08:50:00.000Z,75,55,18,0,true,false
2026-07-04T08:52:30.000Z,18,0,98,119,false,true
2026-07-04T08:55:00.000Z,75,36,18,0,true,false
2026-07-04T08:57:30.000Z,18,0,18,0,false,false
2026-07-04T09:00:00.000Z,78,55,18,0,true,false
2026-07-04T09:02:30.000Z,18,0,18,0,false,false
2026-07-04T09:05:00.000Z,80,44,18,0,true,false
2026-07-04T09:07:30.000Z,18,0,97,120,false,true
2026-07-04T09:10:00.000Z,94,35,18,0,true,false
2026-07-04T09:12:30.000Z,18,0,18,0,false,false
2026-07-04T09:15:00.000Z,74,46,18,0,true,false
2026-07-04T09:17:30.000Z,18,0,18,0,false,false
2026-07-04T09:20:00.000Z,72,46,95,138,true,true
2026-07-04T09:22:30.000Z,18,0,18,0,false,false
2026-07-04T09:25:00.000Z,77,37,18,0,true,false
2026-07-04T09:27:30.000Z,18,0,18,0,false,false
2026-07-04T09:30:00.000Z,73,35,18,0,true,false
2026-07-04T09:32:30.000Z,18,0,18,0,false,false
2026-07-04T09:35:00.000Z,76,47,18,0,true,false
2026-07-04T09:37:30.000Z,18,0,98,131,false,true
2026-07-04T09:40:00.000Z,75,50,18,0,true,false
2026-07-04T09:42:30.000Z,18,0,18,0,false,false
2026-07-04T09:45:00.000Z,79,57,18,0,true,false
2026-07-04T09:47:30.000Z,18,0,18,0,false,false
2026-07-04T09:50:00.000Z,78,28,18,0,true,false
2026-07-04T09:52:30.000Z,18,0,97,122,false,true
2026-07-04T09:55:00.000Z,81,70,18,0,true,false
2026-07-04T09:57:30.000Z,18,0,18,0,false,false
2026-07-04T10:00:00.000Z,79,41,18,0,true,false
2026-07-04T10:02:30.000Z,18,0,18,0,false,false
2026-07-04T10:05:00.000Z,78,35,18,0,true,false
2026-07-04T10:07:30.000Z,18,0,98,129,false,true
2026-07-04T10:10:00.000Z,77,28,18,0,true,false
2026-07-04T10:12:30.000Z,18,0,18,0,false,false
2026-07-04T10:15:00.000Z,78,50,18,0,true,false
2026-07-04T10:17:30.000Z,18,0,96,127,false,true
2026-07-04T10:20:00.000Z,80,43,18,0,true,false
2026-07-04T10:22:30.000Z,18,0,18,0,false,false
2026-07-04T10:25:00.000Z,73,28,18,0,true,false
2026-07-04T10:27:30.000Z,18,0,96,131,false,true
2026-07-04T10:30:00.000Z,107,49,18,0,true,false
2026-07-04T10:32:30.000Z,18,0,18,0,false,false
2026-07-04T10:35:00.000Z,107,32,18,0,true,false
2026-07-04T10:37:30.000Z,18,0,18,0,false,false
2026-07-04T10:40:00.000Z,76,33,18,0,true,false
2026-07-04T10:42:30.000Z,18,0,97,132,false,true
2026-07-04T10:45:00.000Z,82,47,18,0,true,false
2026-07-04T10:47:30.000Z,18,0,18,0,false,false
2026-07-04T10:50:00.000Z,80,52,18,0,true,false
2026-07-04T10:52:30.000Z,18,0,18,0,false,false
2026-07-04T10:55:00.000Z,79,31,18,0,true,false
2026-07-04T10:57:30.000Z,18,0,96,129,false,true
2026-07-04T11:00:00.000Z,79,34,18,0,true,false
2026-07-04T11:02:30.000Z,18,0,18,0,false,false
2026-07-04T11:05:00.000Z,78,46,18,0,true,false
2026-07-04T11:07:30.000Z,18,0,18,0,false,false
2026-07-04T11:10:00.000Z,72,52,18,0,true,false
2026-07-04T11:12:30.000Z,18,0,95,121,false,true
2026-07-04T11:15:00.000Z,73,42,18,0,true,false
2026-07-04T11:17:30.000Z,18,0,18,0,false,false
2026-07-04T11:20:00.000Z,74,38,18,0,true,false
2026-07-04T11:22:30.000Z,18,0,18,0,false,false
2026-07-04T11:25:00.000Z,84,42,18,0,true,false
2026-07-04T11:27:30.000Z,18,0,98,137,false,true
2026-07-04T11:30:00.000Z,79,50,18,0,true,false
2026-07-04T11:32:30.000Z,18,0,18,0,false,false
2026-07-04T11:35:00.000Z,80,24,18,0,true,false
2026-07-04T11:37:30.000Z,18,0,18,0,false,false
2026-07-04T11:40:00.000Z,81,36,18,0,true,false
2026-07-04T11:42:30.000Z,18,0,18,0,false,false
2026-07-04T11:45:00.000Z,86,24,18,0,true,false
2026-07-04T11:47:30.000Z,18,0,18,0,false,false
2026-07-04T11:50:00.000Z,81,48,18,0,true,false
2026-07-04T11:52:30.000Z,18,0,18,0,false,false
2026-07-04T11:55:00.000Z,83,43,18,0,true,false
2026-07-04T11:57:30.000Z,18,0,96,127,false,true
2026-07-04T12:00:00.000Z,94,37,18,0,true,false
2026-07-04T12:02:30.000Z,18,0,18,0,false,false
2026-07-04T12:05:00.000Z,79,54,18,0,true,false
2026-07-04T12:07:30.000Z,18,0,18,0,false,false
2026-07-04T12:10:00.000Z,83,25,18,0,true,false
2026-07-04T12:12:30.000Z,18,0,95,127,false,true
2026-07-04T12:15:00.000Z,84,37,18,0,true,false
2026-07-04T12:17:30.000Z,18,0,18,0,false,false
2026-07-04T12:20:00.000Z,77,54,18,0,true,false
2026-07-04T12:22:30.000Z,18,0,95,134,false,true
2026-07-04T12:25:00.000Z,78,56,18,0,true,false
2026-07-04T12:27:30.000Z,18,0,18,0,false,false
2026-07-04T12:30:00.000Z,80,33,18,0,true,false
2026-07-04T12:32:30.000Z,18,0,95,128,false,true
2026-07-04T12:35:00.000Z,82,44,18,0,true,false
2026-07-04T12:37:30.000Z,18,0,18,0,false,false
2026-07-04T12:40:00.000Z,87,53,18,0,true,false
2026-07-04T12:42:30.000Z,18,0,18,0,false,false
2026-07-04T12:45:00.000Z,80,54,18,0,true,false
2026-07-04T12:47:30.000Z,18,0,97,129,false,true
2026-07-04T12:50:00.000Z,78,45,18,0,true,false
2026-07-04T12:52:30.000Z,18,0,18,0,false,false
2026-07-04T12:55:00.000Z,85,31,18,0,true,false
2026-07-04T12:57:30.000Z,18,0,18,0,false,false
2026-07-04T13:00:00.000Z,81,35,18,0,true,false
2026-07-04T13:02:30.000Z,18,0,95,115,false,true
2026-07-04T13:05:00.000Z,87,33,18,0,true,false
2026-07-04T13:07:30.000Z,18,0,18,0,false,false
2026-07-04T13:10:00.000Z,99,40,18,0,true,false
2026-07-04T13:12:30.000Z,18,0,18,0,false,false
2026-07-04T13:15:00.000Z,84,36,18,0,true,false
2026-07-04T13:17:30.000Z,18,0,96,137,false,true
2026-07-04T13:20:00.000Z,77,56,18,0,true,false
2026-07-04T13:22:30.000Z,18,0,18,0,false,false
2026-07-04T13:25:00.000Z,84,45,18,0,true,false
2026-07-04T13:27:30.000Z,18,0,18,0,false,false
2026-07-04T13:30:00.000Z,87,31,18,0,true,false
2026-07-04T13:32:30.000Z,18,0,96,122,false,true
2026-07-04T13:35:00.000Z,76,40,18,0,true,false
2026-07-04T13:37:30.000Z,18,0,18,0,false,false
2026-07-04T13:40:00.000Z,83,25,18,0,true,false
2026-07-04T13:42:30.000Z,18,0,18,0,false,false
2026-07-04T13:45:00.000Z,81,47,18,0,true,false
2026-07-04T13:47:30.000Z,18,0,95,132,false,true
2026-07-04T13:50:00.000Z,81,37,18,0,true,false
2026-07-04T13:52:30.000Z,18,0,18,0,false,false
2026-07-04T13:55:00.000Z,86,46,18,0,true,false
2026-07-04T13:57:30.000Z,18,0,18,0,false,false
2026-07-04T14:00:00.000Z,79,43,18,0,true,false
2026-07-04T14:02:30.000Z,18,0,94,124,false,true
2026-07-04T14:05:00.000Z,85,41,18,0,true,false
2026-07-04T14:07:30.000Z,18,0,18,0,false,false
2026-07-04T14:10:00.000Z,81,44,18,0,true,false
2026-07-04T14:12:30.000Z,18,0,18,0,false,false
2026-07-04T14:15:00.000Z,76,34,18,0,true,false
2026-07-04T14:17:30.000Z,18,0,97,130,false,true
2026-07-04T14:20:00.000Z,86,32,18,0,true,false
2026-07-04T14:22:30.000Z,18,0,18,0,false,false
2026-07-04T14:25:00.000Z,82,40,18,0,true,false
2026-07-04T14:27:30.000Z,18,0,96,136,false,true
2026-07-04T14:30:00.000Z,81,50,18,0,true,false
2026-07-04T14:32:30.000Z,18,0,18,0,false,false
2026-07-04T14:35:00.000Z,83,40,18,0,true,false
2026-07-04T14:37:30.000Z,18,0,18,0,false,false
2026-07-04T14:40:00.000Z,76,44,18,0,true,false
2026-07-04T14:42:30.000Z,18,0,98,131,false,true
2026-07-04T14:45:00.000Z,80,35,18,0,true,false
2026-07-04T14:47:30.000Z,18,0,18,0,false,false
2026-07-04T14:50:00.000Z,82,40,18,0,true,false
2026-07-04T14:52:30.000Z,18,0,18,0,false,false
2026-07-04T14:55:00.000Z,83,55,18,0,true,false
2026-07-04T14:57:30.000Z,18,0,97,127,false,true
2026-07-04T15:00:00.000Z,80,42,18,0,true,false
2026-07-04T15:02:30.000Z,18,0,18,0,false,false
2026-07-04T15:05:00.000Z,82,47,18,0,true,false
2026-07-04T15:07:30.000Z,18,0,18,0,false,false
2026-07-04T15:10:00.000Z,82,48,95,127,true,true
2026-07-04T15:12:30.000Z,18,0,18,0,false,false
2026-07-04T15:15:00.000Z,78,43,18,0,true,false
2026-07-04T15:17:30.000Z,18,0,18,0,false,false
2026-07-04T15:20:00.000Z,80,41,18,0,true,false
2026-07-04T15:22:30.000Z,18,0,18,0,false,false
2026-07-04T15:25:00.000Z,79,38,96,116,true,true
2026-07-04T15:27:30.000Z,18,0,18,0,false,false
2026-07-04T15:30:00.000Z,18,0,18,0,false,false
2026-07-04T15:32:30.000Z,18,0,18,0,false,false
2026-07-04T15:35:00.000Z,81,51,95,129,true,true
2026-07-04T15:37:30.000Z,18,0,18,0,false,false
2026-07-04T15:40:00.000Z,81,65,18,0,true,false
2026-07-04T15:42:30.000Z,18,0,18,0,false,false
2026-07-04T15:45:00.000Z,78,42,18,0,true,false
2026-07-04T15:47:30.000Z,18,0,18,0,false,false
2026-07-04T15:50:00.000Z,82,55,18,0,true,false
2026-07-04T15:52:30.000Z,18,0,98,129,false,true
2026-07-04T15:55:00.000Z,79,42,18,0,true,false
2026-07-04T15:57:30.000Z,18,0,18,0,false,false
2026-07-04T16:00:00.000Z,80,22,18,0,true,false
2026-07-04T16:02:30.000Z,18,0,18,0,false,false
2026-07-04T16:05:00.000Z,82,30,97,125,true,true
2026-07-04T16:07:30.000Z,18,0,18,0,false,false
2026-07-04T16:10:00.000Z,84,33,18,0,true,false
2026-07-04T16:12:30.000Z,18,0,18,0,false,false
2026-07-04T16:15:00.000Z,85,38,18,0,true,false
2026-07-04T16:17:30.000Z,18,0,18,0,false,false
2026-07-04T16:20:00.000Z,77,37,18,0,true,false
2026-07-04T16:22:30.000Z,18,0,97,130,false,true
2026-07-04T16:25:00.000Z,79,46,18,0,true,false
2026-07-04T16:27:30.000Z,18,0,18,0,false,false
2026-07-04T16:30:00.000Z,82,51,18,0,true,false
2026-07-04T16:32:30.000Z,18,0,98,131,false,true
2026-07-04T16:35:00.000Z,76,27,18,0,true,false
2026-07-04T16:37:30.000Z,18,0,18,0,false,false
2026-07-04T16:40:00.000Z,81,32,18,0,true,false
2026-07-04T16:42:30.000Z,18,0,18,0,false,false
2026-07-04T16:45:00.000Z,83,43,18,0,true,false
2026-07-04T16:47:30.000Z,18,0,95,127,false,true
2026-07-04T16:50:00.000Z,88,54,18,0,true,false
2026-07-04T16:52:30.000Z,18,0,18,0,false,false
2026-07-04T16:55:00.000Z,82,41,18,0,true,false
2026-07-04T16:57:30.000Z,18,0,18,0,false,false
2026-07-04T17:00:00.000Z,82,43,99,125,true,true
2026-07-04T17:02:30.000Z,18,0,18,0,false,false
2026-07-04T17:05:00.000Z,79,40,18,0,true,false
2026-07-04T17:07:30.000Z,18,0,18,0,false,false
2026-07-04T17:10:00.000Z,74,57,18,0,true,false
2026-07-04T17:12:30.000Z,18,0,18,0,false,false
2026-07-04T17:15:00.000Z,80,37,97,133,true,true
2026-07-04T17:17:30.000Z,18,0,18,0,false,false
2026-07-04T17:20:00.000Z,85,42,18,0,true,false
2026-07-04T17:22:30.000Z,18,0,18,0,false,false
2026-07-04T17:25:00.000Z,75,54,18,0,true,false
2026-07-04T17:27:30.000Z,18,0,18,0,false,false
2026-07-04T17:30:00.000Z,81,39,99,141,true,true
2026-07-04T17:32:30.000Z,18,0,18,0,false,false
2026-07-04T17:35:00.000Z,78,52,18,0,true,false
2026-07-04T17:37:30.000Z,18,0,18,0,false,false
2026-07-04T17:40:00.000Z,82,53,18,0,true,false
2026-07-04T17:42:30.000Z,18,0,18,0,false,false
2026-07-04T17:45:00.000Z,76,37,18,0,true,false
2026-07-04T17:47:30.000Z,18,0,98,125,false,true
2026-07-04T17:50:00.000Z,79,46,18,0,true,false
2026-07-04T17:52:30.000Z,18,0,18,0,false,false
2026-07-04T17:55:00.000Z,78,56,18,0,true,false
2026-07-04T17:57:30.000Z,18,0,18,0,false,false
2026-07-04T18:00:00.000Z,78,27,96,125,true,true
2026-07-04T18:02:30.000Z,18,0,18,0,false,false
2026-07-04T18:05:00.000Z,80,30,18,0,true,false
2026-07-04T18:07:30.000Z,18,0,18,0,false,false
2026-07-04T18:10:00.000Z,79,28,18,0,true,false
2026-07-04T18:12:30.000Z,18,0,18,0,false,false
2026-07-04T18:15:00.000Z,76,58,96,141,true,true
2026-07-04T18:17:30.000Z,18,0,18,0,false,false
2026-07-04T18:20:00.000Z,18,0,18,0,false,false
2026-07-04T18:22:30.000Z,18,0,18,0,false,false
2026-07-04T18:25:00.000Z,73,45,18,0,true,false
2026-07-04T18:27:30.000Z,18,0,18,0,false,false
2026-07-04T18:30:00.000Z,81,64,95,116,true,true
2026-07-04T18:32:30.000Z,18,0,18,0,false,false
2026-07-04T18:35:00.000Z,78,43,18,0,true,false
2026-07-04T18:37:30.000Z,18,0,18,0,false,false
2026-07-04T18:40:00.000Z,103,29,18,0,true,false
2026-07-04T18:42:30.000Z,18,0,18,0,false,false
2026-07-04T18:45:00.000Z,80,37,95,131,true,true
2026-07-04T18:47:30.000Z,18,0,18,0,false,false
2026-07-04T18:50:00.000Z,77,39,18,0,true,false
2026-07-04T18:52:30.000Z,18,0,18,0,false,false
2026-07-04T18:55:00.000Z,86,53,18,0,true,false
2026-07-04T18:57:30.000Z,18,0,96,134,false,true
2026-07-04T19:00:00.000Z,79,55,18,0,true,false
2026-07-04T19:02:30.000Z,18,0,18,0,false,false
2026-07-04T19:05:00.000Z,79,69,18,0,true,false
2026-07-04T19:07:30.000Z,18,0,18,0,false,false
2026-07-04T19:10:00.000Z,78,57,18,0,true,false
2026-07-04T19:12:30.000Z,18,0,18,0,false,false
2026-07-04T19:15:00.000Z,81,48,95,129,true,true
2026-07-04T19:17:30.000Z,18,0,18,0,false,false
2026-07-04T19:20:00.000Z,83,33,18,0,true,false
2026-07-04T19:22:30.000Z,18,0,18,0,false,false
2026-07-04T19:25:00.000Z,78,34,18,0,true,false
2026-07-04T19:27:30.000Z,18,0,18,0,false,false
2026-07-04T19:30:00.000Z,76,54,98,119,true,true
2026-07-04T19:32:30.000Z,18,0,18,0,false,false
2026-07-04T19:35:00.000Z,78,46,18,0,true,false
2026-07-04T19:37:30.000Z,18,0,18,0,false,false
2026-07-04T19:40:00.000Z,74,41,18,0,true,false
2026-07-04T19:42:30.000Z,18,0,18,0,false,false
2026-07-04T19:45:00.000Z,74,31,18,0,true,false
2026-07-04T19:47:30.000Z,18,0,96,123,false,true
2026-07-04T19:50:00.000Z,78,45,18,0,true,false
2026-07-04T19:52:30.000Z,18,0,18,0,false,false
2026-07-04T19:55:00.000Z,72,76,18,0,true,false
2026-07-04T19:57:30.000Z,18,0,18,0,false,false
2026-07-04T20:00:00.000Z,76,47,18,0,true,false
2026-07-04T20:02:30.000Z,18,0,18,0,false,false
2026-07-04T20:05:00.000Z,77,52,94,118,true,true
2026-07-04T20:07:30.000Z,18,0,18,0,false,false
2026-07-04T20:10:00.000Z,74,33,18,0,true,false
2026-07-04T20:12:30.000Z,18,0,18,0,false,false
2026-07-04T20:15:00.000Z,74,35,18,0,true,false
2026-07-04T20:17:30.000Z,18,0,95,140,false,true
2026-07-04T20:20:00.000Z,79,38,18,0,true,false
2026-07-04T20:22:30.000Z,18,0,18,0,false,false
2026-07-04T20:25:00.000Z,70,68,18,0,true,false
2026-07-04T20:27:30.000Z,18,0,18,0,false,false
2026-07-04T20:30:00.000Z,100,32,18,0,true,false
2026-07-04T20:32:30.000Z,18,0,96,137,false,true
2026-07-04T20:35:00.000Z,73,59,18,0,true,false
2026-07-04T20:37:30.000Z,18,0,18,0,false,false
2026-07-04T20:40:00.000Z,76,42,18,0,true,false
2026-07-04T20:42:30.000Z,18,0,18,0,false,false
2026-07-04T20:45:00.000Z,76,61,18,0,true,false
2026-07-04T20:47:30.000Z,18,0,18,0,false,false
2026-07-04T20:50:00.000Z,73,36,97,125,true,true
2026-07-04T20:52:30.000Z,18,0,18,0,false,false
2026-07-04T20:55:00.000Z,74,45,18,0,true,false
2026-07-04T20:57:30.000Z,18,0,18,0,false,false
2026-07-04T21:00:00.000Z,74,35,18,0,true,false
2026-07-04T21:02:30.000Z,18,0,18,0,false,false
2026-07-04T21:05:00.000Z,75,42,18,0,true,false
2026-07-04T21:07:30.000Z,18,0,97,117,false,true
2026-07-04T21:10:00.000Z,70,54,18,0,true,false
2026-07-04T21:12:30.000Z,18,0,18,0,false,false
2026-07-04T21:15:00.000Z,82,42,18,0,true,false
2026-07-04T21:17:30.000Z,18,0,18,0,false,false
2026-07-04T21:20:00.000Z,76,29,95,125,true,true
2026-07-04T21:22:30.000Z,18,0,18,0,false,false
2026-07-04T21:25:00.000Z,73,38,18,0,true,false
2026-07-04T21:27:30.000Z,18,0,18,0,false,false
2026-07-04T21:30:00.000Z,80,36,18,0,true,false
2026-07-04T21:32:30.000Z,18,0,18,0,false,false
2026-07-04T21:35:00.000Z,73,32,95,123,true,true
2026-07-04T21:37:30.000Z,18,0,18,0,false,false
2026-07-04T21:40:00.000Z,72,38,18,0,true,false
2026-07-04T21:42:30.000Z,18,0,18,0,false,false
2026-07-04T21:45:00.000Z,71,66,18,0,true,false
2026-07-04T21:47:30.000Z,18,0,18,0,false,false
2026-07-04T21:50:00.000Z,76,36,97,138,true,true
2026-07-04T21:52:30.000Z,18,0,18,0,false,false
2026-07-04T21:55:00.000Z,70,34,18,0,true,false
2026-07-04T21:57:30.000Z,18,0,18,0,false,false
2026-07-04T22:00:00.000Z,71,43,18,0,true,false
2026-07-04T22:02:30.000Z,18,0,18,0,false,false
2026-07-04T22:05:00.000Z,73,49,94,126,true,true
2026-07-04T22:07:30.000Z,18,0,18,0,false,false
2026-07-04T22:10:00.000Z,73,39,18,0,true,false
2026-07-04T22:12:30.000Z,18,0,18,0,false,false
2026-07-04T22:15:00.000Z,76,36,18,0,true,false
2026-07-04T22:17:30.000Z,18,0,18,0,false,false
2026-07-04T22:20:00.000Z,70,62,95,128,true,true
2026-07-04T22:22:30.000Z,18,0,18,0,false,false
2026-07-04T22:25:00.000Z,70,39,18,0,true,false
2026-07-04T22:27:30.000Z,18,0,18,0,false,false
2026-07-04T22:30:00.000Z,70,63,96,129,true,true
2026-07-04T22:32:30.000Z,18,0,18,0,false,false
2026-07-04T22:35:00.000Z,72,58,18,0,true,false
2026-07-04T22:37:30.000Z,18,0,18,0,false,false
2026-07-04T22:40:00.000Z,68,40,18,0,true,false
2026-07-04T22:42:30.000Z,18,0,18,0,false,false
2026-07-04T22:45:00.000Z,70,37,18,0,true,false
2026-07-04T22:47:30.000Z,18,0,96,133,false,true
2026-07-04T22:50:00.000Z,71,51,18,0,true,false
2026-07-04T22:52:30.000Z,18,0,18,0,false,false
2026-07-04T22:55:00.000Z,66,57,18,0,true,false
2026-07-04T22:57:30.000Z,18,0,18,0,false,false
2026-07-04T23:00:00.000Z,56,51,18,0,true,false
2026-07-04T23:02:30.000Z,18,0,94,119,false,true
2026-07-04T23:05:00.000Z,59,56,18,0,true,false
2026-07-04T23:07:30.000Z,18,0,18,0,false,false
2026-07-04T23:10:00.000Z,59,62,18,0,true,false
2026-07-04T23:12:30.000Z,18,0,18,0,false,false
2026-07-04T23:15:00.000Z,59,54,18,0,true,false
2026-07-04T23:17:30.000Z,18,0,95,121,false,true
2026-07-04T23:20:00.000Z,59,36,18,0,true,false
2026-07-04T23:22:30.000Z,18,0,18,0,false,false
2026-07-04T23:25:00.000Z,58,77,18,0,true,false
2026-07-04T23:27:30.000Z,18,0,18,0,false,false
2026-07-04T23:30:00.000Z,56,81,18,0,true,false
2026-07-04T23:32:30.000Z,18,0,95,118,false,true
2026-07-04T23:35:00.000Z,58,48,18,0,true,false
2026-07-04T23:37:30.000Z,18,0,18,0,false,false
2026-07-04T23:40:00.000Z,59,58,18,0,true,false
2026-07-04T23:42:30.000Z,18,0,18,0,false,false
2026-07-04T23:45:00.000Z,56,61,18,0,true,false
2026-07-04T23:47:30.000Z,18,0,97,112,false,true
2026-07-04T23:50:00.000Z,58,78,18,0,true,false
2026-07-04T23:52:30.000Z,18,0,18,0,false,false
2026-07-04T23:55:00.000Z,58,86,18,0,true,false
2026-07-04T23:57:30.000Z,18,0,18,0,false,false
2026-07-05T00:00:00.000Z,58,72,18,0,true,false
2026-07-05T00:02:30.000Z,18,0,95,112,false,true
2026-07-05T00:05:00.000Z,61,80,18,0,true,false
2026-07-05T00:07:30.000Z,18,0,18,0,false,false
2026-07-05T00:10:00.000Z,59,64,18,0,true,false
2026-07-05T00:12:30.000Z,18,0,18,0,false,false
2026-07-05T00:15:00.000Z,59,55,18,0,true,false
2026-07-05T00:17:30.000Z,18,0,95,117,false,true
2026-07-05T00:20:00.000Z,58,86,18,0,true,false
2026-07-05T00:22:30.000Z,18,0,18,0,false,false
2026-07-05T00:25:00.000Z,57,50,18,0,true,false
2026-07-05T00:27:30.000Z,18,0,18,0,false,false
2026-07-05T00:30:00.000Z,56,34,18,0,true,false
2026-07-05T00:32:30.000Z,18,0,92,118,false,true
2026-07-05T00:35:00.000Z,58,45,18,0,true,false
2026-07-05T00:37:30.000Z,18,0,18,0,false,false
2026-07-05T00:40:00.000Z,55,53,18,0,true,false
2026-07-05T00:42:30.000Z,18,0,18,0,false,false
2026-07-05T00:45:00.000Z,57,52,18,0,true,false
2026-07-05T00:47:30.000Z,18,0,93,110,false,true
2026-07-05T00:50:00.000Z,60,79,18,0,true,false
2026-07-05T00:52:30.000Z,18,0,18,0,false,false
2026-07-05T00:55:00.000Z,60,95,18,0,true,false
2026-07-05T00:57:30.000Z,18,0,18,0,false,false
2026-07-05T01:00:00.000Z,53,76,18,0,true,false
2026-07-05T01:02:30.000Z,18,0,96,121,false,true
2026-07-05T01:05:00.000Z,56,61,18,0,true,false
2026-07-05T01:07:30.000Z,18,0,18,0,false,false
2026-07-05T01:10:00.000Z,61,62,18,0,true,false
2026-07-05T01:12:30.000Z,18,0,18,0,false,false
2026-07-05T01:15:00.000Z,57,48,18,0,true,false
2026-07-05T01:17:30.000Z,18,0,95,111,false,true
2026-07-05T01:20:00.000Z,55,56,18,0,true,false
2026-07-05T01:22:30.000Z,18,0,18,0,false,false
2026-07-05T01:25:00.000Z,58,48,18,0,true,false
2026-07-05T01:27:30.000Z,18,0,18,0,false,false
2026-07-05T01:30:00.000Z,59,60,18,0,true,false
2026-07-05T01:32:30.000Z,18,0,97,112,false,true
2026-07-05T01:35:00.000Z,54,68,18,0,true,false
2026-07-05T01:37:30.000Z,18,0,18,0,false,false
2026-07-05T01:40:00.000Z,56,41,18,0,true,false
2026-07-05T01:42:30.000Z,18,0,18,0,false,false
2026-07-05T01:45:00.000Z,56,70,18,0,true,false
2026-07-05T01:47:30.000Z,18,0,97,122,false,true
2026-07-05T01:50:00.000Z,60,62,18,0,true,false
2026-07-05T01:52:30.000Z,18,0,18,0,false,false
2026-07-05T01:55:00.000Z,54,75,18,0,true,false
2026-07-05T01:57:30.000Z,18,0,18,0,false,false
2026-07-05T02:00:00.000Z,63,41,18,0,true,false
2026-07-05T02:02:30.000Z,18,0,95,122,false,true
2026-07-05T02:05:00.000Z,61,41,18,0,true,false
2026-07-05T02:07:30.000Z,18,0,18,0,false,false
2026-07-05T02:10:00.000Z,55,72,18,0,true,false
2026-07-05T02:12:30.000Z,18,0,18,0,false,false
2026-07-05T02:15:00.000Z,59,46,18,0,true,false
2026-07-05T02:17:30.000Z,18,0,94,127,false,true
2026-07-05T02:20:00.000Z,59,60,18,0,true,false
2026-07-05T02:22:30.000Z,18,0,18,0,false,false
2026-07-05T02:25:00.000Z,57,80,18,0,true,false
2026-07-05T02:27:30.000Z,18,0,18,0,false,false
2026-07-05T02:30:00.000Z,54,48,18,0,true,false
2026-07-05T02:32:30.000Z,18,0,96,121,false,true
2026-07-05T02:35:00.000Z,58,80,18,0,true,false
2026-07-05T02:37:30.000Z,18,0,18,0,false,false
2026-07-05T02:40:00.000Z,56,64,18,0,true,false
2026-07-05T02:42:30.000Z,18,0,18,0,false,false
2026-07-05T02:45:00.000Z,58,59,18,0,true,false
2026-07-05T02:47:30.000Z,18,0,95,117,false,true
2026-07-05T02:50:00.000Z,59,89,18,0,true,false
2026-07-05T02:52:30.000Z,18,0,18,0,false,false
2026-07-05T02:55:00.000Z,57,67,18,0,true,false
2026-07-05T02:57:30.000Z,18,0,18,0,false,false
2026-07-05T03:00:00.000Z,61,39,18,0,true,false
2026-07-05T03:02:30.000Z,18,0,95,115,false,true
2026-07-05T03:05:00.000Z,59,79,18,0,true,false
2026-07-05T03:07:30.000Z,18,0,18,0,false,false
2026-07-05T03:10:00.000Z,56,61,18,0,true,false
2026-07-05T03:12:30.000Z,18,0,18,0,false,false
2026-07-05T03:15:00.000Z,62,69,18,0,true,false
2026-07-05T03:17:30.000Z,18,0,98,118,false,true
2026-07-05T03:20:00.000Z,61,50,18,0,true,false
2026-07-05T03:22:30.000Z,18,0,18,0,false,false
2026-07-05T03:25:00.000Z,61,51,18,0,true,false
2026-07-05T03:27:30.000Z,18,0,18,0,false,false
2026-07-05T03:30:00.000Z,59,54,18,0,true,false
2026-07-05T03:32:30.000Z,18,0,95,113,false,true
2026-07-05T03:35:00.000Z,59,64,18,0,true,false
2026-07-05T03:37:30.000Z,18,0,18,0,false,false
2026-07-05T03:40:00.000Z,54,52,18,0,true,false
2026-07-05T03:42:30.000Z,18,0,18,0,false,false
2026-07-05T03:45:00.000Z,60,63,18,0,true,false
2026-07-05T03:47:30.000Z,18,0,96,108,false,true
2026-07-05T03:50:00.000Z,18,0,18,0,false,false
2026-07-05T03:52:30.000Z,18,0,18,0,false,false
2026-07-05T03:55:00.000Z,59,39,18,0,true,false
2026-07-05T03:57:30.000Z,18,0,18,0,false,false
2026-07-05T04:00:00.000Z,58,68,18,0,true,false
2026-07-05T04:02:30.000Z,18,0,95,115,false,true
2026-07-05T04:05:00.000Z,59,86,18,0,true,false
2026-07-05T04:07:30.000Z,18,0,18,0,false,false
2026-07-05T04:10:00.000Z,55,64,18,0,true,false
2026-07-05T04:12:30.000Z,18,0,18,0,false,false
2026-07-05T04:15:00.000Z,60,54,18,0,true,false
2026-07-05T04:17:30.000Z,18,0,96,122,false,true
2026-07-05T04:20:00.000Z,62,60,18,0,true,false
2026-07-05T04:22:30.000Z,18,0,18,0,false,false
2026-07-05T04:25:00.000Z,59,49,18,0,true,false
2026-07-05T04:27:30.000Z,18,0,18,0,false,false
2026-07-05T04:30:00.000Z,60,60,18,0,true,false
2026-07-05T04:32:30.000Z,18,0,98,127,false,true
2026-07-05T04:35:00.000Z,61,38,18,0,true,false
2026-07-05T04:37:30.000Z,18,0,18,0,false,false
2026-07-05T04:40:00.000Z,57,58,18,0,true,false
2026-07-05T04:42:30.000Z,18,0,18,0,false,false
2026-07-05T04:45:00.000Z,57,58,18,0,true,false
2026-07-05T04:47:30.000Z,18,0,98,112,false,true
2026-07-05T04:50:00.000Z,56,59,18,0,true,false
2026-07-05T04:52:30.000Z,18,0,18,0,false,false
2026-07-05T04:55:00.000Z,59,80,18,0,true,false
2026-07-05T04:57:30.000Z,18,0,18,0,false,false
2026-07-05T05:00:00.000Z,62,47,18,0,true,false
2026-07-05T05:02:30.000Z,18,0,95,116,false,true
2026-07-05T05:05:00.000Z,58,89,18,0,true,false
2026-07-05T05:07:30.000Z,18,0,18,0,false,false
2026-07-05T05:10:00.000Z,60,71,18,0,true,false
2026-07-05T05:12:30.000Z,18,0,18,0,false,false
2026-07-05T05:15:00.000Z,57,42,18,0,true,false
2026-07-05T05:17:30.000Z,18,0,96,116,false,true
2026-07-05T05:20:00.000Z,55,44,18,0,true,false
2026-07-05T05:22:30.000Z,18,0,18,0,false,false
2026-07-05T05:25:00.000Z,58,52,18,0,true,false
2026-07-05T05:27:30.000Z,18,0,18,0,false,false
2026-07-05T05:30:00.000Z,60,71,18,0,true,false
2026-07-05T05:32:30.000Z,18,0,96,111,false,true
2026-07-05T05:35:00.000Z,58,39,18,0,true,false
2026-07-05T05:37:30.000Z,18,0,18,0,false,false
2026-07-05T05:40:00.000Z,59,45,18,0,true,false
2026-07-05T05:42:30.000Z,18,0,18,0,false,false
2026-07-05T05:45:00.000Z,60,37,18,0,true,false
2026-07-05T05:47:30.000Z,18,0,95,121,false,true
2026-07-05T05:50:00.000Z,56,94,18,0,true,false
2026-07-05T05:52:30.000Z,18,0,18,0,false,false
2026-07-05T05:55:00.000Z,56,67,18,0,true,false
2026-07-05T05:57:30.000Z,18,0,18,0,false,false
2026-07-05T06:00:00.000Z,58,59,18,0,true,false
2026-07-05T06:02:30.000Z,18,0,96,125,false,true
2026-07-05T06:05:00.000Z,58,59,18,0,true,false
2026-07-05T06:07:30.000Z,18,0,18,0,false,false
2026-07-05T06:10:00.000Z,58,49,18,0,true,false
2026-07-05T06:12:30.000Z,18,0,18,0,false,false
2026-07-05T06:15:00.000Z,61,43,18,0,true,false
2026-07-05T06:17:30.000Z,18,0,92,127,false,true
2026-07-05T06:20:00.000Z,61,61,18,0,true,false
2026-07-05T06:22:30.000Z,18,0,18,0,false,false
2026-07-05T06:25:00.000Z,57,65,18,0,true,false
2026-07-05T06:27:30.000Z,18,0,18,0,false,false
2026-07-05T06:30:00.000Z,55,55,18,0,true,false
2026-07-05T06:32:30.000Z,18,0,97,112,false,true
2026-07-05T06:35:00.000Z,62,54,18,0,true,false
2026-07-05T06:37:30.000Z,18,0,18,0,false,false
2026-07-05T06:40:00.000Z,55,56,18,0,true,false
2026-07-05T06:42:30.000Z,18,0,18,0,false,false
2026-07-05T06:45:00.000Z,58,51,18,0,true,false
2026-07-05T06:47:30.000Z,18,0,91,127,false,true
2026-07-05T06:50:00.000Z,59,48,18,0,true,false
2026-07-05T06:52:30.000Z,18,0,18,0,false,false
2026-07-05T06:55:00.000Z,55,50,18,0,true,false
2026-07-05T06:57:30.000Z,18,0,18,0,false,false
2026-07-05T07:00:00.000Z,71,40,18,0,true,false
2026-07-05T07:02:30.000Z,18,0,96,123,false,true
2026-07-05T07:05:00.000Z,69,49,18,0,true,false
2026-07-05T07:07:30.000Z,18,0,18,0,false,false
2026-07-05T07:10:00.000Z,67,62,18,0,true,false
2026-07-05T07:12:30.000Z,18,0,18,0,false,false
2026-07-05T07:15:00.000Z,70,42,18,0,true,false
2026-07-05T07:17:30.000Z,18,0,96,130,false,true
2026-07-05T07:20:00.000Z,71,40,18,0,true,false
2026-07-05T07:22:30.000Z,18,0,18,0,false,false
2026-07-05T07:25:00.000Z,70,57,18,0,true,false
2026-07-05T07:27:30.000Z,18,0,18,0,false,false
2026-07-05T07:30:00.000Z,67,69,18,0,true,false
2026-07-05T07:32:30.000Z,18,0,96,130,false,true
2026-07-05T07:35:00.000Z,77,56,18,0,true,false
2026-07-05T07:37:30.000Z,18,0,18,0,false,false
2026-07-05T07:40:00.000Z,70,36,18,0,true,false
2026-07-05T07:42:30.000Z,18,0,18,0,false,false
2026-07-05T07:45:00.000Z,69,38,18,0,true,false
2026-07-05T07:47:30.000Z,18,0,97,130,false,true
2026-07-05T07:50:00.000Z,18,0,18,0,false,false
2026-07-05T07:52:30.000Z,18,0,18,0,false,false
2026-07-05T07:55:00.000Z,75,37,18,0,true,false
2026-07-05T07:57:30.000Z,18,0,18,0,false,false
2026-07-05T08:00:00.000Z,69,56,18,0,true,false
2026-07-05T08:02:30.000Z,18,0,95,137,false,true
2026-07-05T08:05:00.000Z,70,81,18,0,true,false
2026-07-05T08:07:30.000Z,18,0,18,0,false,false
2026-07-05T08:10:00.000Z,65,42,18,0,true,false
2026-07-05T08:12:30.000Z,18,0,18,0,false,false
2026-07-05T08:15:00.000Z,77,29,18,0,true,false
2026-07-05T08:17:30.000Z,18,0,96,132,false,true
2026-07-05T08:20:00.000Z,72,47,18,0,true,false
2026-07-05T08:22:30.000Z,18,0,18,0,false,false
2026-07-05T08:25:00.000Z,70,86,18,0,true,false
2026-07-05T08:27:30.000Z,18,0,18,0,false,false
2026-07-05T08:30:00.000Z,72,47,18,0,true,false
2026-07-05T08:32:30.000Z,18,0,98,128,false,true
2026-07-05T08:35:00.000Z,72,58,18,0,true,false
2026-07-05T08:37:30.000Z,18,0,18,0,false,false
2026-07-05T08:40:00.000Z,74,49,18,0,true,false
2026-07-05T08:42:30.000Z,18,0,18,0,false,false
2026-07-05T08:45:00.000Z,76,52,95,130,true,true
2026-07-05T08:47:30.000Z,18,0,18,0,false,false
2026-07-05T08:50:00.000Z,77,34,18,0,true,false
2026-07-05T08:52:30.000Z,18,0,18,0,false,false
2026-07-05T08:55:00.000Z,67,43,18,0,true,false
2026-07-05T08:57:30.000Z,18,0,18,0,false,false
2026-07-05T09:00:00.000Z,75,40,18,0,true,false
2026-07-05T09:02:30.000Z,18,0,18,0,false,false
2026-07-05T09:05:00.000Z,79,32,18,0,true,false
2026-07-05T09:07:30.000Z,18,0,18,0,false,false
2026-07-05T09:10:00.000Z,75,35,93,135,true,true
2026-07-05T09:12:30.000Z,18,0,18,0,false,false
2026-07-05T09:15:00.000Z,71,38,18,0,true,false
2026-07-05T09:17:30.000Z,18,0,18,0,false,false
2026-07-05T09:20:00.000Z,78,44,18,0,true,false
2026-07-05T09:22:30.000Z,18,0,18,0,false,false
2026-07-05T09:25:00.000Z,73,62,97,131,true,true
2026-07-05T09:27:30.000Z,18,0,18,0,false,false
2026-07-05T09:30:00.000Z,76,48,18,0,true,false
2026-07-05T09:32:30.000Z,18,0,18,0,false,false
2026-07-05T09:35:00.000Z,79,45,18,0,true,false
2026-07-05T09:37:30.000Z,18,0,18,0,false,false
2026-07-05T09:40:00.000Z,74,49,96,128,true,true
2026-07-05T09:42:30.000Z,18,0,18,0,false,false
2026-07-05T09:45:00.000Z,77,40,18,0,true,false
2026-07-05T09:47:30.000Z,18,0,18,0,false,false
2026-07-05T09:50:00.000Z,82,42,97,132,true,true
2026-07-05T09:52:30.000Z,18,0,18,0,false,false
2026-07-05T09:55:00.000Z,74,52,18,0,true,false
2026-07-05T09:57:30.000Z,18,0,18,0,false,false
2026-07-05T10:00:00.000Z,103,28,18,0,true,false
2026-07-05T10:02:30.000Z,18,0,18,0,false,false
2026-07-05T10:05:00.000Z,73,38,18,0,true,false
2026-07-05T10:07:30.000Z,18,0,98,130,false,true
2026-07-05T10:10:00.000Z,81,42,18,0,true,false
2026-07-05T10:12:30.000Z,18,0,18,0,false,false
2026-07-05T10:15:00.000Z,72,42,18,0,true,false
2026-07-05T10:17:30.000Z,18,0,18,0,false,false
2026-07-05T10:20:00.000Z,77,51,18,0,true,false
2026-07-05T10:22:30.000Z,18,0,94,122,false,true
2026-07-05T10:25:00.000Z,78,37,18,0,true,false
2026-07-05T10:27:30.000Z,18,0,18,0,false,false
2026-07-05T10:30:00.000Z,76,40,18,0,true,false
2026-07-05T10:32:30.000Z,18,0,96,128,false,true
2026-07-05T10:35:00.000Z,80,55,18,0,true,false
2026-07-05T10:37:30.000Z,18,0,18,0,false,false
2026-07-05T10:40:00.000Z,76,38,18,0,true,false
2026-07-05T10:42:30.000Z,18,0,18,0,false,false
2026-07-05T10:45:00.000Z,80,38,18,0,true,false
2026-07-05T10:47:30.000Z,18,0,18,0,false,false
2026-07-05T10:50:00.000Z,79,37,18,0,true,false
2026-07-05T10:52:30.000Z,18,0,95,123,false,true
2026-07-05T10:55:00.000Z,78,39,18,0,true,false
2026-07-05T10:57:30.000Z,18,0,18,0,false,false
2026-07-05T11:00:00.000Z,76,53,18,0,true,false
2026-07-05T11:02:30.000Z,18,0,18,0,false,false
2026-07-05T11:05:00.000Z,79,39,18,0,true,false
2026-07-05T11:07:30.000Z,18,0,97,119,false,true
2026-07-05T11:10:00.000Z,82,34,18,0,true,false
2026-07-05T11:12:30.000Z,18,0,18,0,false,false
2026-07-05T11:15:00.000Z,82,39,18,0,true,false
2026-07-05T11:17:30.000Z,18,0,18,0,false,false
2026-07-05T11:20:00.000Z,73,49,97,141,true,true
2026-07-05T11:22:30.000Z,18,0,18,0,false,false
2026-07-05T11:25:00.000Z,84,55,18,0,true,false
2026-07-05T11:27:30.000Z,18,0,18,0,false,false
2026-07-05T11:30:00.000Z,84,41,18,0,true,false
2026-07-05T11:32:30.000Z,18,0,18,0,false,false
2026-07-05T11:35:00.000Z,73,38,18,0,true,false
2026-07-05T11:37:30.000Z,18,0,97,141,false,true
2026-07-05T11:40:00.000Z,81,33,18,0,true,false
2026-07-05T11:42:30.000Z,18,0,18,0,false,false
2026-07-05T11:45:00.000Z,78,36,18,0,true,false
2026-07-05T11:47:30.000Z,18,0,18,0,false,false
2026-07-05T11:50:00.000Z,76,49,18,0,true,false
2026-07-05T11:52:30.000Z,18,0,98,134,false,true
2026-07-05T11:55:00.000Z,18,0,18,0,false,false
2026-07-05T11:57:30.000Z,18,0,18,0,false,false
2026-07-05T12:00:00.000Z,81,29,18,0,true,false
2026-07-05T12:02:30.000Z,18,0,18,0,false,false
2026-07-05T12:05:00.000Z,81,38,18,0,true,false
2026-07-05T12:07:30.000Z,18,0,94,137,false,true
2026-07-05T12:10:00.000Z,83,43,18,0,true,false
2026-07-05T12:12:30.000Z,18,0,18,0,false,false
2026-07-05T12:15:00.000Z,82,33,18,0,true,false
2026-07-05T12:17:30.000Z,18,0,18,0,false,false
2026-07-05T12:20:00.000Z,83,41,18,0,true,false
2026-07-05T12:22:30.000Z,18,0,95,123,false,true
2026-07-05T12:25:00.000Z,83,58,18,0,true,false
2026-07-05T12:27:30.000Z,18,0,18,0,false,false
2026-07-05T12:30:00.000Z,80,25,18,0,true,false
2026-07-05T12:32:30.000Z,18,0,18,0,false,false
2026-07-05T12:35:00.000Z,82,62,94,128,true,true
2026-07-05T12:37:30.000Z,18,0,18,0,false,false
2026-07-05T12:40:00.000Z,18,0,18,0,false,false
2026-07-05T12:42:30.000Z,18,0,18,0,false,false
2026-07-05T12:45:00.000Z,76,38,18,0,true,false
2026-07-05T12:47:30.000Z,18,0,18,0,false,false
2026-07-05T12:50:00.000Z,82,34,98,132,true,true
2026-07-05T12:52:30.000Z,18,0,18,0,false,false
2026-07-05T12:55:00.000Z,79,29,18,0,true,false
2026-07-05T12:57:30.000Z,18,0,18,0,false,false
2026-07-05T13:00:00.000Z,81,38,18,0,true,false
2026-07-05T13:02:30.000Z,18,0,18,0,false,false
2026-07-05T13:05:00.000Z,79,50,97,120,true,true
2026-07-05T13:07:30.000Z,18,0,18,0,false,false
2026-07-05T13:10:00.000Z,87,34,18,0,true,false
2026-07-05T13:12:30.000Z,18,0,18,0,false,false
2026-07-05T13:15:00.000Z,78,60,18,0,true,false
2026-07-05T13:17:30.000Z,18,0,18,0,false,false
2026-07-05T13:20:00.000Z,82,48,98,127,true,true
2026-07-05T13:22:30.000Z,18,0,18,0,false,false
2026-07-05T13:25:00.000Z,82,42,18,0,true,false
2026-07-05T13:27:30.000Z,18,0,18,0,false,false
2026-07-05T13:30:00.000Z,84,26,18,0,true,false
2026-07-05T13:32:30.000Z,18,0,18,0,false,false
2026-07-05T13:35:00.000Z,84,32,18,0,true,false
2026-07-05T13:37:30.000Z,18,0,97,125,false,true
2026-07-05T13:40:00.000Z,82,49,18,0,true,false
2026-07-05T13:42:30.000Z,18,0,18,0,false,false
2026-07-05T13:45:00.000Z,86,38,18,0,true,false
2026-07-05T13:47:30.000Z,18,0,18,0,false,false
2026-07-05T13:50:00.000Z,80,34,18,0,true,false
2026-07-05T13:52:30.000Z,18,0,96,118,false,true
2026-07-05T13:55:00.000Z,81,34,18,0,true,false
2026-07-05T13:57:30.000Z,18,0,18,0,false,false
2026-07-05T14:00:00.000Z,84,50,18,0,true,false
2026-07-05T14:02:30.000Z,18,0,18,0,false,false
2026-07-05T14:05:00.000Z,81,76,18,0,true,false
2026-07-05T14:07:30.000Z,18,0,97,134,false,true
2026-07-05T14:10:00.000Z,78,38,18,0,true,false
2026-07-05T14:12:30.000Z,18,0,18,0,false,false
2026-07-05T14:15:00.000Z,79,32,18,0,true,false
2026-07-05T14:17:30.000Z,18,0,18,0,false,false
2026-07-05T14:20:00.000Z,79,40,18,0,true,false
2026-07-05T14:22:30.000Z,18,0,98,124,false,true
2026-07-05T14:25:00.000Z,81,49,18,0,true,false
2026-07-05T14:27:30.000Z,18,0,18,0,false,false
2026-07-05T14:30:00.000Z,84,28,18,0,true,false
2026-07-05T14:32:30.000Z,18,0,18,0,false,false
2026-07-05T14:35:00.000Z,83,45,18,0,true,false
2026-07-05T14:37:30.000Z,18,0,98,123,false,true
2026-07-05T14:40:00.000Z,85,29,18,0,true,false
2026-07-05T14:42:30.000Z,18,0,18,0,false,false
2026-07-05T14:45:00.000Z,107,32,18,0,true,false
2026-07-05T14:47:30.000Z,18,0,18,0,false,false
2026-07-05T14:50:00.000Z,75,34,18,0,true,false
2026-07-05T14:52:30.000Z,18,0,96,117,false,true
2026-07-05T14:55:00.000Z,86,48,18,0,true,false
2026-07-05T14:57:30.000Z,18,0,18,0,false,false
2026-07-05T15:00:00.000Z,80,49,18,0,true,false
2026-07-05T15:02:30.000Z,18,0,18,0,false,false
2026-07-05T15:05:00.000Z,85,39,18,0,true,false
2026-07-05T15:07:30.000Z,18,0,18,0,false,false
2026-07-05T15:10:00.000Z,81,32,18,0,true,false
2026-07-05T15:12:30.000Z,18,0,97,128,false,true
2026-07-05T15:15:00.000Z,80,52,18,0,true,false
2026-07-05T15:17:30.000Z,18,0,18,0,false,false
2026-07-05T15:20:00.000Z,83,41,18,0,true,false
2026-07-05T15:22:30.000Z,18,0,18,0,false,false
2026-07-05T15:25:00.000Z,83,44,18,0,true,false
2026-07-05T15:27:30.000Z,18,0,96,132,false,true
2026-07-05T15:30:00.000Z,76,34,18,0,true,false
2026-07-05T15:32:30.000Z,18,0,18,0,false,false
2026-07-05T15:35:00.000Z,81,47,18,0,true,false
2026-07-05T15:37:30.000Z,18,0,18,0,false,false
2026-07-05T15:40:00.000Z,84,42,18,0,true,false
2026-07-05T15:42:30.000Z,18,0,18,0,false,false
2026-07-05T15:45:00.000Z,86,49,18,0,true,false
2026-07-05T15:47:30.000Z,18,0,95,128,false,true
2026-07-05T15:50:00.000Z,83,39,18,0,true,false
2026-07-05T15:52:30.000Z,18,0,18,0,false,false
2026-07-05T15:55:00.000Z,84,32,18,0,true,false
2026-07-05T15:57:30.000Z,18,0,18,0,false,false
2026-07-05T16:00:00.000Z,78,26,18,0,true,false
2026-07-05T16:02:30.000Z,18,0,18,0,false,false
2026-07-05T16:05:00.000Z,84,55,18,0,true,false
2026-07-05T16:07:30.000Z,18,0,18,0,false,false
2026-07-05T16:10:00.000Z,85,47,18,0,true,false
2026-07-05T16:12:30.000Z,18,0,18,0,false,false
2026-07-05T16:15:00.000Z,87,30,18,0,true,false
2026-07-05T16:17:30.000Z,18,0,95,124,false,true
2026-07-05T16:20:00.000Z,85,28,18,0,true,false
2026-07-05T16:22:30.000Z,18,0,18,0,false,false
2026-07-05T16:25:00.000Z,81,39,18,0,true,false
2026-07-05T16:27:30.000Z,18,0,18,0,false,false
2026-07-05T16:30:00.000Z,83,32,18,0,true,false
2026-07-05T16:32:30.000Z,18,0,97,131,false,true
2026-07-05T16:35:00.000Z,82,46,18,0,true,false
2026-07-05T16:37:30.000Z,18,0,18,0,false,false
2026-07-05T16:40:00.000Z,98,27,18,0,true,false
2026-07-05T16:42:30.000Z,18,0,18,0,false,false
2026-07-05T16:45:00.000Z,78,44,98,122,true,true
2026-07-05T16:47:30.000Z,18,0,18,0,false,false
2026-07-05T16:50:00.000Z,86,43,18,0,true,false
2026-07-05T16:52:30.000Z,18,0,18,0,false,false
2026-07-05T16:55:00.000Z,82,32,18,0,true,false
2026-07-05T16:57:30.000Z,18,0,18,0,false,false
2026-07-05T17:00:00.000Z,81,47,18,0,true,false
2026-07-05T17:02:30.000Z,18,0,18,0,false,false
2026-07-05T17:05:00.000Z,87,35,98,140,true,true
2026-07-05T17:07:30.000Z,18,0,18,0,false,false
2026-07-05T17:10:00.000Z,82,53,18,0,true,false
2026-07-05T17:12:30.000Z,18,0,18,0,false,false
2026-07-05T17:15:00.000Z,82,38,18,0,true,false
2026-07-05T17:17:30.000Z,18,0,94,113,false,true
2026-07-05T17:20:00.000Z,79,36,18,0,true,false
2026-07-05T17:22:30.000Z,18,0,18,0,false,false
2026-07-05T17:25:00.000Z,77,41,18,0,true,false
2026-07-05T17:27:30.000Z,18,0,18,0,false,false
2026-07-05T17:30:00.000Z,80,30,18,0,true,false
2026-07-05T17:32:30.000Z,18,0,96,128,false,true
2026-07-05T17:35:00.000Z,84,38,18,0,true,false
2026-07-05T17:37:30.000Z,18,0,18,0,false,false
2026-07-05T17:40:00.000Z,84,40,18,0,true,false
2026-07-05T17:42:30.000Z,18,0,18,0,false,false
2026-07-05T17:45:00.000Z,82,46,18,0,true,false
2026-07-05T17:47:30.000Z,18,0,97,124,false,true
2026-07-05T17:50:00.000Z,18,0,18,0,false,false
2026-07-05T17:52:30.000Z,18,0,18,0,false,false
2026-07-05T17:55:00.000Z,83,30,18,0,true,false
2026-07-05T17:57:30.000Z,18,0,18,0,false,false
2026-07-05T18:00:00.000Z,78,44,18,0,true,false
2026-07-05T18:02:30.000Z,18,0,95,132,false,true
2026-07-05T18:05:00.000Z,74,33,18,0,true,false
2026-07-05T18:07:30.000Z,18,0,18,0,false,false
2026-07-05T18:10:00.000Z,89,36,18,0,true,false
2026-07-05T18:12:30.000Z,18,0,18,0,false,false
2026-07-05T18:15:00.000Z,75,37,18,0,true,false
2026-07-05T18:17:30.000Z,18,0,95,133,false,true
2026-07-05T18:20:00.000Z,75,44,18,0,true,false
2026-07-05T18:22:30.000Z,18,0,18,0,false,false
2026-07-05T18:25:00.000Z,73,39,18,0,true,false
2026-07-05T18:27:30.000Z,18,0,18,0,false,false
2026-07-05T18:30:00.000Z,82,35,18,0,true,false
2026-07-05T18:32:30.000Z,18,0,18,0,false,false
2026-07-05T18:35:00.000Z,80,29,97,130,true,true
2026-07-05T18:37:30.000Z,18,0,18,0,false,false
2026-07-05T18:40:00.000Z,83,39,18,0,true,false
2026-07-05T18:42:30.000Z,18,0,18,0,false,false
2026-07-05T18:45:00.000Z,74,37,18,0,true,false
2026-07-05T18:47:30.000Z,18,0,18,0,false,false
2026-07-05T18:50:00.000Z,79,40,18,0,true,false
2026-07-05T18:52:30.000Z,18,0,96,131,false,true
2026-07-05T18:55:00.000Z,77,32,18,0,true,false
2026-07-05T18:57:30.000Z,18,0,18,0,false,false
2026-07-05T19:00:00.000Z,77,37,18,0,true,false
2026-07-05T19:02:30.000Z,18,0,18,0,false,false
2026-07-05T19:05:00.000Z,76,44,18,0,true,false
2026-07-05T19:07:30.000Z,18,0,18,0,false,false
2026-07-05T19:10:00.000Z,78,42,96,134,true,true
2026-07-05T19:12:30.000Z,18,0,18,0,false,false
2026-07-05T19:15:00.000Z,81,57,18,0,true,false
2026-07-05T19:17:30.000Z,18,0,18,0,false,false
2026-07-05T19:20:00.000Z,77,40,18,0,true,false
2026-07-05T19:22:30.000Z,18,0,18,0,false,false
2026-07-05T19:25:00.000Z,80,49,93,125,true,true
2026-07-05T19:27:30.000Z,18,0,18,0,false,false
2026-07-05T19:30:00.000Z,77,42,18,0,true,false
2026-07-05T19:32:30.000Z,18,0,18,0,false,false
2026-07-05T19:35:00.000Z,98,30,18,0,true,false
2026-07-05T19:37:30.000Z,18,0,18,0,false,false
2026-07-05T19:40:00.000Z,75,41,95,135,true,true
2026-07-05T19:42:30.000Z,18,0,18,0,false,false
2026-07-05T19:45:00.000Z,76,53,18,0,true,false
2026-07-05T19:47:30.000Z,18,0,18,0,false,false
2026-07-05T19:50:00.000Z,81,38,18,0,true,false
2026-07-05T19:52:30.000Z,18,0,18,0,false,false
2026-07-05T19:55:00.000Z,76,37,97,121,true,true
2026-07-05T19:57:30.000Z,18,0,18,0,false,false
2026-07-05T21:00:00.000Z,81,51,94,129,true,true
2026-07-05T21:02:30.000Z,18,0,18,0,false,false
2026-07-05T21:05:00.000Z,70,49,18,0,true,false
2026-07-05T21:07:30.000Z,18,0,18,0,false,false
2026-07-05T21:10:00.000Z,72,38,18,0,true,false
2026-07-05T21:12:30.000Z,18,0,18,0,false,false
2026-07-05T21:15:00.000Z,77,66,98,127,true,true
2026-07-05T21:17:30.000Z,18,0,18,0,false,false
2026-07-05T21:20:00.000Z,70,45,18,0,true,false
2026-07-05T21:22:30.000Z,18,0,18,0,false,false
2026-07-05T21:25:00.000Z,79,44,18,0,true,false
2026-07-05T21:27:30.000Z,18,0,18,0,false,false
2026-07-05T21:30:00.000Z,79,48,96,124,true,true
2026-07-05T21:32:30.000Z,18,0,18,0,false,false
2026-07-05T21:35:00.000Z,75,64,18,0,true,false
2026-07-05T21:37:30.000Z,18,0,18,0,false,false
2026-07-05T21:40:00.000Z,72,42,18,0,true,false
2026-07-05T21:42:30.000Z,18,0,18,0,false,false
2026-07-05T21:45:00.000Z,72,48,18,0,true,false
2026-07-05T21:47:30.000Z,18,0,97,123,false,true
2026-07-05T21:50:00.000Z,73,52,18,0,true,false
2026-07-05T21:52:30.000Z,18,0,18,0,false,false
2026-07-05T21:55:00.000Z,73,32,18,0,true,false
2026-07-05T21:57:30.000Z,18,0,18,0,false,false
2026-07-05T22:00:00.000Z,75,43,18,0,true,false
2026-07-05T22:02:30.000Z,18,0,18,0,false,false
2026-07-05T22:05:00.000Z,72,41,98,124,true,true
2026-07-05T22:07:30.000Z,18,0,18,0,false,false
2026-07-05T22:10:00.000Z,66,55,18,0,true,false
2026-07-05T22:12:30.000Z,18,0,18,0,false,false
2026-07-05T22:15:00.000Z,73,44,18,0,true,false
2026-07-05T22:17:30.000Z,18,0,18,0,false,false
2026-07-05T22:20:00.000Z,78,42,18,0,true,false
2026-07-05T22:22:30.000Z,18,0,97,136,false,true
2026-07-05T22:25:00.000Z,71,40,18,0,true,false
2026-07-05T22:27:30.000Z,18,0,18,0,false,false
2026-07-05T22:30:00.000Z,68,56,18,0,true,false
2026-07-05T22:32:30.000Z,18,0,18,0,false,false
2026-07-05T22:35:00.000Z,72,43,18,0,true,false
2026-07-05T22:37:30.000Z,18,0,99,129,false,true
2026-07-05T22:40:00.000Z,66,46,18,0,true,false
2026-07-05T22:42:30.000Z,18,0,18,0,false,false
2026-07-05T22:45:00.000Z,70,40,18,0,true,false
2026-07-05T22:47:30.000Z,18,0,18,0,false,false
2026-07-05T22:50:00.000Z,75,42,18,0,true,false
2026-07-05T22:52:30.000Z,18,0,99,136,false,true
2026-07-05T22:55:00.000Z,73,36,18,0,true,false
2026-07-05T22:57:30.000Z,18,0,18,0,false,false
2026-07-05T23:00:00.000Z,59,48,18,0,true,false
2026-07-05T23:02:30.000Z,18,0,18,0,false,false
2026-07-05T23:05:00.000Z,61,52,18,0,true,false
2026-07-05T23:07:30.000Z,18,0,96,117,false,true
2026-07-05T23:10:00.000Z,59,64,18,0,true,false
2026-07-05T23:12:30.000Z,18,0,18,0,false,false
2026-07-05T23:15:00.000Z,59,95,18,0,true,false
2026-07-05T23:17:30.000Z,18,0,18,0,false,false
2026-07-05T23:20:00.000Z,58,44,18,0,true,false
2026-07-05T23:22:30.000Z,18,0,92,113,false,true
2026-07-05T23:25:00.000Z,57,91,18,0,true,false
2026-07-05T23:27:30.000Z,18,0,18,0,false,false
2026-07-05T23:30:00.000Z,57,51,18,0,true,false
2026-07-05T23:32:30.000Z,18,0,18,0,false,false
2026-07-05T23:35:00.000Z,57,61,18,0,true,false
2026-07-05T23:37:30.000Z,18,0,97,123,false,true
2026-07-05T23:40:00.000Z,55,52,18,0,true,false
2026-07-05T23:42:30.000Z,18,0,18,0,false,false
2026-07-05T23:45:00.000Z,60,60,18,0,true,false
2026-07-05T23:47:30.000Z,18,0,18,0,false,false
2026-07-05T23:50:00.000Z,62,63,18,0,true,false
2026-07-05T23:52:30.000Z,18,0,98,110,false,true
2026-07-05T23:55:00.000Z,61,77,18,0,true,false
2026-07-05T23:57:30.000Z,18,0,18,0,false,false
2026-07-06T00:00:00.000Z,58,68,18,0,true,false
2026-07-06T00:02:30.000Z,18,0,18,0,false,false
2026-07-06T00:05:00.000Z,55,66,18,0,true,false
2026-07-06T00:07:30.000Z,18,0,95,120,false,true
2026-07-06T00:10:00.000Z,59,69,18,0,true,false
2026-07-06T00:12:30.000Z,18,0,18,0,false,false
2026-07-06T00:15:00.000Z,61,62,18,0,true,false
2026-07-06T00:17:30.000Z,18,0,18,0,false,false
2026-07-06T00:20:00.000Z,57,68,18,0,true,false
2026-07-06T00:22:30.000Z,18,0,91,111,false,true
2026-07-06T00:25:00.000Z,55,68,18,0,true,false
2026-07-06T00:27:30.000Z,18,0,18,0,false,false
2026-07-06T00:30:00.000Z,59,82,18,0,true,false
2026-07-06T00:32:30.000Z,18,0,18,0,false,false
2026-07-06T00:35:00.000Z,58,57,18,0,true,false
2026-07-06T00:37:30.000Z,18,0,96,123,false,true
2026-07-06T00:40:00.000Z,18,0,18,0,false,false
2026-07-06T00:42:30.000Z,18,0,18,0,false,false
2026-07-06T00:45:00.000Z,59,45,18,0,true,false
2026-07-06T00:47:30.000Z,18,0,18,0,false,false
2026-07-06T00:50:00.000Z,59,47,18,0,true,false
2026-07-06T00:52:30.000Z,18,0,95,119,false,true
2026-07-06T00:55:00.000Z,56,49,18,0,true,false
2026-07-06T00:57:30.000Z,18,0,18,0,false,false
2026-07-06T01:00:00.000Z,58,76,18,0,true,false
2026-07-06T01:02:30.000Z,18,0,18,0,false,false
2026-07-06T01:05:00.000Z,59,49,18,0,true,false
2026-07-06T01:07:30.000Z,18,0,97,108,false,true
2026-07-06T01:10:00.000Z,57,71,18,0,true,false
2026-07-06T01:12:30.000Z,18,0,18,0,false,false
2026-07-06T01:15:00.000Z,58,57,18,0,true,false
2026-07-06T01:17:30.000Z,18,0,18,0,false,false
2026-07-06T01:20:00.000Z,59,41,18,0,true,false
2026-07-06T01:22:30.000Z,18,0,93,115,false,true
2026-07-06T01:25:00.000Z,60,66,18,0,true,false
2026-07-06T01:27:30.000Z,18,0,18,0,false,false
2026-07-06T01:30:00.000Z,59,49,18,0,true,false
2026-07-06T01:32:30.000Z,18,0,18,0,false,false
2026-07-06T01:35:00.000Z,58,57,18,0,true,false
2026-07-06T01:37:30.000Z,18,0,97,115,false,true
2026-07-06T01:40:00.000Z,60,45,18,0,true,false
2026-07-06T01:42:30.000Z,18,0,18,0,false,false
2026-07-06T01:45:00.000Z,62,63,18,0,true,false
2026-07-06T01:47:30.000Z,18,0,18,0,false,false
2026-07-06T01:50:00.000Z,58,64,18,0,true,false
2026-07-06T01:52:30.000Z,18,0,91,108,false,true
2026-07-06T01:55:00.000Z,59,69,18,0,true,false
2026-07-06T01:57:30.000Z,18,0,18,0,false,false
2026-07-06T02:00:00.000Z,18,0,18,0,false,false
2026-07-06T02:02:30.000Z,18,0,18,0,false,false
2026-07-06T02:05:00.000Z,56,64,18,0,true,false
2026-07-06T02:07:30.000Z,18,0,97,136,false,true
2026-07-06T02:10:00.000Z,60,73,18,0,true,false
2026-07-06T02:12:30.000Z,18,0,18,0,false,false
2026-07-06T02:15:00.000Z,61,62,18,0,true,false
2026-07-06T02:17:30.000Z,18,0,18,0,false,false
2026-07-06T02:20:00.000Z,58,47,18,0,true,false
2026-07-06T02:22:30.000Z,18,0,96,108,false,true
2026-07-06T02:25:00.000Z,59,47,18,0,true,false
2026-07-06T02:27:30.000Z,18,0,18,0,false,false
2026-07-06T02:30:00.000Z,60,54,18,0,true,false
2026-07-06T02:32:30.000Z,18,0,18,0,false,false
2026-07-06T02:35:00.000Z,56,76,18,0,true,false
2026-07-06T02:37:30.000Z,18,0,94,119,false,true
2026-07-06T02:40:00.000Z,59,53,18,0,true,false
2026-07-06T02:42:30.000Z,18,0,18,0,false,false
2026-07-06T02:45:00.000Z,61,53,18,0,true,false
2026-07-06T02:47:30.000Z,18,0,18,0,false,false
2026-07-06T02:50:00.000Z,59,81,18,0,true,false
2026-07-06T02:52:30.000Z,18,0,95,124,false,true
2026-07-06T02:55:00.000Z,60,41,18,0,true,false
2026-07-06T02:57:30.000Z,18,0,18,0,false,false
2026-07-06T03:00:00.000Z,57,45,18,0,true,false
2026-07-06T03:02:30.000Z,18,0,18,0,false,false
2026-07-06T03:05:00.000Z,59,72,18,0,true,false
2026-07-06T03:07:30.000Z,18,0,97,130,false,true
2026-07-06T03:10:00.000Z,60,59,18,0,true,false
2026-07-06T03:12:30.000Z,18,0,18,0,false,false
2026-07-06T03:15:00.000Z,55,65,18,0,true,false
2026-07-06T03:17:30.000Z,18,0,18,0,false,false
2026-07-06T03:20:00.000Z,58,36,18,0,true,false
2026-07-06T03:22:30.000Z,18,0,94,116,false,true
2026-07-06T03:25:00.000Z,61,59,18,0,true,false
2026-07-06T03:27:30.000Z,18,0,18,0,false,false
2026-07-06T03:30:00.000Z,59,73,18,0,true,false
2026-07-06T03:32:30.000Z,18,0,18,0,false,false
2026-07-06T03:35:00.000Z,55,94,18,0,true,false
2026-07-06T03:37:30.000Z,18,0,96,111,false,true
2026-07-06T03:40:00.000Z,58,56,18,0,true,false
2026-07-06T03:42:30.000Z,18,0,18,0,false,false
2026-07-06T03:45:00.000Z,60,65,18,0,true,false
2026-07-06T03:47:30.000Z,18,0,18,0,false,false
2026-07-06T03:50:00.000Z,56,67,18,0,true,false
2026-07-06T03:52:30.000Z,18,0,93,113,false,true
2026-07-06T03:55:00.000Z,58,54,18,0,true,false
2026-07-06T03:57:30.000Z,18,0,18,0,false,false
2026-07-06T04:00:00.000Z,58,62,18,0,true,false
2026-07-06T04:02:30.000Z,18,0,18,0,false,false
2026-07-06T04:05:00.000Z,59,49,18,0,true,false
2026-07-06T04:07:30.000Z,18,0,97,115,false,true
2026-07-06T04:10:00.000Z,57,40,18,0,true,false
2026-07-06T04:12:30.000Z,18,0,18,0,false,false
2026-07-06T04:15:00.000Z,60,68,18,0,true,false
2026-07-06T04:17:30.000Z,18,0,18,0,false,false
2026-07-06T04:20:00.000Z,58,35,18,0,true,false
2026-07-06T04:22:30.000Z,18,0,96,109,false,true
2026-07-06T04:25:00.000Z,58,74,18,0,true,false
2026-07-06T04:27:30.000Z,18,0,18,0,false,false
2026-07-06T04:30:00.000Z,57,52,18,0,true,false
2026-07-06T04:32:30.000Z,18,0,18,0,false,false
2026-07-06T04:35:00.000Z,59,84,18,0,true,false
2026-07-06T04:37:30.000Z,18,0,95,117,false,true
2026-07-06T04:40:00.000Z,53,58,18,0,true,false
2026-07-06T04:42:30.000Z,18,0,18,0,false,false
2026-07-06T04:45:00.000Z,58,90,18,0,true,false
2026-07-06T04:47:30.000Z,18,0,18,0,false,false
2026-07-06T04:50:00.000Z,61,62,18,0,true,false
2026-07-06T04:52:30.000Z,18,0,95,108,false,true
2026-07-06T04:55:00.000Z,60,50,18,0,true,false
2026-07-06T04:57:30.000Z,18,0,18,0,false,false
2026-07-06T05:00:00.000Z,58,54,18,0,true,false
2026-07-06T05:02:30.000Z,18,0,18,0,false,false
2026-07-06T05:05:00.000Z,58,53,18,0,true,false
2026-07-06T05:07:30.000Z,18,0,97,116,false,true
2026-07-06T05:10:00.000Z,57,59,18,0,true,false
2026-07-06T05:12:30.000Z,18,0,18,0,false,false
2026-07-06T05:15:00.000Z,59,42,18,0,true,false
2026-07-06T05:17:30.000Z,18,0,18,0,false,false
2026-07-06T05:20:00.000Z,59,49,18,0,true,false
2026-07-06T05:22:30.000Z,18,0,97,123,false,true
2026-07-06T05:25:00.000Z,57,81,18,0,true,false
2026-07-06T05:27:30.000Z,18,0,18,0,false,false
2026-07-06T05:30:00.000Z,55,52,18,0,true,false
2026-07-06T05:32:30.000Z,18,0,18,0,false,false
2026-07-06T05:35:00.000Z,55,77,18,0,true,false
2026-07-06T05:37:30.000Z,18,0,98,119,false,true
2026-07-06T05:40:00.000Z,57,91,18,0,true,false
2026-07-06T05:42:30.000Z,18,0,18,0,false,false
2026-07-06T05:45:00.000Z,56,38,18,0,true,false
2026-07-06T05:47:30.000Z,18,0,18,0,false,false
2026-07-06T05:50:00.000Z,61,59,18,0,true,false
2026-07-06T05:52:30.000Z,18,0,93,113,false,true
2026-07-06T05:55:00.000Z,57,61,18,0,true,false
2026-07-06T05:57:30.000Z,18,0,18,0,false,false
2026-07-06T06:00:00.000Z,60,46,18,0,true,false
2026-07-06T06:02:30.000Z,18,0,18,0,false,false
2026-07-06T06:05:00.000Z,60,46,18,0,true,false
2026-07-06T06:07:30.000Z,18,0,95,124,false,true
2026-07-06T06:10:00.000Z,61,58,18,0,true,false
2026-07-06T06:12:30.000Z,18,0,18,0,false,false
2026-07-06T06:15:00.000Z,57,55,18,0,true,false
2026-07-06T06:17:30.000Z,18,0,18,0,false,false
2026-07-06T06:20:00.000Z,57,63,18,0,true,false
2026-07-06T06:22:30.000Z,18,0,98,115,false,true
2026-07-06T06:25:00.000Z,60,78,18,0,true,false
2026-07-06T06:27:30.000Z,18,0,18,0,false,false
2026-07-06T06:30:00.000Z,62,72,18,0,true,false
2026-07-06T06:32:30.000Z,18,0,18,0,false,false
2026-07-06T06:35:00.000Z,56,36,18,0,true,false
2026-07-06T06:37:30.000Z,18,0,96,120,false,true
2026-07-06T06:40:00.000Z,18,0,18,0,false,false
2026-07-06T06:42:30.000Z,18,0,18,0,false,false
2026-07-06T06:45:00.000Z,57,77,18,0,true,false
2026-07-06T06:47:30.000Z,18,0,18,0,false,false
2026-07-06T06:50:00.000Z,61,53,18,0,true,false
2026-07-06T06:52:30.000Z,18,0,95,115,false,true
2026-07-06T06:55:00.000Z,58,58,18,0,true,false
2026-07-06T06:57:30.000Z,18,0,18,0,false,false
2026-07-06T07:00:00.000Z,71,41,18,0,true,false
2026-07-06T07:02:30.000Z,18,0,18,0,false,false
2026-07-06T07:05:00.000Z,71,56,18,0,true,false
2026-07-06T07:07:30.000Z,18,0,96,129,false,true
2026-07-06T07:10:00.000Z,72,55,18,0,true,false
2026-07-06T07:12:30.000Z,18,0,18,0,false,false
2026-07-06T07:15:00.000Z,73,43,18,0,true,false
2026-07-06T07:17:30.000Z,18,0,18,0,false,false
2026-07-06T07:20:00.000Z,75,41,18,0,true,false
2026-07-06T07:22:30.000Z,18,0,96,136,false,true
2026-07-06T07:25:00.000Z,68,56,18,0,true,false
2026-07-06T07:27:30.000Z,18,0,18,0,false,false
2026-07-06T07:30:00.000Z,73,54,18,0,true,false
2026-07-06T07:32:30.000Z,18,0,18,0,false,false
2026-07-06T07:35:00.000Z,71,29,18,0,true,false
2026-07-06T07:37:30.000Z,18,0,98,128,false,true
2026-07-06T07:40:00.000Z,71,44,18,0,true,false
2026-07-06T07:42:30.000Z,18,0,18,0,false,false
2026-07-06T07:45:00.000Z,76,36,18,0,true,false
2026-07-06T07:47:30.000Z,18,0,18,0,false,false
2026-07-06T07:50:00.000Z,71,37,18,0,true,false
2026-07-06T07:52:30.000Z,18,0,97,120,false,true
2026-07-06T07:55:00.000Z,68,40,18,0,true,false
2026-07-06T07:57:30.000Z,18,0,18,0,false,false
2026-07-06T08:00:00.000Z,73,38,18,0,true,false
2026-07-06T08:02:30.000Z,18,0,18,0,false,false
2026-07-06T08:05:00.000Z,74,33,96,127,true,true
2026-07-06T08:07:30.000Z,18,0,18,0,false,false
2026-07-06T08:10:00.000Z,73,41,18,0,true,false
2026-07-06T08:12:30.000Z,18,0,18,0,false,false
2026-07-06T08:15:00.000Z,67,46,96,124,true,true
2026-07-06T08:17:30.000Z,18,0,18,0,false,false
2026-07-06T08:20:00.000Z,74,43,18,0,true,false
2026-07-06T08:22:30.000Z,18,0,18,0,false,false
2026-07-06T08:25:00.000Z,77,33,18,0,true,false
2026-07-06T08:27:30.000Z,18,0,18,0,false,false
2026-07-06T08:30:00.000Z,73,41,98,136,true,true
2026-07-06T08:32:30.000Z,18,0,18,0,false,false
2026-07-06T08:35:00.000Z,75,39,18,0,true,false
2026-07-06T08:37:30.000Z,18,0,18,0,false,false
2026-07-06T08:40:00.000Z,76,49,18,0,true,false
2026-07-06T08:42:30.000Z,18,0,18,0,false,false
2026-07-06T08:45:00.000Z,75,38,97,118,true,true
2026-07-06T08:47:30.000Z,18,0,18,0,false,false
2026-07-06T08:50:00.000Z,79,38,18,0,true,false
2026-07-06T08:52:30.000Z,18,0,18,0,false,false
2026-07-06T08:55:00.000Z,75,54,18,0,true,false
2026-07-06T08:57:30.000Z,18,0,18,0,false,false
2026-07-06T09:00:00.000Z,73,61,97,119,true,true
2026-07-06T09:02:30.000Z,18,0,18,0,false,false
2026-07-06T09:05:00.000Z,75,61,18,0,true,false
2026-07-06T09:07:30.000Z,18,0,18,0,false,false
2026-07-06T09:10:00.000Z,76,71,18,0,true,false
2026-07-06T09:12:30.000Z,18,0,98,128,false,true
2026-07-06T09:15:00.000Z,79,47,18,0,true,false
2026-07-06T09:17:30.000Z,18,0,18,0,false,false
2026-07-06T09:20:00.000Z,78,38,18,0,true,false
2026-07-06T09:22:30.000Z,18,0,18,0,false,false
2026-07-06T09:25:00.000Z,73,45,18,0,true,false
2026-07-06T09:27:30.000Z,18,0,94,123,false,true
2026-07-06T09:30:00.000Z,75,60,18,0,true,false
2026-07-06T09:32:30.000Z,18,0,18,0,false,false
2026-07-06T09:35:00.000Z,78,39,18,0,true,false
2026-07-06T09:37:30.000Z,18,0,18,0,false,false
2026-07-06T09:40:00.000Z,74,42,18,0,true,false
2026-07-06T09:42:30.000Z,18,0,18,0,false,false
2026-07-06T09:45:00.000Z,78,41,18,0,true,false
2026-07-06T09:47:30.000Z,18,0,18,0,false,false
2026-07-06T09:50:00.000Z,76,48,18,0,true,false
2026-07-06T09:52:30.000Z,18,0,18,0,false,false
2026-07-06T09:55:00.000Z,75,65,18,0,true,false
2026-07-06T09:57:30.000Z,18,0,18,0,false,false
2026-07-06T10:00:00.000Z,76,58,18,0,true,false
2026-07-06T10:02:30.000Z,18,0,18,0,false,false
2026-07-06T10:05:00.000Z,74,60,96,133,true,true
2026-07-06T10:07:30.000Z,18,0,18,0,false,false
2026-07-06T10:10:00.000Z,83,64,18,0,true,false
2026-07-06T10:12:30.000Z,18,0,18,0,false,false
2026-07-06T10:15:00.000Z,79,26,18,0,true,false
2026-07-06T10:17:30.000Z,18,0,18,0,false,false
2026-07-06T10:20:00.000Z,78,50,96,119,true,true
2026-07-06T10:22:30.000Z,18,0,18,0,false,false
2026-07-06T10:25:00.000Z,80,36,18,0,true,false
2026-07-06T10:27:30.000Z,18,0,18,0,false,false
2026-07-06T10:30:00.000Z,74,58,18,0,true,false
2026-07-06T10:32:30.000Z,18,0,98,125,false,true
2026-07-06T10:35:00.000Z,78,36,18,0,true,false
2026-07-06T10:37:30.000Z,18,0,18,0,false,false
2026-07-06T10:40:00.000Z,18,0,18,0,false,false
2026-07-06T10:42:30.000Z,18,0,98,134,false,true
2026-07-06T10:45:00.000Z,84,39,18,0,true,false
2026-07-06T10:47:30.000Z,18,0,18,0,false,false
2026-07-06T10:50:00.000Z,80,38,18,0,true,false
2026-07-06T10:52:30.000Z,18,0,98,123,false,true
2026-07-06T10:55:00.000Z,77,28,18,0,true,false
2026-07-06T10:57:30.000Z,18,0,18,0,false,false
2026-07-06T11:00:00.000Z,79,55,18,0,true,false
2026-07-06T11:02:30.000Z,18,0,18,0,false,false
2026-07-06T11:05:00.000Z,81,32,18,0,true,false
2026-07-06T11:07:30.000Z,18,0,18,0,false,false
2026-07-06T11:10:00.000Z,74,33,18,0,true,false
2026-07-06T11:12:30.000Z,18,0,18,0,false,false
2026-07-06T11:15:00.000Z,107,37,97,132,true,true
2026-07-06T11:17:30.000Z,18,0,18,0,false,false
2026-07-06T11:20:00.000Z,68,43,18,0,true,false
2026-07-06T11:22:30.000Z,18,0,18,0,false,false
2026-07-06T11:25:00.000Z,78,25,18,0,true,false
2026-07-06T11:27:30.000Z,18,0,18,0,false,false
2026-07-06T11:30:00.000Z,83,38,18,0,true,false
2026-07-06T11:32:30.000Z,18,0,18,0,false,false
2026-07-06T11:35:00.000Z,83,37,98,126,true,true
2026-07-06T11:37:30.000Z,18,0,18,0,false,false
2026-07-06T11:40:00.000Z,78,49,18,0,true,false
2026-07-06T11:42:30.000Z,18,0,18,0,false,false
2026-07-06T11:45:00.000Z,78,51,18,0,true,false
2026-07-06T11:47:30.000Z,18,0,18,0,false,false
2026-07-06T11:50:00.000Z,76,37,18,0,true,false
2026-07-06T11:52:30.000Z,18,0,97,137,false,true
2026-07-06T11:55:00.000Z,80,29,18,0,true,false
2026-07-06T11:57:30.000Z,18,0,18,0,false,false
2026-07-06T12:00:00.000Z,86,37,18,0,true,false
2026-07-06T12:02:30.000Z,18,0,18,0,false,false
2026-07-06T12:05:00.000Z,78,42,18,0,true,false
2026-07-06T12:07:30.000Z,18,0,18,0,false,false
2026-07-06T12:10:00.000Z,79,32,18,0,true,false
2026-07-06T12:12:30.000Z,18,0,94,134,false,true
2026-07-06T12:15:00.000Z,81,40,18,0,true,false
2026-07-06T12:17:30.000Z,18,0,18,0,false,false
2026-07-06T12:20:00.000Z,85,34,18,0,true,false
2026-07-06T12:22:30.000Z,18,0,18,0,false,false
2026-07-06T12:25:00.000Z,82,38,18,0,true,false
2026-07-06T12:27:30.000Z,18,0,18,0,false,false
2026-07-06T12:30:00.000Z,82,50,96,138,true,true
2026-07-06T12:32:30.000Z,18,0,18,0,false,false
2026-07-06T12:35:00.000Z,87,52,18,0,true,false
2026-07-06T12:37:30.000Z,18,0,18,0,false,false
2026-07-06T12:40:00.000Z,82,33,18,0,true,false
2026-07-06T12:42:30.000Z,18,0,18,0,false,false
2026-07-06T12:45:00.000Z,78,40,97,128,true,true
2026-07-06T12:47:30.000Z,18,0,18,0,false,false
2026-07-06T12:50:00.000Z,82,42,18,0,true,false
2026-07-06T12:52:30.000Z,18,0,18,0,false,false
2026-07-06T12:55:00.000Z,80,39,18,0,true,false
2026-07-06T12:57:30.000Z,18,0,18,0,false,false
2026-07-06T13:00:00.000Z,81,49,97,133,true,true
2026-07-06T13:02:30.000Z,18,0,18,0,false,false
2026-07-06T13:05:00.000Z,83,29,18,0,true,false
2026-07-06T13:07:30.000Z,18,0,18,0,false,false
2026-07-06T13:10:00.000Z,79,35,18,0,true,false
2026-07-06T13:12:30.000Z,18,0,18,0,false,false
2026-07-06T13:15:00.000Z,18,0,18,0,false,false
2026-07-06T13:17:30.000Z,18,0,96,125,false,true
2026-07-06T13:20:00.000Z,80,47,18,0,true,false
2026-07-06T13:22:30.000Z,18,0,18,0,false,false
2026-07-06T13:25:00.000Z,83,54,18,0,true,false
2026-07-06T13:27:30.000Z,18,0,97,126,false,true
2026-07-06T13:30:00.000Z,79,51,18,0,true,false
2026-07-06T13:32:30.000Z,18,0,18,0,false,false
2026-07-06T13:35:00.000Z,83,35,18,0,true,false
2026-07-06T13:37:30.000Z,18,0,18,0,false,false
2026-07-06T13:40:00.000Z,85,57,18,0,true,false
2026-07-06T13:42:30.000Z,18,0,95,119,false,true
2026-07-06T13:45:00.000Z,79,41,18,0,true,false
2026-07-06T13:47:30.000Z,18,0,18,0,false,false
2026-07-06T13:50:00.000Z,81,62,18,0,true,false
2026-07-06T13:52:30.000Z,18,0,18,0,false,false
2026-07-06T13:55:00.000Z,79,46,94,115,true,true
2026-07-06T13:57:30.000Z,18,0,18,0,false,false
2026-07-06T14:00:00.000Z,84,30,18,0,true,false
2026-07-06T14:02:30.000Z,18,0,18,0,false,false
2026-07-06T14:05:00.000Z,79,42,18,0,true,false
2026-07-06T14:07:30.000Z,18,0,18,0,false,false
2026-07-06T14:10:00.000Z,81,52,96,130,true,true
2026-07-06T14:12:30.000Z,18,0,18,0,false,false
2026-07-06T14:15:00.000Z,84,55,18,0,true,false
2026-07-06T14:17:30.000Z,18,0,18,0,false,false
2026-07-06T14:20:00.000Z,83,45,18,0,true,false
2026-07-06T14:22:30.000Z,18,0,18,0,false,false
2026-07-06T14:25:00.000Z,80,36,96,125,true,true
2026-07-06T14:27:30.000Z,18,0,18,0,false,false
2026-07-06T14:30:00.000Z,18,0,18,0,false,false
2026-07-06T14:32:30.000Z,18,0,18,0,false,false
2026-07-06T14:35:00.000Z,18,0,18,0,false,false
2026-07-06T14:37:30.000Z,18,0,18,0,false,false
2026-07-06T14:40:00.000Z,80,40,94,115,true,true
2026-07-06T14:42:30.000Z,18,0,18,0,false,false
2026-07-06T14:45:00.000Z,86,36,18,0,true,false
2026-07-06T14:47:30.000Z,18,0,18,0,false,false
2026-07-06T14:50:00.000Z,79,46,18,0,true,false
2026-07-06T14:52:30.000Z,18,0,18,0,false,false
2026-07-06T14:55:00.000Z,84,50,18,0,true,false
2026-07-06T14:57:30.000Z,18,0,95,124,false,true
2026-07-06T15:00:00.000Z,83,41,18,0,true,false
2026-07-06T15:02:30.000Z,18,0,18,0,false,false
2026-07-06T15:05:00.000Z,82,43,18,0,true,false
2026-07-06T15:07:30.000Z,18,0,18,0,false,false
2026-07-06T15:10:00.000Z,84,45,18,0,true,false
2026-07-06T15:12:30.000Z,18,0,18,0,false,false
2026-07-06T15:15:00.000Z,85,42,18,0,true,false
2026-07-06T15:17:30.000Z,18,0,97,116,false,true
2026-07-06T15:20:00.000Z,86,35,18,0,true,false
2026-07-06T15:22:30.000Z,18,0,18,0,false,false
2026-07-06T15:25:00.000Z,78,53,18,0,true,false
2026-07-06T15:27:30.000Z,18,0,18,0,false,false
2026-07-06T15:30:00.000Z,81,49,18,0,true,false
2026-07-06T15:32:30.000Z,18,0,97,120,false,true
2026-07-06T15:35:00.000Z,82,43,18,0,true,false
2026-07-06T15:37:30.000Z,18,0,18,0,false,false
2026-07-06T15:40:00.000Z,84,60,18,0,true,false
2026-07-06T15:42:30.000Z,18,0,18,0,false,false
2026-07-06T15:45:00.000Z,88,35,18,0,true,false
2026-07-06T15:47:30.000Z,18,0,95,131,false,true
2026-07-06T15:50:00.000Z,78,38,18,0,true,false
2026-07-06T15:52:30.000Z,18,0,18,0,false,false
2026-07-06T15:55:00.000Z,81,45,18,0,true,false
2026-07-06T15:57:30.000Z,18,0,18,0,false,false
2026-07-06T16:00:00.000Z,83,43,18,0,true,false
2026-07-06T16:02:30.000Z,18,0,97,128,false,true
2026-07-06T16:05:00.000Z,81,40,18,0,true,false
2026-07-06T16:07:30.000Z,18,0,18,0,false,false
2026-07-06T16:10:00.000Z,83,43,18,0,true,false
2026-07-06T16:12:30.000Z,18,0,18,0,false,false
2026-07-06T16:15:00.000Z,81,42,97,138,true,true
2026-07-06T16:17:30.000Z,18,0,18,0,false,false
2026-07-06T16:20:00.000Z,84,40,18,0,true,false
2026-07-06T16:22:30.000Z,18,0,18,0,false,false
2026-07-06T16:25:00.000Z,84,47,18,0,true,false
2026-07-06T16:27:30.000Z,18,0,18,0,false,false
2026-07-06T16:30:00.000Z,84,47,95,138,true,true
2026-07-06T16:32:30.000Z,18,0,18,0,false,false
2026-07-06T16:35:00.000Z,82,44,18,0,true,false
2026-07-06T16:37:30.000Z,18,0,18,0,false,false
2026-07-06T16:40:00.000Z,83,56,18,0,true,false
2026-07-06T16:42:30.000Z,18,0,94,126,false,true
2026-07-06T16:45:00.000Z,82,34,18,0,true,false
2026-07-06T16:47:30.000Z,18,0,18,0,false,false
2026-07-06T16:50:00.000Z,80,36,18,0,true,false
2026-07-06T16:52:30.000Z,18,0,18,0,false,false
2026-07-06T16:55:00.000Z,79,40,18,0,true,false
2026-07-06T16:57:30.000Z,18,0,18,0,false,false
2026-07-06T17:00:00.000Z,80,62,98,127,true,true
2026-07-06T17:02:30.000Z,18,0,18,0,false,false
2026-07-06T17:05:00.000Z,83,47,18,0,true,false
2026-07-06T17:07:30.000Z,18,0,18,0,false,false
2026-07-06T17:10:00.000Z,80,29,18,0,true,false
2026-07-06T17:12:30.000Z,18,0,18,0,false,false
2026-07-06T17:15:00.000Z,82,36,95,130,true,true
2026-07-06T17:17:30.000Z,18,0,18,0,false,false
2026-07-06T17:20:00.000Z,78,52,18,0,true,false
2026-07-06T17:22:30.000Z,18,0,18,0,false,false
2026-07-06T17:25:00.000Z,78,39,18,0,true,false
2026-07-06T17:27:30.000Z,18,0,18,0,false,false
2026-07-06T17:30:00.000Z,81,34,98,125,true,true
2026-07-06T17:32:30.000Z,18,0,18,0,false,false
2026-07-06T17:35:00.000Z,87,27,18,0,true,false
2026-07-06T17:37:30.000Z,18,0,18,0,false,false
2026-07-06T17:40:00.000Z,79,38,18,0,true,false
2026-07-06T17:42:30.000Z,18,0,18,0,false,false
2026-07-06T17:45:00.000Z,82,53,98,119,true,true
2026-07-06T17:47:30.000Z,18,0,18,0,false,false
2026-07-06T17:50:00.000Z,80,33,18,0,true,false
2026-07-06T17:52:30.000Z,18,0,18,0,false,false
2026-07-06T17:55:00.000Z,84,42,18,0,true,false
2026-07-06T17:57:30.000Z,18,0,18,0,false,false
2026-07-06T18:00:00.000Z,82,31,18,0,true,false
2026-07-06T18:02:30.000Z,18,0,96,130,false,true
2026-07-06T18:05:00.000Z,82,41,18,0,true,false
2026-07-06T18:07:30.000Z,18,0,18,0,false,false
2026-07-06T18:10:00.000Z,86,35,18,0,true,false
2026-07-06T18:12:30.000Z,18,0,18,0,false,false
2026-07-06T18:15:00.000Z,78,44,18,0,true,false
2026-07-06T18:17:30.000Z,18,0,99,133,false,true
2026-07-06T18:20:00.000Z,84,44,18,0,true,false
2026-07-06T18:22:30.000Z,18,0,18,0,false,false
2026-07-06T18:25:00.000Z,82,29,18,0,true,false
2026-07-06T18:27:30.000Z,18,0,18,0,false,false
2026-07-06T18:30:00.000Z,78,35,18,0,true,false
2026-07-06T18:32:30.000Z,18,0,18,0,false,false
2026-07-06T18:35:00.000Z,77,48,18,0,true,false
2026-07-06T18:37:30.000Z,18,0,98,135,false,true
2026-07-06T18:40:00.000Z,80,58,18,0,true,false
2026-07-06T18:42:30.000Z,18,0,18,0,false,false
2026-07-06T18:45:00.000Z,80,47,18,0,true,false
2026-07-06T18:47:30.000Z,18,0,18,0,false,false
2026-07-06T18:50:00.000Z,73,49,18,0,true,false
2026-07-06T18:52:30.000Z,18,0,97,128,false,true
2026-07-06T18:55:00.000Z,77,31,18,0,true,false
2026-07-06T18:57:30.000Z,18,0,18,0,false,false
2026-07-06T19:00:00.000Z,78,45,18,0,true,false
2026-07-06T19:02:30.000Z,18,0,18,0,false,false
2026-07-06T19:05:00.000Z,80,39,18,0,true,false
2026-07-06T19:07:30.000Z,18,0,94,125,false,true
2026-07-06T19:10:00.000Z,82,40,18,0,true,false
2026-07-06T19:12:30.000Z,18,0,18,0,false,false
2026-07-06T19:15:00.000Z,81,48,18,0,true,false
2026-07-06T19:17:30.000Z,18,0,18,0,false,false
2026-07-06T19:20:00.000Z,18,0,18,0,false,false
2026-07-06T19:22:30.000Z,18,0,18,0,false,false
2026-07-06T19:25:00.000Z,82,44,18,0,true,false
2026-07-06T19:27:30.000Z,18,0,98,125,false,true
2026-07-06T19:30:00.000Z,78,36,18,0,true,false
2026-07-06T19:32:30.000Z,18,0,18,0,false,false
2026-07-06T19:35:00.000Z,77,44,18,0,true,false
2026-07-06T19:37:30.000Z,18,0,18,0,false,false
2026-07-06T19:40:00.000Z,81,41,18,0,true,false
2026-07-06T19:42:30.000Z,18,0,18,0,false,false
2026-07-06T19:45:00.000Z,79,35,95,124,true,true
2026-07-06T19:47:30.000Z,18,0,18,0,false,false
2026-07-06T19:50:00.000Z,102,30,18,0,true,false
2026-07-06T19:52:30.000Z,18,0,18,0,false,false
2026-07-06T19:55:00.000Z,77,40,18,0,true,false
2026-07-06T19:57:30.000Z,18,0,18,0,false,false
2026-07-06T20:00:00.000Z,75,36,18,0,true,false
2026-07-06T20:02:30.000Z,18,0,97,119,false,true
2026-07-06T20:05:00.000Z,75,55,18,0,true,false
2026-07-06T20:07:30.000Z,18,0,18,0,false,false
2026-07-06T20:10:00.000Z,75,47,18,0,true,false
2026-07-06T20:12:30.000Z,18,0,18,0,false,false
2026-07-06T20:15:00.000Z,76,61,18,0,true,false
2026-07-06T20:17:30.000Z,18,0,18,0,false,false
2026-07-06T20:20:00.000Z,78,48,18,0,true,false
2026-07-06T20:22:30.000Z,18,0,18,0,false,false
2026-07-06T20:25:00.000Z,75,49,98,128,true,true
2026-07-06T20:27:30.000Z,18,0,18,0,false,false
2026-07-06T20:30:00.000Z,75,33,18,0,true,false
2026-07-06T20:32:30.000Z,18,0,18,0,false,false
2026-07-06T20:35:00.000Z,73,41,96,126,true,true
2026-07-06T20:37:30.000Z,18,0,18,0,false,false
2026-07-06T20:40:00.000Z,74,62,18,0,true,false
2026-07-06T20:42:30.000Z,18,0,18,0,false,false
2026-07-06T20:45:00.000Z,79,58,18,0,true,false
2026-07-06T20:47:30.000Z,18,0,96,120,false,true
2026-07-06T20:50:00.000Z,74,35,18,0,true,false
2026-07-06T20:52:30.000Z,18,0,18,0,false,false
2026-07-06T20:55:00.000Z,94,46,18,0,true,false
2026-07-06T20:57:30.000Z,18,0,18,0,false,false
2026-07-06T21:00:00.000Z,72,63,18,0,true,false
2026-07-06T21:02:30.000Z,18,0,18,0,false,false
2026-07-06T21:05:00.000Z,75,48,18,0,true,false
2026-07-06T21:07:30.000Z,18,0,18,0,false,false
2026-07-06T21:10:00.000Z,74,42,97,130,true,true
2026-07-06T21:12:30.000Z,18,0,18,0,false,false
2026-07-06T21:15:00.000Z,72,52,18,0,true,false
2026-07-06T21:17:30.000Z,18,0,18,0,false,false
2026-07-06T21:20:00.000Z,73,62,18,0,true,false
2026-07-06T21:22:30.000Z,18,0,18,0,false,false
2026-07-06T21:25:00.000Z,73,41,95,127,true,true
2026-07-06T21:27:30.000Z,18,0,18,0,false,false
2026-07-06T21:30:00.000Z,71,51,18,0,true,false
2026-07-06T21:32:30.000Z,18,0,18,0,false,false
2026-07-06T21:35:00.000Z,75,36,97,120,true,true
2026-07-06T21:37:30.000Z,18,0,18,0,false,false
2026-07-06T21:40:00.000Z,73,47,18,0,true,false
2026-07-06T21:42:30.000Z,18,0,18,0,false,false
2026-07-06T21:45:00.000Z,74,43,18,0,true,false
2026-07-06T21:47:30.000Z,18,0,18,0,false,false
2026-07-06T21:50:00.000Z,70,43,97,132,true,true
2026-07-06T21:52:30.000Z,18,0,18,0,false,false
2026-07-06T21:55:00.000Z,95,26,18,0,true,false
2026-07-06T21:57:30.000Z,18,0,18,0,false,false
2026-07-06T22:00:00.000Z,71,46,97,132,true,true
2026-07-06T22:02:30.000Z,18,0,18,0,false,false
2026-07-06T22:05:00.000Z,70,47,18,0,true,false
2026-07-06T22:07:30.000Z,18,0,18,0,false,false
2026-07-06T22:10:00.000Z,75,34,18,0,true,false
2026-07-06T22:12:30.000Z,18,0,18,0,false,false
2026-07-06T22:15:00.000Z,71,83,18,0,true,false
2026-07-06T22:17:30.000Z,18,0,96,122,false,true
2026-07-06T22:20:00.000Z,69,38,18,0,true,false
2026-07-06T22:22:30.000Z,18,0,18,0,false,false
2026-07-06T22:25:00.000Z,67,48,18,0,true,false
2026-07-06T22:27:30.000Z,18,0,18,0,false,false
2026-07-06T22:30:00.000Z,68,57,18,0,true,false
2026-07-06T22:32:30.000Z,18,0,96,129,false,true
2026-07-06T22:35:00.000Z,71,45,18,0,true,false
2026-07-06T22:37:30.000Z,18,0,18,0,false,false
2026-07-06T22:40:00.000Z,95,32,18,0,true,false
2026-07-06T22:42:30.000Z,18,0,99,127,false,true
2026-07-06T22:45:00.000Z,75,57,18,0,true,false
2026-07-06T22:47:30.000Z,18,0,18,0,false,false
2026-07-06T22:50:00.000Z,71,31,18,0,true,false
2026-07-06T22:52:30.000Z,18,0,18,0,false,false
2026-07-06T22:55:00.000Z,70,57,18,0,true,false
2026-07-06T22:57:30.000Z,18,0,97,125,false,true
2026-07-06T23:00:00.000Z,57,46,18,0,true,false
2026-07-06T23:02:30.000Z,18,0,18,0,false,false
2026-07-06T23:05:00.000Z,59,61,18,0,true,false
2026-07-06T23:07:30.000Z,18,0,18,0,false,false
2026-07-06T23:10:00.000Z,58,66,18,0,true,false
2026-07-06T23:12:30.000Z,18,0,94,125,false,true
2026-07-06T23:15:00.000Z,58,52,18,0,true,false
2026-07-06T23:17:30.000Z,18,0,18,0,false,false
2026-07-06T23:20:00.000Z,60,57,18,0,true,false
2026-07-06T23:22:30.000Z,18,0,18,0,false,false
2026-07-06T23:25:00.000Z,58,57,18,0,true,false
2026-07-06T23:27:30.000Z,18,0,96,131,false,true
2026-07-06T23:30:00.000Z,56,50,18,0,true,false
2026-07-06T23:32:30.000Z,18,0,18,0,false,false
2026-07-06T23:35:00.000Z,54,70,18,0,true,false
2026-07-06T23:37:30.000Z,18,0,18,0,false,false
2026-07-06T23:40:00.000Z,55,50,18,0,true,false
2026-07-06T23:42:30.000Z,18,0,95,116,false,true
2026-07-06T23:45:00.000Z,56,45,18,0,true,false
2026-07-06T23:47:30.000Z,18,0,18,0,false,false
2026-07-06T23:50:00.000Z,56,62,18,0,true,false
2026-07-06T23:52:30.000Z,18,0,18,0,false,false
2026-07-06T23:55:00.000Z,57,50,18,0,true,false
2026-07-06T23:57:30.000Z,18,0,94,113,false,true
2026-07-07T00:00:00.000Z,59,48,18,0,true,false
2026-07-07T00:02:30.000Z,18,0,18,0,false,false
2026-07-07T00:05:00.000Z,55,59,18,0,true,false
2026-07-07T00:07:30.000Z,18,0,18,0,false,false
2026-07-07T00:10:00.000Z,59,64,18,0,true,false
2026-07-07T00:12:30.000Z,18,0,96,109,false,true
2026-07-07T00:15:00.000Z,18,0,18,0,false,false
2026-07-07T00:17:30.000Z,18,0,18,0,false,false
2026-07-07T00:20:00.000Z,59,51,18,0,true,false
2026-07-07T00:22:30.000Z,18,0,18,0,false,false
2026-07-07T00:25:00.000Z,56,66,18,0,true,false
2026-07-07T00:27:30.000Z,18,0,97,111,false,true
2026-07-07T00:30:00.000Z,58,63,18,0,true,false
2026-07-07T00:32:30.000Z,18,0,18,0,false,false
2026-07-07T00:35:00.000Z,58,65,18,0,true,false
2026-07-07T00:37:30.000Z,18,0,18,0,false,false
2026-07-07T00:40:00.000Z,58,56,18,0,true,false
2026-07-07T00:42:30.000Z,18,0,95,119,false,true
2026-07-07T00:45:00.000Z,55,90,18,0,true,false
2026-07-07T00:47:30.000Z,18,0,18,0,false,false
2026-07-07T00:50:00.000Z,57,71,18,0,true,false
2026-07-07T00:52:30.000Z,18,0,18,0,false,false
2026-07-07T00:55:00.000Z,58,57,18,0,true,false
2026-07-07T00:57:30.000Z,18,0,95,126,false,true
2026-07-07T01:00:00.000Z,60,56,18,0,true,false
2026-07-07T01:02:30.000Z,18,0,18,0,false,false
2026-07-07T01:05:00.000Z,59,60,18,0,true,false
2026-07-07T01:07:30.000Z,18,0,18,0,false,false
2026-07-07T01:10:00.000Z,55,53,18,0,true,false
2026-07-07T01:12:30.000Z,18,0,93,114,false,true
2026-07-07T01:15:00.000Z,59,67,18,0,true,false
2026-07-07T01:17:30.000Z,18,0,18,0,false,false
2026-07-07T01:20:00.000Z,60,56,18,0,true,false
2026-07-07T01:22:30.000Z,18,0,18,0,false,false
2026-07-07T01:25:00.000Z,58,70,18,0,true,false
2026-07-07T01:27:30.000Z,18,0,97,111,false,true
2026-07-07T01:30:00.000Z,57,43,18,0,true,false
2026-07-07T01:32:30.000Z,18,0,18,0,false,false
2026-07-07T01:35:00.000Z,60,87,18,0,true,false
2026-07-07T01:37:30.000Z,18,0,18,0,false,false
2026-07-07T01:40:00.000Z,60,53,18,0,true,false
2026-07-07T01:42:30.000Z,18,0,94,113,false,true
2026-07-07T01:45:00.000Z,55,61,18,0,true,false
2026-07-07T01:47:30.000Z,18,0,18,0,false,false
2026-07-07T01:50:00.000Z,56,72,18,0,true,false
2026-07-07T01:52:30.000Z,18,0,18,0,false,false
2026-07-07T01:55:00.000Z,18,0,18,0,false,false
2026-07-07T01:57:30.000Z,18,0,96,121,false,true
2026-07-07T02:00:00.000Z,59,57,18,0,true,false
2026-07-07T02:02:30.000Z,18,0,18,0,false,false
2026-07-07T02:05:00.000Z,57,51,18,0,true,false
2026-07-07T02:07:30.000Z,18,0,18,0,false,false
2026-07-07T02:10:00.000Z,62,56,18,0,true,false
2026-07-07T02:12:30.000Z,18,0,96,110,false,true
2026-07-07T02:15:00.000Z,55,69,18,0,true,false
2026-07-07T02:17:30.000Z,18,0,18,0,false,false
2026-07-07T02:20:00.000Z,54,69,18,0,true,false
2026-07-07T02:22:30.000Z,18,0,18,0,false,false
2026-07-07T02:25:00.000Z,59,83,18,0,true,false
2026-07-07T02:27:30.000Z,18,0,95,125,false,true
2026-07-07T02:30:00.000Z,61,46,18,0,true,false
2026-07-07T02:32:30.000Z,18,0,18,0,false,false
2026-07-07T02:35:00.000Z,54,66,18,0,true,false
2026-07-07T02:37:30.000Z,18,0,18,0,false,false
2026-07-07T02:40:00.000Z,59,58,18,0,true,false
2026-07-07T02:42:30.000Z,18,0,97,109,false,true
2026-07-07T02:45:00.000Z,55,60,18,0,true,false
2026-07-07T02:47:30.000Z,18,0,18,0,false,false
2026-07-07T02:50:00.000Z,58,62,18,0,true,false
2026-07-07T02:52:30.000Z,18,0,18,0,false,false
2026-07-07T02:55:00.000Z,18,0,18,0,false,false
2026-07-07T02:57:30.000Z,18,0,95,127,false,true
2026-07-07T03:00:00.000Z,61,74,18,0,true,false
2026-07-07T03:02:30.000Z,18,0,18,0,false,false
2026-07-07T03:05:00.000Z,59,82,18,0,true,false
2026-07-07T03:07:30.000Z,18,0,18,0,false,false
2026-07-07T03:10:00.000Z,60,55,18,0,true,false
2026-07-07T03:12:30.000Z,18,0,96,114,false,true
2026-07-07T03:15:00.000Z,54,50,18,0,true,false
2026-07-07T03:17:30.000Z,18,0,18,0,false,false
2026-07-07T03:20:00.000Z,60,40,18,0,true,false
2026-07-07T03:22:30.000Z,18,0,18,0,false,false
2026-07-07T03:25:00.000Z,56,71,18,0,true,false
2026-07-07T03:27:30.000Z,18,0,94,125,false,true
2026-07-07T03:30:00.000Z,54,61,18,0,true,false
2026-07-07T03:32:30.000Z,18,0,18,0,false,false
2026-07-07T03:35:00.000Z,59,45,18,0,true,false
2026-07-07T03:37:30.000Z,18,0,18,0,false,false
2026-07-07T03:40:00.000Z,59,50,18,0,true,false
2026-07-07T03:42:30.000Z,18,0,98,108,false,true
2026-07-07T03:45:00.000Z,57,56,18,0,true,false
2026-07-07T03:47:30.000Z,18,0,18,0,false,false
2026-07-07T03:50:00.000Z,59,47,18,0,true,false
2026-07-07T03:52:30.000Z,18,0,18,0,false,false
2026-07-07T03:55:00.000Z,60,55,18,0,true,false
2026-07-07T03:57:30.000Z,18,0,97,124,false,true
2026-07-07T04:00:00.000Z,58,52,18,0,true,false
2026-07-07T04:02:30.000Z,18,0,18,0,false,false
2026-07-07T04:05:00.000Z,58,49,18,0,true,false
2026-07-07T04:07:30.000Z,18,0,18,0,false,false
2026-07-07T04:10:00.000Z,55,62,18,0,true,false
2026-07-07T04:12:30.000Z,18,0,95,115,false,true
2026-07-07T04:15:00.000Z,61,39,18,0,true,false
2026-07-07T04:17:30.000Z,18,0,18,0,false,false
2026-07-07T04:20:00.000Z,55,84,18,0,true,false
2026-07-07T04:22:30.000Z,18,0,18,0,false,false
2026-07-07T04:25:00.000Z,56,50,18,0,true,false
2026-07-07T04:27:30.000Z,18,0,95,117,false,true
2026-07-07T04:30:00.000Z,58,40,18,0,true,false
2026-07-07T04:32:30.000Z,18,0,18,0,false,false
2026-07-07T04:35:00.000Z,59,75,18,0,true,false
2026-07-07T04:37:30.000Z,18,0,18,0,false,false
2026-07-07T04:40:00.000Z,59,52,18,0,true,false
2026-07-07T04:42:30.000Z,18,0,92,115,false,true
2026-07-07T04:45:00.000Z,58,57,18,0,true,false
2026-07-07T04:47:30.000Z,18,0,18,0,false,false
2026-07-07T04:50:00.000Z,60,61,18,0,true,false
2026-07-07T04:52:30.000Z,18,0,18,0,false,false
2026-07-07T04:55:00.000Z,57,57,18,0,true,false
2026-07-07T04:57:30.000Z,18,0,96,127,false,true
2026-07-07T05:00:00.000Z,60,51,18,0,true,false
2026-07-07T05:02:30.000Z,18,0,18,0,false,false
2026-07-07T05:05:00.000Z,59,54,18,0,true,false
2026-07-07T05:07:30.000Z,18,0,18,0,false,false
2026-07-07T05:10:00.000Z,54,79,18,0,true,false
2026-07-07T05:12:30.000Z,18,0,95,118,false,true
2026-07-07T05:15:00.000Z,60,44,18,0,true,false
2026-07-07T05:17:30.000Z,18,0,18,0,false,false
2026-07-07T05:20:00.000Z,58,84,18,0,true,false
2026-07-07T05:22:30.000Z,18,0,18,0,false,false
2026-07-07T05:25:00.000Z,61,73,18,0,true,false
2026-07-07T05:27:30.000Z,18,0,95,108,false,true
2026-07-07T05:30:00.000Z,58,55,18,0,true,false
2026-07-07T05:32:30.000Z,18,0,18,0,false,false
2026-07-07T05:35:00.000Z,58,52,18,0,true,false
2026-07-07T05:37:30.000Z,18,0,18,0,false,false
2026-07-07T05:40:00.000Z,56,49,18,0,true,false
2026-07-07T05:42:30.000Z,18,0,96,109,false,true
2026-07-07T05:45:00.000Z,57,64,18,0,true,false
2026-07-07T05:47:30.000Z,18,0,18,0,false,false
2026-07-07T05:50:00.000Z,57,59,18,0,true,false
2026-07-07T05:52:30.000Z,18,0,18,0,false,false
2026-07-07T05:55:00.000Z,62,51,18,0,true,false
2026-07-07T05:57:30.000Z,18,0,94,124,false,true
2026-07-07T06:00:00.000Z,56,36,18,0,true,false
2026-07-07T06:02:30.000Z,18,0,18,0,false,false
2026-07-07T06:05:00.000Z,57,48,18,0,true,false
2026-07-07T06:07:30.000Z,18,0,18,0,false,false
2026-07-07T06:10:00.000Z,62,61,18,0,true,false
2026-07-07T06:12:30.000Z,18,0,95,116,false,true
2026-07-07T06:15:00.000Z,59,71,18,0,true,false
2026-07-07T06:17:30.000Z,18,0,18,0,false,false
2026-07-07T06:20:00.000Z,59,51,18,0,true,false
2026-07-07T06:22:30.000Z,18,0,18,0,false,false
2026-07-07T06:25:00.000Z,56,75,18,0,true,false
2026-07-07T06:27:30.000Z,18,0,94,123,false,true
2026-07-07T06:30:00.000Z,58,60,18,0,true,false
2026-07-07T06:32:30.000Z,18,0,18,0,false,false
2026-07-07T06:35:00.000Z,58,54,18,0,true,false
2026-07-07T06:37:30.000Z,18,0,18,0,false,false
2026-07-07T06:40:00.000Z,60,47,18,0,true,false
2026-07-07T06:42:30.000Z,18,0,94,123,false,true
2026-07-07T06:45:00.000Z,56,51,18,0,true,false
2026-07-07T06:47:30.000Z,18,0,18,0,false,false
2026-07-07T06:50:00.000Z,59,53,18,0,true,false
2026-07-07T06:52:30.000Z,18,0,18,0,false,false
2026-07-07T06:55:00.000Z,59,43,18,0,true,false
2026-07-07T06:57:30.000Z,18,0,92,126,false,true
2026-07-07T07:00:00.000Z,68,38,18,0,true,false
2026-07-07T07:02:30.000Z,18,0,18,0,false,false
2026-07-07T07:05:00.000Z,70,61,18,0,true,false
2026-07-07T07:07:30.000Z,18,0,18,0,false,false
2026-07-07T07:10:00.000Z,73,60,18,0,true,false
2026-07-07T07:12:30.000Z,18,0,97,130,false,true
2026-07-07T07:15:00.000Z,65,49,18,0,true,false
2026-07-07T07:17:30.000Z,18,0,18,0,false,false
2026-07-07T07:20:00.000Z,70,49,18,0,true,false
2026-07-07T07:22:30.000Z,18,0,18,0,false,false
2026-07-07T07:25:00.000Z,77,41,18,0,true,false
2026-07-07T07:27:30.000Z,18,0,96,122,false,true
2026-07-07T07:30:00.000Z,72,59,18,0,true,false
2026-07-07T07:32:30.000Z,18,0,18,0,false,false
2026-07-07T07:35:00.000Z,66,32,18,0,true,false
2026-07-07T07:37:30.000Z,18,0,18,0,false,false
2026-07-07T07:40:00.000Z,74,42,18,0,true,false
2026-07-07T07:42:30.000Z,18,0,98,128,false,true
2026-07-07T07:45:00.000Z,68,35,18,0,true,false
2026-07-07T07:47:30.000Z,18,0,18,0,false,false
2026-07-07T07:50:00.000Z,18,0,18,0,false,false
2026-07-07T07:52:30.000Z,18,0,18,0,false,false
2026-07-07T07:55:00.000Z,72,44,18,0,true,false
2026-07-07T07:57:30.000Z,18,0,98,134,false,true
2026-07-07T08:00:00.000Z,73,51,18,0,true,false
2026-07-07T08:02:30.000Z,18,0,18,0,false,false
2026-07-07T08:05:00.000Z,70,50,18,0,true,false
2026-07-07T08:07:30.000Z,18,0,18,0,false,false
2026-07-07T08:10:00.000Z,70,29,18,0,true,false
2026-07-07T08:12:30.000Z,18,0,97,137,false,true
2026-07-07T08:15:00.000Z,76,58,18,0,true,false
2026-07-07T08:17:30.000Z,18,0,18,0,false,false
2026-07-07T08:20:00.000Z,71,55,18,0,true,false
2026-07-07T08:22:30.000Z,18,0,18,0,false,false
2026-07-07T08:25:00.000Z,76,41,18,0,true,false
2026-07-07T08:27:30.000Z,18,0,18,0,false,false
2026-07-07T08:30:00.000Z,67,53,97,124,true,true
2026-07-07T08:32:30.000Z,18,0,18,0,false,false
2026-07-07T08:35:00.000Z,75,37,18,0,true,false
2026-07-07T08:37:30.000Z,18,0,18,0,false,false
2026-07-07T08:40:00.000Z,75,43,18,0,true,false
2026-07-07T08:42:30.000Z,18,0,18,0,false,false
2026-07-07T08:45:00.000Z,72,40,97,130,true,true
2026-07-07T08:47:30.000Z,18,0,18,0,false,false
2026-07-07T08:50:00.000Z,73,52,18,0,true,false
2026-07-07T08:52:30.000Z,18,0,18,0,false,false
2026-07-07T08:55:00.000Z,77,35,18,0,true,false
2026-07-07T08:57:30.000Z,18,0,18,0,false,false
2026-07-07T09:00:00.000Z,78,55,18,0,true,false
2026-07-07T09:02:30.000Z,18,0,18,0,false,false
2026-07-07T09:05:00.000Z,72,45,96,119,true,true
2026-07-07T09:07:30.000Z,18,0,18,0,false,false
2026-07-07T09:10:00.000Z,70,35,18,0,true,false
2026-07-07T09:12:30.000Z,18,0,18,0,false,false
2026-07-07T09:15:00.000Z,73,37,18,0,true,false
2026-07-07T09:17:30.000Z,18,0,18,0,false,false
2026-07-07T09:20:00.000Z,74,57,94,129,true,true
2026-07-07T09:22:30.000Z,18,0,18,0,false,false
2026-07-07T09:25:00.000Z,77,41,18,0,true,false
2026-07-07T09:27:30.000Z,18,0,18,0,false,false
2026-07-07T09:30:00.000Z,77,51,18,0,true,false
2026-07-07T09:32:30.000Z,18,0,98,130,false,true
2026-07-07T09:35:00.000Z,74,37,18,0,true,false
2026-07-07T09:37:30.000Z,18,0,18,0,false,false
2026-07-07T09:40:00.000Z,73,29,18,0,true,false
2026-07-07T09:42:30.000Z,18,0,18,0,false,false
2026-07-07T09:45:00.000Z,78,69,18,0,true,false
2026-07-07T09:47:30.000Z,18,0,18,0,false,false
2026-07-07T09:50:00.000Z,78,39,96,128,true,true
2026-07-07T09:52:30.000Z,18,0,18,0,false,false
2026-07-07T09:55:00.000Z,80,36,18,0,true,false
2026-07-07T09:57:30.000Z,18,0,18,0,false,false
2026-07-07T10:00:00.000Z,76,38,18,0,true,false
2026-07-07T10:02:30.000Z,18,0,18,0,false,false
2026-07-07T10:05:00.000Z,79,38,98,121,true,true
2026-07-07T10:07:30.000Z,18,0,18,0,false,false
2026-07-07T10:10:00.000Z,75,31,18,0,true,false
2026-07-07T10:12:30.000Z,18,0,18,0,false,false
2026-07-07T10:15:00.000Z,80,42,18,0,true,false
2026-07-07T10:17:30.000Z,18,0,18,0,false,false
2026-07-07T10:20:00.000Z,78,41,97,133,true,true
2026-07-07T10:22:30.000Z,18,0,18,0,false,false
2026-07-07T10:25:00.000Z,74,53,18,0,true,false
2026-07-07T10:27:30.000Z,18,0,18,0,false,false
2026-07-07T10:30:00.000Z,75,60,95,124,true,true
2026-07-07T10:32:30.000Z,18,0,18,0,false,false
2026-07-07T10:35:00.000Z,81,49,18,0,true,false
2026-07-07T10:37:30.000Z,18,0,18,0,false,false
2026-07-07T10:40:00.000Z,79,36,97,129,true,true
2026-07-07T10:42:30.000Z,18,0,18,0,false,false
2026-07-07T10:45:00.000Z,77,41,18,0,true,false
2026-07-07T10:47:30.000Z,18,0,18,0,false,false
2026-07-07T10:50:00.000Z,73,41,18,0,true,false
2026-07-07T10:52:30.000Z,18,0,18,0,false,false
2026-07-07T10:55:00.000Z,79,34,18,0,true,false
2026-07-07T10:57:30.000Z,18,0,18,0,false,false
2026-07-07T11:00:00.000Z,79,38,18,0,true,false
2026-07-07T11:02:30.000Z,18,0,97,129,false,true
2026-07-07T11:05:00.000Z,83,28,18,0,true,false
2026-07-07T11:07:30.000Z,18,0,18,0,false,false
2026-07-07T11:10:00.000Z,79,28,18,0,true,false
2026-07-07T11:12:30.000Z,18,0,18,0,false,false
2026-07-07T11:15:00.000Z,82,42,18,0,true,false
2026-07-07T11:17:30.000Z,18,0,18,0,false,false
2026-07-07T11:20:00.000Z,98,32,96,135,true,true
2026-07-07T11:22:30.000Z,18,0,18,0,false,false
2026-07-07T11:25:00.000Z,76,48,18,0,true,false
2026-07-07T11:27:30.000Z,18,0,18,0,false,false
2026-07-07T11:30:00.000Z,98,31,18,0,true,false
2026-07-07T11:32:30.000Z,18,0,18,0,false,false
2026-07-07T11:35:00.000Z,78,37,97,131,true,true
2026-07-07T11:37:30.000Z,18,0,18,0,false,false
2026-07-07T11:40:00.000Z,80,34,18,0,true,false
2026-07-07T11:42:30.000Z,18,0,18,0,false,false
2026-07-07T11:45:00.000Z,84,55,18,0,true,false
2026-07-07T11:47:30.000Z,18,0,18,0,false,false
2026-07-07T11:50:00.000Z,76,54,96,126,true,true
2026-07-07T11:52:30.000Z,18,0,18,0,false,false
2026-07-07T11:55:00.000Z,76,42,18,0,true,false
2026-07-07T11:57:30.000Z,18,0,18,0,false,false
2026-07-07T12:00:00.000Z,79,33,96,114,true,true
2026-07-07T12:02:30.000Z,18,0,18,0,false,false
2026-07-07T12:05:00.000Z,77,36,18,0,true,false
2026-07-07T12:07:30.000Z,18,0,18,0,false,false
2026-07-07T12:10:00.000Z,79,44,18,0,true,false
2026-07-07T12:12:30.000Z,18,0,18,0,false,false
2026-07-07T12:15:00.000Z,79,45,96,121,true,true
2026-07-07T12:17:30.000Z,18,0,18,0,false,false
2026-07-07T12:20:00.000Z,80,52,18,0,true,false
2026-07-07T12:22:30.000Z,18,0,18,0,false,false
2026-07-07T12:25:00.000Z,81,44,18,0,true,false
2026-07-07T12:27:30.000Z,18,0,18,0,false,false
2026-07-07T12:30:00.000Z,97,30,95,133,true,true
2026-07-07T12:32:30.000Z,18,0,18,0,false,false
2026-07-07T12:35:00.000Z,107,31,18,0,true,false
2026-07-07T12:37:30.000Z,18,0,18,0,false,false
2026-07-07T12:40:00.000Z,83,27,18,0,true,false
2026-07-07T12:42:30.000Z,18,0,18,0,false,false
2026-07-07T12:45:00.000Z,82,35,18,0,true,false
2026-07-07T12:47:30.000Z,18,0,97,131,false,true
2026-07-07T12:50:00.000Z,83,39,18,0,true,false
2026-07-07T12:52:30.000Z,18,0,18,0,false,false
2026-07-07T12:55:00.000Z,82,39,18,0,true,false
2026-07-07T12:57:30.000Z,18,0,18,0,false,false
2026-07-07T13:00:00.000Z,81,36,18,0,true,false
2026-07-07T13:02:30.000Z,18,0,98,130,false,true
2026-07-07T13:05:00.000Z,18,0,18,0,false,false
2026-07-07T13:07:30.000Z,18,0,18,0,false,false
2026-07-07T13:10:00.000Z,83,44,18,0,true,false
2026-07-07T13:12:30.000Z,18,0,18,0,false,false
2026-07-07T13:15:00.000Z,80,65,18,0,true,false
2026-07-07T13:17:30.000Z,18,0,96,126,false,true
2026-07-07T13:20:00.000Z,77,34,18,0,true,false
2026-07-07T13:22:30.000Z,18,0,18,0,false,false
2026-07-07T13:25:00.000Z,76,45,18,0,true,false
2026-07-07T13:27:30.000Z,18,0,18,0,false,false
2026-07-07T13:30:00.000Z,77,40,97,126,true,true
2026-07-07T13:32:30.000Z,18,0,18,0,false,false
2026-07-07T13:35:00.000Z,82,38,18,0,true,false
2026-07-07T13:37:30.000Z,18,0,18,0,false,false
2026-07-07T13:40:00.000Z,77,34,18,0,true,false
2026-07-07T13:42:30.000Z,18,0,18,0,false,false
2026-07-07T13:45:00.000Z,87,44,97,124,true,true
2026-07-07T13:47:30.000Z,18,0,18,0,false,false
2026-07-07T13:50:00.000Z,83,41,18,0,true,false
2026-07-07T13:52:30.000Z,18,0,18,0,false,false
2026-07-07T13:55:00.000Z,84,48,18,0,true,false
2026-07-07T13:57:30.000Z,18,0,18,0,false,false
2026-07-07T14:00:00.000Z,85,41,97,132,true,true
2026-07-07T14:02:30.000Z,18,0,18,0,false,false
2026-07-07T14:05:00.000Z,87,35,18,0,true,false
2026-07-07T14:07:30.000Z,18,0,18,0,false,false
2026-07-07T14:10:00.000Z,82,47,18,0,true,false
2026-07-07T14:12:30.000Z,18,0,18,0,false,false
2026-07-07T14:15:00.000Z,84,36,97,125,true,true
2026-07-07T14:17:30.000Z,18,0,18,0,false,false
2026-07-07T14:20:00.000Z,82,33,18,0,true,false
2026-07-07T14:22:30.000Z,18,0,18,0,false,false
2026-07-07T14:25:00.000Z,85,36,18,0,true,false
2026-07-07T14:27:30.000Z,18,0,18,0,false,false
2026-07-07T14:30:00.000Z,18,0,18,0,false,false
2026-07-07T14:32:30.000Z,18,0,95,128,false,true
2026-07-07T14:35:00.000Z,82,47,18,0,true,false
2026-07-07T14:37:30.000Z,18,0,18,0,false,false
2026-07-07T14:40:00.000Z,83,36,18,0,true,false
2026-07-07T14:42:30.000Z,18,0,18,0,false,false
2026-07-07T14:45:00.000Z,85,36,18,0,true,false
2026-07-07T14:47:30.000Z,18,0,96,125,false,true
2026-07-07T14:50:00.000Z,81,52,18,0,true,false
2026-07-07T14:52:30.000Z,18,0,18,0,false,false
2026-07-07T14:55:00.000Z,86,48,18,0,true,false
2026-07-07T14:57:30.000Z,18,0,18,0,false,false
2026-07-07T15:00:00.000Z,87,30,18,0,true,false
2026-07-07T15:02:30.000Z,18,0,96,131,false,true
2026-07-07T15:05:00.000Z,82,50,18,0,true,false
2026-07-07T15:07:30.000Z,18,0,18,0,false,false
2026-07-07T15:10:00.000Z,83,48,18,0,true,false
2026-07-07T15:12:30.000Z,18,0,18,0,false,false
2026-07-07T15:15:00.000Z,83,47,18,0,true,false
2026-07-07T15:17:30.000Z,18,0,98,127,false,true
2026-07-07T15:20:00.000Z,18,0,18,0,false,false
2026-07-07T15:22:30.000Z,18,0,18,0,false,false
2026-07-07T15:25:00.000Z,75,40,18,0,true,false
2026-07-07T15:27:30.000Z,18,0,97,135,false,true
2026-07-07T15:30:00.000Z,80,39,18,0,true,false
2026-07-07T15:32:30.000Z,18,0,18,0,false,false
2026-07-07T15:35:00.000Z,84,42,18,0,true,false
2026-07-07T15:37:30.000Z,18,0,18,0,false,false
2026-07-07T15:40:00.000Z,18,0,18,0,false,false
2026-07-07T15:42:30.000Z,18,0,18,0,false,false
2026-07-07T15:45:00.000Z,78,47,18,0,true,false
2026-07-07T15:47:30.000Z,18,0,99,121,false,true
2026-07-07T15:50:00.000Z,100,37,18,0,true,false
2026-07-07T15:52:30.000Z,18,0,18,0,false,false
2026-07-07T15:55:00.000Z,84,37,18,0,true,false
2026-07-07T15:57:30.000Z,18,0,18,0,false,false
2026-07-07T16:00:00.000Z,86,46,18,0,true,false
2026-07-07T16:02:30.000Z,18,0,96,129,false,true
2026-07-07T16:05:00.000Z,87,31,18,0,true,false
2026-07-07T16:07:30.000Z,18,0,18,0,false,false
2026-07-07T16:10:00.000Z,80,50,18,0,true,false
2026-07-07T16:12:30.000Z,18,0,18,0,false,false
2026-07-07T16:15:00.000Z,88,36,18,0,true,false
2026-07-07T16:17:30.000Z,18,0,96,125,false,true
2026-07-07T16:20:00.000Z,104,29,18,0,true,false
2026-07-07T16:22:30.000Z,18,0,18,0,false,false
2026-07-07T16:25:00.000Z,82,36,18,0,true,false
2026-07-07T16:27:30.000Z,18,0,18,0,false,false
2026-07-07T16:30:00.000Z,80,30,18,0,true,false
2026-07-07T16:32:30.000Z,18,0,96,118,false,true
2026-07-07T16:35:00.000Z,78,43,18,0,true,false
2026-07-07T16:37:30.000Z,18,0,18,0,false,false
2026-07-07T16:40:00.000Z,81,48,18,0,true,false
2026-07-07T16:42:30.000Z,18,0,18,0,false,false
2026-07-07T16:45:00.000Z,79,40,18,0,true,false
2026-07-07T16:47:30.000Z,18,0,96,129,false,true
2026-07-07T16:50:00.000Z,80,65,18,0,true,false
2026-07-07T16:52:30.000Z,18,0,18,0,false,false
2026-07-07T16:55:00.000Z,79,50,18,0,true,false
2026-07-07T16:57:30.000Z,18,0,18,0,false,false
2026-07-07T17:00:00.000Z,81,37,18,0,true,false
2026-07-07T17:02:30.000Z,18,0,97,122,false,true
2026-07-07T17:05:00.000Z,79,46,18,0,true,false
2026-07-07T17:07:30.000Z,18,0,18,0,false,false
2026-07-07T17:10:00.000Z,18,0,18,0,false,false
2026-07-07T17:12:30.000Z,18,0,18,0,false,false
2026-07-07T17:15:00.000Z,85,35,18,0,true,false
2026-07-07T17:17:30.000Z,18,0,96,123,false,true
2026-07-07T17:20:00.000Z,80,41,18,0,true,false
2026-07-07T17:22:30.000Z,18,0,18,0,false,false
2026-07-07T17:25:00.000Z,79,51,18,0,true,false
2026-07-07T17:27:30.000Z,18,0,18,0,false,false
2026-07-07T17:30:00.000Z,81,49,18,0,true,false
2026-07-07T17:32:30.000Z,18,0,18,0,false,false
2026-07-07T17:35:00.000Z,82,34,97,130,true,true
2026-07-07T17:37:30.000Z,18,0,18,0,false,false
2026-07-07T17:40:00.000Z,81,42,18,0,true,false
2026-07-07T17:42:30.000Z,18,0,18,0,false,false
2026-07-07T17:45:00.000Z,79,43,18,0,true,false
2026-07-07T17:47:30.000Z,18,0,18,0,false,false
2026-07-07T17:50:00.000Z,84,35,96,120,true,true
2026-07-07T17:52:30.000Z,18,0,18,0,false,false
2026-07-07T17:55:00.000Z,82,36,18,0,true,false
2026-07-07T17:57:30.000Z,18,0,18,0,false,false
2026-07-07T18:00:00.000Z,77,32,18,0,true,false
2026-07-07T18:02:30.000Z,18,0,18,0,false,false
2026-07-07T18:05:00.000Z,78,42,98,126,true,true
2026-07-07T18:07:30.000Z,18,0,18,0,false,false
2026-07-07T18:10:00.000Z,81,38,18,0,true,false
2026-07-07T18:12:30.000Z,18,0,18,0,false,false
2026-07-07T18:15:00.000Z,80,24,18,0,true,false
2026-07-07T18:17:30.000Z,18,0,18,0,false,false
2026-07-07T18:20:00.000Z,75,37,96,129,true,true
2026-07-07T18:22:30.000Z,18,0,18,0,false,false
2026-07-07T18:25:00.000Z,86,43,18,0,true,false
2026-07-07T18:27:30.000Z,18,0,18,0,false,false
2026-07-07T18:30:00.000Z,77,29,18,0,true,false
2026-07-07T18:32:30.000Z,18,0,18,0,false,false
2026-07-07T18:35:00.000Z,72,38,96,133,true,true
2026-07-07T18:37:30.000Z,18,0,18,0,false,false
2026-07-07T18:40:00.000Z,76,49,18,0,true,false
2026-07-07T18:42:30.000Z,18,0,18,0,false,false
2026-07-07T18:45:00.000Z,77,51,18,0,true,false
2026-07-07T18:47:30.000Z,18,0,18,0,false,false
2026-07-07T18:50:00.000Z,78,45,95,127,true,true
2026-07-07T18:52:30.000Z,18,0,18,0,false,false
2026-07-07T18:55:00.000Z,18,0,18,0,false,false
2026-07-07T18:57:30.000Z,18,0,18,0,false,false
2026-07-07T19:00:00.000Z,81,39,18,0,true,false
2026-07-07T19:02:30.000Z,18,0,18,0,false,false
2026-07-07T19:05:00.000Z,83,38,95,129,true,true
2026-07-07T19:07:30.000Z,18,0,18,0,false,false
2026-07-07T19:10:00.000Z,78,46,18,0,true,false
2026-07-07T19:12:30.000Z,18,0,18,0,false,false
2026-07-07T19:15:00.000Z,79,47,18,0,true,false
2026-07-07T19:17:30.000Z,18,0,18,0,false,false
2026-07-07T19:20:00.000Z,77,58,18,0,true,false
2026-07-07T19:22:30.000Z,18,0,18,0,false,false
2026-07-07T19:25:00.000Z,80,40,18,0,true,false
2026-07-07T19:27:30.000Z,18,0,97,132,false,true
2026-07-07T19:30:00.000Z,80,41,18,0,true,false
2026-07-07T19:32:30.000Z,18,0,18,0,false,false
2026-07-07T19:35:00.000Z,77,48,18,0,true,false
2026-07-07T19:37:30.000Z,18,0,18,0,false,false
2026-07-07T19:40:00.000Z,77,43,18,0,true,false
2026-07-07T19:42:30.000Z,18,0,97,131,false,true
2026-07-07T19:45:00.000Z,83,28,18,0,true,false
2026-07-07T19:47:30.000Z,18,0,18,0,false,false
2026-07-07T19:50:00.000Z,79,44,18,0,true,false
2026-07-07T19:52:30.000Z,18,0,18,0,false,false
2026-07-07T19:55:00.000Z,79,31,18,0,true,false
2026-07-07T19:57:30.000Z,18,0,93,126,false,true
2026-07-07T21:00:00.000Z,73,67,18,0,true,false
2026-07-07T21:02:30.000Z,18,0,96,132,false,true
2026-07-07T21:05:00.000Z,71,53,18,0,true,false
2026-07-07T21:07:30.000Z,18,0,18,0,false,false
2026-07-07T21:10:00.000Z,75,37,18,0,true,false
2026-07-07T21:12:30.000Z,18,0,18,0,false,false
2026-07-07T21:15:00.000Z,80,36,18,0,true,false
2026-07-07T21:17:30.000Z,18,0,95,130,false,true
2026-07-07T21:20:00.000Z,78,49,18,0,true,false
2026-07-07T21:22:30.000Z,18,0,18,0,false,false
2026-07-07T21:25:00.000Z,73,57,18,0,true,false
2026-07-07T21:27:30.000Z,18,0,18,0,false,false
2026-07-07T21:30:00.000Z,67,51,94,133,true,true
2026-07-07T21:32:30.000Z,18,0,18,0,false,false
2026-07-07T21:35:00.000Z,70,57,18,0,true,false
2026-07-07T21:37:30.000Z,18,0,18,0,false,false
2026-07-07T21:40:00.000Z,73,38,18,0,true,false
2026-07-07T21:42:30.000Z,18,0,18,0,false,false
2026-07-07T21:45:00.000Z,72,49,97,129,true,true
2026-07-07T21:47:30.000Z,18,0,18,0,false,false
2026-07-07T21:50:00.000Z,79,49,18,0,true,false
2026-07-07T21:52:30.000Z,18,0,18,0,false,false
2026-07-07T21:55:00.000Z,74,51,18,0,true,false
2026-07-07T21:57:30.000Z,18,0,18,0,false,false
2026-07-07T22:00:00.000Z,88,31,95,124,true,true
2026-07-07T22:02:30.000Z,18,0,18,0,false,false
2026-07-07T22:05:00.000Z,75,33,18,0,true,false
2026-07-07T22:07:30.000Z,18,0,18,0,false,false
2026-07-07T22:10:00.000Z,18,0,18,0,false,false
2026-07-07T22:12:30.000Z,18,0,96,116,false,true
2026-07-07T22:15:00.000Z,76,41,18,0,true,false
2026-07-07T22:17:30.000Z,18,0,18,0,false,false
2026-07-07T22:20:00.000Z,67,48,18,0,true,false
2026-07-07T22:22:30.000Z,18,0,18,0,false,false
2026-07-07T22:25:00.000Z,83,37,18,0,true,false
2026-07-07T22:27:30.000Z,18,0,18,0,false,false
2026-07-07T22:30:00.000Z,71,37,97,123,true,true
2026-07-07T22:32:30.000Z,18,0,18,0,false,false
2026-07-07T22:35:00.000Z,72,27,18,0,true,false
2026-07-07T22:37:30.000Z,18,0,18,0,false,false
2026-07-07T22:40:00.000Z,69,48,95,117,true,true
2026-07-07T22:42:30.000Z,18,0,18,0,false,false
2026-07-07T22:45:00.000Z,74,50,18,0,true,false
2026-07-07T22:47:30.000Z,18,0,18,0,false,false
2026-07-07T22:50:00.000Z,67,45,18,0,true,false
2026-07-07T22:52:30.000Z,18,0,96,124,false,true
2026-07-07T22:55:00.000Z,73,65,18,0,true,false
2026-07-07T22:57:30.000Z,18,0,18,0,false,false
2026-07-07T23:00:00.000Z,58,34,18,0,true,false
2026-07-07T23:02:30.000Z,18,0,18,0,false,false
2026-07-07T23:05:00.000Z,57,51,18,0,true,false
2026-07-07T23:07:30.000Z,18,0,95,121,false,true
2026-07-07T23:10:00.000Z,56,44,18,0,true,false
2026-07-07T23:12:30.000Z,18,0,18,0,false,false
2026-07-07T23:15:00.000Z,57,69,18,0,true,false
2026-07-07T23:17:30.000Z,18,0,18,0,false,false
2026-07-07T23:20:00.000Z,54,49,18,0,true,false
2026-07-07T23:22:30.000Z,18,0,96,115,false,true
2026-07-07T23:25:00.000Z,57,81,18,0,true,false
2026-07-07T23:27:30.000Z,18,0,18,0,false,false
2026-07-07T23:30:00.000Z,58,48,18,0,true,false
2026-07-07T23:32:30.000Z,18,0,18,0,false,false
2026-07-07T23:35:00.000Z,62,50,18,0,true,false
2026-07-07T23:37:30.000Z,18,0,91,127,false,true
2026-07-07T23:40:00.000Z,58,70,18,0,true,false
2026-07-07T23:42:30.000Z,18,0,18,0,false,false
2026-07-07T23:45:00.000Z,57,50,18,0,true,false
2026-07-07T23:47:30.000Z,18,0,18,0,false,false
2026-07-07T23:50:00.000Z,59,47,18,0,true,false
2026-07-07T23:52:30.000Z,18,0,95,118,false,true
2026-07-07T23:55:00.000Z,59,52,18,0,true,false
2026-07-07T23:57:30.000Z,18,0,18,0,false,false
2026-07-08T00:00:00.000Z,57,58,18,0,true,false
2026-07-08T00:02:30.000Z,18,0,18,0,false,false
2026-07-08T00:05:00.000Z,54,59,18,0,true,false
2026-07-08T00:07:30.000Z,18,0,94,108,false,true
2026-07-08T00:10:00.000Z,56,73,18,0,true,false
2026-07-08T00:12:30.000Z,18,0,18,0,false,false
2026-07-08T00:15:00.000Z,60,79,18,0,true,false
2026-07-08T00:17:30.000Z,18,0,18,0,false,false
2026-07-08T00:20:00.000Z,58,79,18,0,true,false
2026-07-08T00:22:30.000Z,18,0,96,116,false,true
2026-07-08T00:25:00.000Z,58,42,18,0,true,false
2026-07-08T00:27:30.000Z,18,0,18,0,false,false
2026-07-08T00:30:00.000Z,57,38,18,0,true,false
2026-07-08T00:32:30.000Z,18,0,18,0,false,false
2026-07-08T00:35:00.000Z,58,43,18,0,true,false
2026-07-08T00:37:30.000Z,18,0,96,121,false,true
2026-07-08T00:40:00.000Z,54,44,18,0,true,false
2026-07-08T00:42:30.000Z,18,0,18,0,false,false
2026-07-08T00:45:00.000Z,59,46,18,0,true,false
2026-07-08T00:47:30.000Z,18,0,18,0,false,false
2026-07-08T00:50:00.000Z,59,74,18,0,true,false
2026-07-08T00:52:30.000Z,18,0,91,125,false,true
2026-07-08T00:55:00.000Z,57,46,18,0,true,false
2026-07-08T00:57:30.000Z,18,0,18,0,false,false
2026-07-08T01:00:00.000Z,58,58,18,0,true,false
2026-07-08T01:02:30.000Z,18,0,18,0,false,false
2026-07-08T01:05:00.000Z,57,48,18,0,true,false
2026-07-08T01:07:30.000Z,18,0,97,125,false,true
2026-07-08T01:10:00.000Z,58,51,18,0,true,false
2026-07-08T01:12:30.000Z,18,0,18,0,false,false
2026-07-08T01:15:00.000Z,18,0,18,0,false,false
2026-07-08T01:17:30.000Z,18,0,18,0,false,false
2026-07-08T01:20:00.000Z,18,0,18,0,false,false
2026-07-08T01:22:30.000Z,18,0,95,114,false,true
2026-07-08T01:25:00.000Z,61,80,18,0,true,false
2026-07-08T01:27:30.000Z,18,0,18,0,false,false
2026-07-08T01:30:00.000Z,59,60,18,0,true,false
2026-07-08T01:32:30.000Z,18,0,18,0,false,false
2026-07-08T01:35:00.000Z,59,59,18,0,true,false
2026-07-08T01:37:30.000Z,18,0,94,114,false,true
2026-07-08T01:40:00.000Z,58,70,18,0,true,false
2026-07-08T01:42:30.000Z,18,0,18,0,false,false
2026-07-08T01:45:00.000Z,60,79,18,0,true,false
2026-07-08T01:47:30.000Z,18,0,18,0,false,false
2026-07-08T01:50:00.000Z,18,0,18,0,false,false
2026-07-08T01:52:30.000Z,18,0,95,116,false,true
2026-07-08T01:55:00.000Z,59,71,18,0,true,false
2026-07-08T01:57:30.000Z,18,0,18,0,false,false
2026-07-08T02:00:00.000Z,57,35,18,0,true,false
2026-07-08T02:02:30.000Z,18,0,18,0,false,false
2026-07-08T02:05:00.000Z,58,88,18,0,true,false
2026-07-08T02:07:30.000Z,18,0,97,113,false,true
2026-07-08T02:10:00.000Z,56,69,18,0,true,false
2026-07-08T02:12:30.000Z,18,0,18,0,false,false
2026-07-08T02:15:00.000Z,57,64,18,0,true,false
2026-07-08T02:17:30.000Z,18,0,18,0,false,false
2026-07-08T02:20:00.000Z,58,67,18,0,true,false
2026-07-08T02:22:30.000Z,18,0,96,117,false,true
2026-07-08T02:25:00.000Z,57,38,18,0,true,false
2026-07-08T02:27:30.000Z,18,0,18,0,false,false
2026-07-08T02:30:00.000Z,56,62,18,0,true,false
2026-07-08T02:32:30.000Z,18,0,18,0,false,false
2026-07-08T02:35:00.000Z,55,60,18,0,true,false
2026-07-08T02:37:30.000Z,18,0,93,108,false,true
2026-07-08T02:40:00.000Z,60,38,18,0,true,false
2026-07-08T02:42:30.000Z,18,0,18,0,false,false
2026-07-08T02:45:00.000Z,55,77,18,0,true,false
2026-07-08T02:47:30.000Z,18,0,18,0,false,false
2026-07-08T02:50:00.000Z,60,68,18,0,true,false
2026-07-08T02:52:30.000Z,18,0,18,0,false,false
2026-07-08T02:55:00.000Z,62,48,18,0,true,false
2026-07-08T02:57:30.000Z,18,0,18,0,false,false
2026-07-08T03:00:00.000Z,60,55,18,0,true,false
2026-07-08T03:02:30.000Z,18,0,18,0,false,false
2026-07-08T03:05:00.000Z,55,48,18,0,true,false
2026-07-08T03:07:30.000Z,18,0,97,127,false,true
2026-07-08T03:10:00.000Z,57,77,18,0,true,false
2026-07-08T03:12:30.000Z,18,0,18,0,false,false
2026-07-08T03:15:00.000Z,60,64,18,0,true,false
2026-07-08T03:17:30.000Z,18,0,18,0,false,false
2026-07-08T03:20:00.000Z,61,67,18,0,true,false
2026-07-08T03:22:30.000Z,18,0,95,117,false,true
2026-07-08T03:25:00.000Z,61,52,18,0,true,false
2026-07-08T03:27:30.000Z,18,0,18,0,false,false
2026-07-08T03:30:00.000Z,59,73,18,0,true,false
2026-07-08T03:32:30.000Z,18,0,18,0,false,false
2026-07-08T03:35:00.000Z,60,42,18,0,true,false
2026-07-08T03:37:30.000Z,18,0,98,119,false,true
2026-07-08T03:40:00.000Z,54,62,18,0,true,false
2026-07-08T03:42:30.000Z,18,0,18,0,false,false
2026-07-08T03:45:00.000Z,56,53,18,0,true,false
2026-07-08T03:47:30.000Z,18,0,18,0,false,false
2026-07-08T03:50:00.000Z,61,61,18,0,true,false
2026-07-08T03:52:30.000Z,18,0,96,113,false,true
2026-07-08T03:55:00.000Z,61,43,18,0,true,false
2026-07-08T03:57:30.000Z,18,0,18,0,false,false
2026-07-08T04:00:00.000Z,60,35,18,0,true,false
2026-07-08T04:02:30.000Z,18,0,18,0,false,false
2026-07-08T04:05:00.000Z,59,59,18,0,true,false
2026-07-08T04:07:30.000Z,18,0,97,125,false,true
2026-07-08T04:10:00.000Z,58,41,18,0,true,false
2026-07-08T04:12:30.000Z,18,0,18,0,false,false
2026-07-08T04:15:00.000Z,57,77,18,0,true,false
2026-07-08T04:17:30.000Z,18,0,18,0,false,false
2026-07-08T04:20:00.000Z,59,62,18,0,true,false
2026-07-08T04:22:30.000Z,18,0,97,120,false,true
2026-07-08T04:25:00.000Z,58,54,18,0,true,false
2026-07-08T04:27:30.000Z,18,0,18,0,false,false
2026-07-08T04:30:00.000Z,58,76,18,0,true,false
2026-07-08T04:32:30.000Z,18,0,18,0,false,false
2026-07-08T04:35:00.000Z,58,80,18,0,true,false
2026-07-08T04:37:30.000Z,18,0,96,113,false,true
2026-07-08T04:40:00.000Z,56,73,18,0,true,false
2026-07-08T04:42:30.000Z,18,0,18,0,false,false
2026-07-08T04:45:00.000Z,57,58,18,0,true,false
2026-07-08T04:47:30.000Z,18,0,18,0,false,false
2026-07-08T04:50:00.000Z,57,50,18,0,true,false
2026-07-08T04:52:30.000Z,18,0,97,122,false,true
2026-07-08T04:55:00.000Z,58,50,18,0,true,false
2026-07-08T04:57:30.000Z,18,0,18,0,false,false
2026-07-08T05:00:00.000Z,56,50,18,0,true,false
2026-07-08T05:02:30.000Z,18,0,18,0,false,false
2026-07-08T05:05:00.000Z,58,47,18,0,true,false
2026-07-08T05:07:30.000Z,18,0,94,125,false,true
2026-07-08T05:10:00.000Z,58,48,18,0,true,false
2026-07-08T05:12:30.000Z,18,0,18,0,false,false
2026-07-08T05:15:00.000Z,56,63,18,0,true,false
2026-07-08T05:17:30.000Z,18,0,18,0,false,false
2026-07-08T05:20:00.000Z,62,51,18,0,true,false
2026-07-08T05:22:30.000Z,18,0,94,124,false,true
2026-07-08T05:25:00.000Z,57,88,18,0,true,false
2026-07-08T05:27:30.000Z,18,0,18,0,false,false
2026-07-08T05:30:00.000Z,60,76,18,0,true,false
2026-07-08T05:32:30.000Z,18,0,18,0,false,false
2026-07-08T05:35:00.000Z,60,49,18,0,true,false
2026-07-08T05:37:30.000Z,18,0,95,113,false,true
2026-07-08T05:40:00.000Z,60,76,18,0,true,false
2026-07-08T05:42:30.000Z,18,0,18,0,false,false
2026-07-08T05:45:00.000Z,58,58,18,0,true,false
2026-07-08T05:47:30.000Z,18,0,18,0,false,false
2026-07-08T05:50:00.000Z,58,54,18,0,true,false
2026-07-08T05:52:30.000Z,18,0,94,122,false,true
2026-07-08T05:55:00.000Z,58,65,18,0,true,false
2026-07-08T05:57:30.000Z,18,0,18,0,false,false
2026-07-08T06:00:00.000Z,56,48,18,0,true,false
2026-07-08T06:02:30.000Z,18,0,18,0,false,false
2026-07-08T06:05:00.000Z,57,43,18,0,true,false
2026-07-08T06:07:30.000Z,18,0,96,111,false,true
2026-07-08T06:10:00.000Z,58,62,18,0,true,false
2026-07-08T06:12:30.000Z,18,0,18,0,false,false
2026-07-08T06:15:00.000Z,60,64,18,0,true,false
2026-07-08T06:17:30.000Z,18,0,18,0,false,false
2026-07-08T06:20:00.000Z,54,58,18,0,true,false
2026-07-08T06:22:30.000Z,18,0,97,108,false,true
2026-07-08T06:25:00.000Z,57,67,18,0,true,false
2026-07-08T06:27:30.000Z,18,0,18,0,false,false
2026-07-08T06:30:00.000Z,60,39,18,0,true,false
2026-07-08T06:32:30.000Z,18,0,18,0,false,false
2026-07-08T06:35:00.000Z,59,65,18,0,true,false
2026-07-08T06:37:30.000Z,18,0,96,113,false,true
2026-07-08T06:40:00.000Z,60,57,18,0,true,false
2026-07-08T06:42:30.000Z,18,0,18,0,false,false
2026-07-08T06:45:00.000Z,60,47,18,0,true,false
2026-07-08T06:47:30.000Z,18,0,18,0,false,false
2026-07-08T06:50:00.000Z,62,67,18,0,true,false
2026-07-08T06:52:30.000Z,18,0,94,126,false,true
2026-07-08T06:55:00.000Z,58,54,18,0,true,false
2026-07-08T06:57:30.000Z,18,0,18,0,false,false
2026-07-08T07:00:00.000Z,69,52,18,0,true,false
2026-07-08T07:02:30.000Z,18,0,18,0,false,false
2026-07-08T07:05:00.000Z,72,45,18,0,true,false
2026-07-08T07:07:30.000Z,18,0,18,0,false,false
2026-07-08T07:10:00.000Z,96,32,97,120,true,true
2026-07-08T07:12:30.000Z,18,0,18,0,false,false
2026-07-08T07:15:00.000Z,71,43,18,0,true,false
2026-07-08T07:17:30.000Z,18,0,18,0,false,false
2026-07-08T07:20:00.000Z,69,37,18,0,true,false
2026-07-08T07:22:30.000Z,18,0,18,0,false,false
2026-07-08T07:25:00.000Z,74,40,95,125,true,true
2026-07-08T07:27:30.000Z,18,0,18,0,false,false
2026-07-08T07:30:00.000Z,73,36,18,0,true,false
2026-07-08T07:32:30.000Z,18,0,18,0,false,false
2026-07-08T07:35:00.000Z,71,42,18,0,true,false
2026-07-08T07:37:30.000Z,18,0,18,0,false,false
2026-07-08T07:40:00.000Z,67,54,95,125,true,true
2026-07-08T07:42:30.000Z,18,0,18,0,false,false
2026-07-08T07:45:00.000Z,70,63,18,0,true,false
2026-07-08T07:47:30.000Z,18,0,18,0,false,false
2026-07-08T07:50:00.000Z,98,29,18,0,true,false
2026-07-08T07:52:30.000Z,18,0,18,0,false,false
2026-07-08T07:55:00.000Z,72,30,97,122,true,true
2026-07-08T07:57:30.000Z,18,0,18,0,false,false
2026-07-08T08:00:00.000Z,69,42,18,0,true,false
2026-07-08T08:02:30.000Z,18,0,18,0,false,false
2026-07-08T08:05:00.000Z,75,53,18,0,true,false
2026-07-08T08:07:30.000Z,18,0,18,0,false,false
2026-07-08T08:10:00.000Z,98,31,96,133,true,true
2026-07-08T08:12:30.000Z,18,0,18,0,false,false
2026-07-08T08:15:00.000Z,74,32,18,0,true,false
2026-07-08T08:17:30.000Z,18,0,18,0,false,false
2026-07-08T08:20:00.000Z,75,43,18,0,true,false
2026-07-08T08:22:30.000Z,18,0,98,129,false,true
2026-07-08T08:25:00.000Z,74,42,18,0,true,false
2026-07-08T08:27:30.000Z,18,0,18,0,false,false
2026-07-08T08:30:00.000Z,73,35,18,0,true,false
2026-07-08T08:32:30.000Z,18,0,18,0,false,false
2026-07-08T08:35:00.000Z,74,32,18,0,true,false
2026-07-08T08:37:30.000Z,18,0,18,0,false,false
2026-07-08T08:40:00.000Z,76,68,96,133,true,true
2026-07-08T08:42:30.000Z,18,0,18,0,false,false
2026-07-08T08:45:00.000Z,75,31,18,0,true,false
2026-07-08T08:47:30.000Z,18,0,18,0,false,false
2026-07-08T08:50:00.000Z,72,48,18,0,true,false
2026-07-08T08:52:30.000Z,18,0,18,0,false,false
2026-07-08T08:55:00.000Z,71,81,18,0,true,false
2026-07-08T08:57:30.000Z,18,0,97,122,false,true
2026-07-08T09:00:00.000Z,70,60,18,0,true,false
2026-07-08T09:02:30.000Z,18,0,18,0,false,false
2026-07-08T09:05:00.000Z,76,53,18,0,true,false
2026-07-08T09:07:30.000Z,18,0,18,0,false,false
2026-07-08T09:10:00.000Z,75,58,18,0,true,false
2026-07-08T09:12:30.000Z,18,0,96,116,false,true
2026-07-08T09:15:00.000Z,75,45,18,0,true,false
2026-07-08T09:17:30.000Z,18,0,18,0,false,false
2026-07-08T09:20:00.000Z,74,36,18,0,true,false
2026-07-08T09:22:30.000Z,18,0,18,0,false,false
2026-07-08T09:25:00.000Z,77,47,18,0,true,false
2026-07-08T09:27:30.000Z,18,0,98,116,false,true
2026-07-08T09:30:00.000Z,79,55,18,0,true,false
2026-07-08T09:32:30.000Z,18,0,18,0,false,false
2026-07-08T09:35:00.000Z,77,47,18,0,true,false
2026-07-08T09:37:30.000Z,18,0,18,0,false,false
2026-07-08T09:40:00.000Z,77,50,18,0,true,false
2026-07-08T09:42:30.000Z,18,0,18,0,false,false
2026-07-08T09:45:00.000Z,79,32,18,0,true,false
2026-07-08T09:47:30.000Z,18,0,18,0,false,false
2026-07-08T09:50:00.000Z,76,48,18,0,true,false
2026-07-08T09:52:30.000Z,18,0,18,0,false,false
2026-07-08T09:55:00.000Z,75,41,18,0,true,false
2026-07-08T09:57:30.000Z,18,0,18,0,false,false
2026-07-08T10:00:00.000Z,77,37,18,0,true,false
2026-07-08T10:02:30.000Z,18,0,18,0,false,false
2026-07-08T10:05:00.000Z,82,51,96,123,true,true
2026-07-08T10:07:30.000Z,18,0,18,0,false,false
2026-07-08T10:10:00.000Z,82,45,18,0,true,false
2026-07-08T10:12:30.000Z,18,0,18,0,false,false
2026-07-08T10:15:00.000Z,78,44,18,0,true,false
2026-07-08T10:17:30.000Z,18,0,18,0,false,false
2026-07-08T10:20:00.000Z,76,38,18,0,true,false
2026-07-08T10:22:30.000Z,18,0,96,126,false,true
2026-07-08T10:25:00.000Z,80,49,18,0,true,false
2026-07-08T10:27:30.000Z,18,0,18,0,false,false
2026-07-08T10:30:00.000Z,77,39,18,0,true,false
2026-07-08T10:32:30.000Z,18,0,98,121,false,true
2026-07-08T10:35:00.000Z,76,52,18,0,true,false
2026-07-08T10:37:30.000Z,18,0,18,0,false,false
2026-07-08T10:40:00.000Z,77,52,18,0,true,false
2026-07-08T10:42:30.000Z,18,0,18,0,false,false
2026-07-08T10:45:00.000Z,80,30,18,0,true,false
2026-07-08T10:47:30.000Z,18,0,98,121,false,true
2026-07-08T10:50:00.000Z,79,39,18,0,true,false
2026-07-08T10:52:30.000Z,18,0,18,0,false,false
2026-07-08T10:55:00.000Z,75,49,18,0,true,false
2026-07-08T10:57:30.000Z,18,0,18,0,false,false
2026-07-08T11:00:00.000Z,74,40,18,0,true,false
2026-07-08T11:02:30.000Z,18,0,96,120,false,true
2026-07-08T11:05:00.000Z,71,45,18,0,true,false
2026-07-08T11:07:30.000Z,18,0,18,0,false,false
2026-07-08T11:10:00.000Z,74,61,18,0,true,false
2026-07-08T11:12:30.000Z,18,0,18,0,false,false
2026-07-08T11:15:00.000Z,79,45,18,0,true,false
2026-07-08T11:17:30.000Z,18,0,94,115,false,true
2026-07-08T11:20:00.000Z,82,39,18,0,true,false
2026-07-08T11:22:30.000Z,18,0,18,0,false,false
2026-07-08T11:25:00.000Z,72,56,18,0,true,false
2026-07-08T11:27:30.000Z,18,0,18,0,false,false
2026-07-08T11:30:00.000Z,81,37,98,128,true,true
2026-07-08T11:32:30.000Z,18,0,18,0,false,false
2026-07-08T11:35:00.000Z,82,33,18,0,true,false
2026-07-08T11:37:30.000Z,18,0,18,0,false,false
2026-07-08T11:40:00.000Z,82,38,18,0,true,false
2026-07-08T11:42:30.000Z,18,0,18,0,false,false
2026-07-08T11:45:00.000Z,81,43,98,125,true,true
2026-07-08T11:47:30.000Z,18,0,18,0,false,false
2026-07-08T11:50:00.000Z,79,26,18,0,true,false
2026-07-08T11:52:30.000Z,18,0,18,0,false,false
2026-07-08T11:55:00.000Z,83,49,18,0,true,false
2026-07-08T11:57:30.000Z,18,0,95,131,false,true
2026-07-08T12:00:00.000Z,76,39,18,0,true,false
2026-07-08T12:02:30.000Z,18,0,18,0,false,false
2026-07-08T12:05:00.000Z,78,52,18,0,true,false
2026-07-08T12:07:30.000Z,18,0,18,0,false,false
2026-07-08T12:10:00.000Z,78,30,18,0,true,false
2026-07-08T12:12:30.000Z,18,0,96,134,false,true
2026-07-08T12:15:00.000Z,81,40,18,0,true,false
2026-07-08T12:17:30.000Z,18,0,18,0,false,false
2026-07-08T12:20:00.000Z,79,37,18,0,true,false
2026-07-08T12:22:30.000Z,18,0,18,0,false,false
2026-07-08T12:25:00.000Z,83,37,18,0,true,false
2026-07-08T12:27:30.000Z,18,0,98,128,false,true
2026-07-08T12:30:00.000Z,81,36,18,0,true,false
2026-07-08T12:32:30.000Z,18,0,18,0,false,false
2026-07-08T12:35:00.000Z,83,31,18,0,true,false
2026-07-08T12:37:30.000Z,18,0,18,0,false,false
2026-07-08T12:40:00.000Z,83,58,18,0,true,false
2026-07-08T12:42:30.000Z,18,0,96,127,false,true
2026-07-08T12:45:00.000Z,81,54,18,0,true,false
2026-07-08T12:47:30.000Z,18,0,18,0,false,false
2026-07-08T12:50:00.000Z,83,42,18,0,true,false
2026-07-08T12:52:30.000Z,18,0,18,0,false,false
2026-07-08T12:55:00.000Z,78,49,18,0,true,false
2026-07-08T12:57:30.000Z,18,0,96,140,false,true
2026-07-08T13:00:00.000Z,81,37,18,0,true,false
2026-07-08T13:02:30.000Z,18,0,18,0,false,false
2026-07-08T13:05:00.000Z,78,42,18,0,true,false
2026-07-08T13:07:30.000Z,18,0,18,0,false,false
2026-07-08T13:10:00.000Z,86,42,18,0,true,false
2026-07-08T13:12:30.000Z,18,0,99,125,false,true
2026-07-08T13:15:00.000Z,80,51,18,0,true,false
2026-07-08T13:17:30.000Z,18,0,18,0,false,false
2026-07-08T13:20:00.000Z,78,49,18,0,true,false
2026-07-08T13:22:30.000Z,18,0,18,0,false,false
2026-07-08T13:25:00.000Z,84,39,18,0,true,false
2026-07-08T13:27:30.000Z,18,0,18,0,false,false
2026-07-08T13:30:00.000Z,81,56,18,0,true,false
2026-07-08T13:32:30.000Z,18,0,97,135,false,true
2026-07-08T13:35:00.000Z,79,35,18,0,true,false
2026-07-08T13:37:30.000Z,18,0,18,0,false,false
2026-07-08T13:40:00.000Z,85,37,18,0,true,false
2026-07-08T13:42:30.000Z,18,0,18,0,false,false
2026-07-08T13:45:00.000Z,77,62,18,0,true,false
2026-07-08T13:47:30.000Z,18,0,18,0,false,false
2026-07-08T13:50:00.000Z,84,29,95,130,true,true
2026-07-08T13:52:30.000Z,18,0,18,0,false,false
2026-07-08T13:55:00.000Z,86,40,18,0,true,false
2026-07-08T13:57:30.000Z,18,0,18,0,false,false
2026-07-08T14:00:00.000Z,85,74,18,0,true,false
2026-07-08T14:02:30.000Z,18,0,18,0,false,false
2026-07-08T14:05:00.000Z,80,63,18,0,true,false
2026-07-08T14:07:30.000Z,18,0,97,136,false,true
2026-07-08T14:10:00.000Z,77,53,18,0,true,false
2026-07-08T14:12:30.000Z,18,0,18,0,false,false
2026-07-08T14:15:00.000Z,80,32,18,0,true,false
2026-07-08T14:17:30.000Z,18,0,18,0,false,false
2026-07-08T14:20:00.000Z,80,36,18,0,true,false
2026-07-08T14:22:30.000Z,18,0,18,0,false,false
2026-07-08T14:25:00.000Z,83,44,97,129,true,true
2026-07-08T14:27:30.000Z,18,0,18,0,false,false
2026-07-08T14:30:00.000Z,81,54,18,0,true,false
2026-07-08T14:32:30.000Z,18,0,18,0,false,false
2026-07-08T14:35:00.000Z,78,34,18,0,true,false
2026-07-08T14:37:30.000Z,18,0,18,0,false,false
2026-07-08T14:40:00.000Z,88,33,18,0,true,false
2026-07-08T14:42:30.000Z,18,0,95,123,false,true
2026-07-08T14:45:00.000Z,77,43,18,0,true,false
2026-07-08T14:47:30.000Z,18,0,18,0,false,false
2026-07-08T14:50:00.000Z,86,59,18,0,true,false
2026-07-08T14:52:30.000Z,18,0,18,0,false,false
2026-07-08T14:55:00.000Z,82,34,18,0,true,false
2026-07-08T14:57:30.000Z,18,0,95,125,false,true
2026-07-08T15:00:00.000Z,82,44,18,0,true,false
2026-07-08T15:02:30.000Z,18,0,18,0,false,false
2026-07-08T15:05:00.000Z,78,50,18,0,true,false
2026-07-08T15:07:30.000Z,18,0,18,0,false,false
2026-07-08T15:10:00.000Z,85,46,18,0,true,false
2026-07-08T15:12:30.000Z,18,0,98,130,false,true
2026-07-08T15:15:00.000Z,78,44,18,0,true,false
2026-07-08T15:17:30.000Z,18,0,18,0,false,false
2026-07-08T15:20:00.000Z,18,0,18,0,false,false
2026-07-08T15:22:30.000Z,18,0,18,0,false,false
2026-07-08T15:25:00.000Z,18,0,18,0,false,false
2026-07-08T15:27:30.000Z,18,0,18,0,false,false
2026-07-08T15:30:00.000Z,83,37,18,0,true,false
2026-07-08T15:32:30.000Z,18,0,18,0,false,false
2026-07-08T15:35:00.000Z,83,29,18,0,true,false
2026-07-08T15:37:30.000Z,18,0,18,0,false,false
2026-07-08T15:40:00.000Z,79,54,18,0,true,false
2026-07-08T15:42:30.000Z,18,0,18,0,false,false
2026-07-08T15:45:00.000Z,84,40,18,0,true,false
2026-07-08T15:47:30.000Z,18,0,18,0,false,false
2026-07-08T15:50:00.000Z,78,42,18,0,true,false
2026-07-08T15:52:30.000Z,18,0,18,0,false,false
2026-07-08T15:55:00.000Z,76,42,97,131,true,true
2026-07-08T15:57:30.000Z,18,0,18,0,false,false
2026-07-08T16:00:00.000Z,76,46,18,0,true,false
2026-07-08T16:02:30.000Z,18,0,18,0,false,false
2026-07-08T16:05:00.000Z,79,37,18,0,true,false
2026-07-08T16:07:30.000Z,18,0,18,0,false,false
2026-07-08T16:10:00.000Z,87,32,96,132,true,true
2026-07-08T16:12:30.000Z,18,0,18,0,false,false
2026-07-08T16:15:00.000Z,74,71,18,0,true,false
2026-07-08T16:17:30.000Z,18,0,18,0,false,false
2026-07-08T16:20:00.000Z,18,0,18,0,false,false
2026-07-08T16:22:30.000Z,18,0,18,0,false,false
2026-07-08T16:25:00.000Z,80,34,97,130,true,true
2026-07-08T16:27:30.000Z,18,0,18,0,false,false
2026-07-08T16:30:00.000Z,80,42,18,0,true,false
2026-07-08T16:32:30.000Z,18,0,18,0,false,false
2026-07-08T16:35:00.000Z,80,33,18,0,true,false
2026-07-08T16:37:30.000Z,18,0,18,0,false,false
2026-07-08T16:40:00.000Z,83,35,18,0,true,false
2026-07-08T16:42:30.000Z,18,0,96,130,false,true
2026-07-08T16:45:00.000Z,84,28,18,0,true,false
2026-07-08T16:47:30.000Z,18,0,18,0,false,false
2026-07-08T16:50:00.000Z,82,43,18,0,true,false
2026-07-08T16:52:30.000Z,18,0,96,125,false,true
2026-07-08T16:55:00.000Z,80,27,18,0,true,false
2026-07-08T16:57:30.000Z,18,0,18,0,false,false
2026-07-08T17:00:00.000Z,84,42,18,0,true,false
2026-07-08T17:02:30.000Z,18,0,18,0,false,false
2026-07-08T17:05:00.000Z,84,34,18,0,true,false
2026-07-08T17:07:30.000Z,18,0,97,138,false,true
2026-07-08T17:10:00.000Z,83,35,18,0,true,false
2026-07-08T17:12:30.000Z,18,0,18,0,false,false
2026-07-08T17:15:00.000Z,81,60,18,0,true,false
2026-07-08T17:17:30.000Z,18,0,18,0,false,false
2026-07-08T17:20:00.000Z,81,42,96,137,true,true
2026-07-08T17:22:30.000Z,18,0,18,0,false,false
2026-07-08T17:25:00.000Z,82,38,18,0,true,false
2026-07-08T17:27:30.000Z,18,0,18,0,false,false
2026-07-08T17:30:00.000Z,81,58,18,0,true,false
2026-07-08T17:32:30.000Z,18,0,18,0,false,false
2026-07-08T17:35:00.000Z,81,38,18,0,true,false
2026-07-08T17:37:30.000Z,18,0,98,130,false,true
2026-07-08T17:40:00.000Z,80,40,18,0,true,false
2026-07-08T17:42:30.000Z,18,0,18,0,false,false
2026-07-08T17:45:00.000Z,81,27,18,0,true,false
2026-07-08T17:47:30.000Z,18,0,18,0,false,false
2026-07-08T17:50:00.000Z,83,39,97,127,true,true
2026-07-08T17:52:30.000Z,18,0,18,0,false,false
2026-07-08T17:55:00.000Z,78,48,18,0,true,false
2026-07-08T17:57:30.000Z,18,0,18,0,false,false
2026-07-08T18:00:00.000Z,78,26,97,121,true,true
2026-07-08T18:02:30.000Z,18,0,18,0,false,false
2026-07-08T18:05:00.000Z,80,41,18,0,true,false
2026-07-08T18:07:30.000Z,18,0,18,0,false,false
2026-07-08T18:10:00.000Z,81,34,18,0,true,false
2026-07-08T18:12:30.000Z,18,0,18,0,false,false
2026-07-08T18:15:00.000Z,107,24,96,128,true,true
2026-07-08T18:17:30.000Z,18,0,18,0,false,false
2026-07-08T18:20:00.000Z,76,42,18,0,true,false
2026-07-08T18:22:30.000Z,18,0,18,0,false,false
2026-07-08T18:25:00.000Z,81,44,18,0,true,false
2026-07-08T18:27:30.000Z,18,0,18,0,false,false
2026-07-08T18:30:00.000Z,78,42,18,0,true,false
2026-07-08T18:32:30.000Z,18,0,96,121,false,true
2026-07-08T18:35:00.000Z,107,30,18,0,true,false
2026-07-08T18:37:30.000Z,18,0,18,0,false,false
2026-07-08T18:40:00.000Z,77,39,18,0,true,false
2026-07-08T18:42:30.000Z,18,0,18,0,false,false
2026-07-08T18:45:00.000Z,79,41,18,0,true,false
2026-07-08T18:47:30.000Z,18,0,18,0,false,false
2026-07-08T18:50:00.000Z,77,48,18,0,true,false
2026-07-08T18:52:30.000Z,18,0,18,0,false,false
2026-07-08T18:55:00.000Z,77,38,18,0,true,false
2026-07-08T18:57:30.000Z,18,0,18,0,false,false
2026-07-08T19:00:00.000Z,74,60,18,0,true,false
2026-07-08T19:02:30.000Z,18,0,18,0,false,false
2026-07-08T19:05:00.000Z,81,34,18,0,true,false
2026-07-08T19:07:30.000Z,18,0,18,0,false,false
2026-07-08T19:10:00.000Z,77,49,18,0,true,false
2026-07-08T19:12:30.000Z,18,0,18,0,false,false
2026-07-08T19:15:00.000Z,75,32,18,0,true,false
2026-07-08T19:17:30.000Z,18,0,18,0,false,false
2026-07-08T19:20:00.000Z,73,29,18,0,true,false
2026-07-08T19:22:30.000Z,18,0,18,0,false,false
2026-07-08T19:25:00.000Z,79,50,98,129,true,true
2026-07-08T19:27:30.000Z,18,0,18,0,false,false
2026-07-08T19:30:00.000Z,75,50,18,0,true,false
2026-07-08T19:32:30.000Z,18,0,18,0,false,false
2026-07-08T19:35:00.000Z,77,35,97,127,true,true
2026-07-08T19:37:30.000Z,18,0,18,0,false,false
2026-07-08T19:40:00.000Z,72,69,18,0,true,false
2026-07-08T19:42:30.000Z,18,0,18,0,false,false
2026-07-08T19:45:00.000Z,82,53,18,0,true,false
2026-07-08T19:47:30.000Z,18,0,97,127,false,true
2026-07-08T19:50:00.000Z,78,28,18,0,true,false
2026-07-08T19:52:30.000Z,18,0,18,0,false,false
2026-07-08T19:55:00.000Z,76,47,18,0,true,false
2026-07-08T19:57:30.000Z,18,0,18,0,false,false
2026-07-08T20:00:00.000Z,77,32,18,0,true,false
2026-07-08T20:02:30.000Z,18,0,98,130,false,true
2026-07-08T20:05:00.000Z,72,55,18,0,true,false
2026-07-08T20:07:30.000Z,18,0,18,0,false,false
2026-07-08T20:10:00.000Z,69,52,18,0,true,false
2026-07-08T20:12:30.000Z,18,0,18,0,false,false
2026-07-08T20:15:00.000Z,77,70,18,0,true,false
2026-07-08T20:17:30.000Z,18,0,97,122,false,true
2026-07-08T20:20:00.000Z,76,34,18,0,true,false
2026-07-08T20:22:30.000Z,18,0,18,0,false,false
2026-07-08T20:25:00.000Z,76,72,18,0,true,false
2026-07-08T20:27:30.000Z,18,0,18,0,false,false
2026-07-08T20:30:00.000Z,75,49,18,0,true,false
2026-07-08T20:32:30.000Z,18,0,97,132,false,true
2026-07-08T20:35:00.000Z,18,0,18,0,false,false
2026-07-08T20:37:30.000Z,18,0,18,0,false,false
2026-07-08T20:40:00.000Z,82,35,18,0,true,false
2026-07-08T20:42:30.000Z,18,0,97,123,false,true
2026-07-08T20:45:00.000Z,80,32,18,0,true,false
2026-07-08T20:47:30.000Z,18,0,18,0,false,false
2026-07-08T20:50:00.000Z,72,44,18,0,true,false
2026-07-08T20:52:30.000Z,18,0,95,128,false,true
2026-07-08T20:55:00.000Z,73,36,18,0,true,false
2026-07-08T20:57:30.000Z,18,0,18,0,false,false
2026-07-08T21:00:00.000Z,101,27,18,0,true,false
2026-07-08T21:02:30.000Z,18,0,18,0,false,false
2026-07-08T21:05:00.000Z,75,51,18,0,true,false
2026-07-08T21:07:30.000Z,18,0,97,124,false,true
2026-07-08T21:10:00.000Z,75,62,18,0,true,false
2026-07-08T21:12:30.000Z,18,0,18,0,false,false
2026-07-08T21:15:00.000Z,73,52,18,0,true,false
2026-07-08T21:17:30.000Z,18,0,18,0,false,false
2026-07-08T21:20:00.000Z,95,32,18,0,true,false
2026-07-08T21:22:30.000Z,18,0,18,0,false,false
2026-07-08T21:25:00.000Z,70,39,18,0,true,false
2026-07-08T21:27:30.000Z,18,0,99,126,false,true
2026-07-08T21:30:00.000Z,72,62,18,0,true,false
2026-07-08T21:32:30.000Z,18,0,18,0,false,false
2026-07-08T21:35:00.000Z,71,42,18,0,true,false
2026-07-08T21:37:30.000Z,18,0,18,0,false,false
2026-07-08T21:40:00.000Z,69,56,18,0,true,false
2026-07-08T21:42:30.000Z,18,0,97,135,false,true
2026-07-08T21:45:00.000Z,66,53,18,0,true,false
2026-07-08T21:47:30.000Z,18,0,18,0,false,false
2026-07-08T21:50:00.000Z,74,39,18,0,true,false
2026-07-08T21:52:30.000Z,18,0,18,0,false,false
2026-07-08T21:55:00.000Z,71,45,18,0,true,false
2026-07-08T21:57:30.000Z,18,0,18,0,false,false
2026-07-08T22:00:00.000Z,75,43,96,127,true,true
2026-07-08T22:02:30.000Z,18,0,18,0,false,false
2026-07-08T22:05:00.000Z,70,40,18,0,true,false
2026-07-08T22:07:30.000Z,18,0,18,0,false,false
2026-07-08T22:10:00.000Z,67,43,18,0,true,false
2026-07-08T22:12:30.000Z,18,0,18,0,false,false
2026-07-08T22:15:00.000Z,75,58,18,0,true,false
2026-07-08T22:17:30.000Z,18,0,96,126,false,true
2026-07-08T22:20:00.000Z,69,53,18,0,true,false
2026-07-08T22:22:30.000Z,18,0,18,0,false,false
2026-07-08T22:25:00.000Z,72,52,18,0,true,false
2026-07-08T22:27:30.000Z,18,0,18,0,false,false
2026-07-08T22:30:00.000Z,75,30,18,0,true,false
2026-07-08T22:32:30.000Z,18,0,18,0,false,false
2026-07-08T22:35:00.000Z,103,36,18,0,true,false
2026-07-08T22:37:30.000Z,18,0,96,129,false,true
2026-07-08T22:40:00.000Z,64,29,18,0,true,false
2026-07-08T22:42:30.000Z,18,0,18,0,false,false
2026-07-08T22:45:00.000Z,75,46,18,0,true,false
2026-07-08T22:47:30.000Z,18,0,18,0,false,false
2026-07-08T22:50:00.000Z,71,32,18,0,true,false
2026-07-08T22:52:30.000Z,18,0,18,0,false,false
2026-07-08T22:55:00.000Z,69,41,96,123,true,true
2026-07-08T22:57:30.000Z,18,0,18,0,false,false
2026-07-08T23:00:00.000Z,56,58,18,0,true,false
2026-07-08T23:02:30.000Z,18,0,18,0,false,false
2026-07-08T23:05:00.000Z,56,53,18,0,true,false
2026-07-08T23:07:30.000Z,18,0,18,0,false,false
2026-07-08T23:10:00.000Z,58,41,96,119,true,true
2026-07-08T23:12:30.000Z,18,0,18,0,false,false
2026-07-08T23:15:00.000Z,59,75,18,0,true,false
2026-07-08T23:17:30.000Z,18,0,18,0,false,false
2026-07-08T23:20:00.000Z,56,63,18,0,true,false
2026-07-08T23:22:30.000Z,18,0,18,0,false,false
2026-07-08T23:25:00.000Z,59,60,95,116,true,true
2026-07-08T23:27:30.000Z,18,0,18,0,false,false
2026-07-08T23:30:00.000Z,57,67,18,0,true,false
2026-07-08T23:32:30.000Z,18,0,18,0,false,false
2026-07-08T23:35:00.000Z,58,60,18,0,true,false
2026-07-08T23:37:30.000Z,18,0,18,0,false,false
2026-07-08T23:40:00.000Z,56,51,92,114,true,true
2026-07-08T23:42:30.000Z,18,0,18,0,false,false
2026-07-08T23:45:00.000Z,57,75,18,0,true,false
2026-07-08T23:47:30.000Z,18,0,18,0,false,false
2026-07-08T23:50:00.000Z,58,48,18,0,true,false
2026-07-08T23:52:30.000Z,18,0,18,0,false,false
2026-07-08T23:55:00.000Z,58,49,96,122,true,true
2026-07-08T23:57:30.000Z,18,0,18,0,false,false
2026-07-09T00:00:00.000Z,56,70,18,0,true,false
2026-07-09T00:02:30.000Z,18,0,18,0,false,false
2026-07-09T00:05:00.000Z,59,54,18,0,true,false
2026-07-09T00:07:30.000Z,18,0,18,0,false,false
2026-07-09T00:10:00.000Z,56,44,95,124,true,true
2026-07-09T00:12:30.000Z,18,0,18,0,false,false
2026-07-09T00:15:00.000Z,58,65,18,0,true,false
2026-07-09T00:17:30.000Z,18,0,18,0,false,false
2026-07-09T00:20:00.000Z,57,53,18,0,true,false
2026-07-09T00:22:30.000Z,18,0,18,0,false,false
2026-07-09T00:25:00.000Z,59,56,98,117,true,true
2026-07-09T00:27:30.000Z,18,0,18,0,false,false
2026-07-09T00:30:00.000Z,56,80,18,0,true,false
2026-07-09T00:32:30.000Z,18,0,18,0,false,false
2026-07-09T00:35:00.000Z,55,65,18,0,true,false
2026-07-09T00:37:30.000Z,18,0,18,0,false,false
2026-07-09T00:40:00.000Z,60,70,96,126,true,true
2026-07-09T00:42:30.000Z,18,0,18,0,false,false
2026-07-09T00:45:00.000Z,59,50,18,0,true,false
2026-07-09T00:47:30.000Z,18,0,18,0,false,false
2026-07-09T00:50:00.000Z,58,71,18,0,true,false
2026-07-09T00:52:30.000Z,18,0,18,0,false,false
2026-07-09T00:55:00.000Z,56,50,88,119,true,true
2026-07-09T00:57:30.000Z,18,0,18,0,false,false
2026-07-09T01:00:00.000Z,59,45,18,0,true,false
2026-07-09T01:02:30.000Z,18,0,18,0,false,false
2026-07-09T01:05:00.000Z,55,62,18,0,true,false
2026-07-09T01:07:30.000Z,18,0,18,0,false,false
2026-07-09T01:10:00.000Z,58,57,96,110,true,true
2026-07-09T01:12:30.000Z,18,0,18,0,false,false
2026-07-09T01:15:00.000Z,59,52,18,0,true,false
2026-07-09T01:17:30.000Z,18,0,18,0,false,false
2026-07-09T01:20:00.000Z,58,41,18,0,true,false
2026-07-09T01:22:30.000Z,18,0,18,0,false,false
2026-07-09T01:25:00.000Z,59,70,94,109,true,true
2026-07-09T01:27:30.000Z,18,0,18,0,false,false
2026-07-09T01:30:00.000Z,59,68,18,0,true,false
2026-07-09T01:32:30.000Z,18,0,18,0,false,false
2026-07-09T01:35:00.000Z,58,63,18,0,true,false
2026-07-09T01:37:30.000Z,18,0,18,0,false,false
2026-07-09T01:40:00.000Z,60,47,94,123,true,true
2026-07-09T01:42:30.000Z,18,0,18,0,false,false
2026-07-09T01:45:00.000Z,59,61,18,0,true,false
2026-07-09T01:47:30.000Z,18,0,18,0,false,false
2026-07-09T01:50:00.000Z,58,54,18,0,true,false
2026-07-09T01:52:30.000Z,18,0,18,0,false,false
2026-07-09T01:55:00.000Z,58,62,96,126,true,true
2026-07-09T01:57:30.000Z,18,0,18,0,false,false
2026-07-09T02:00:00.000Z,57,46,18,0,true,false
2026-07-09T02:02:30.000Z,18,0,18,0,false,false
2026-07-09T02:05:00.000Z,59,54,18,0,true,false
2026-07-09T02:07:30.000Z,18,0,18,0,false,false
2026-07-09T02:10:00.000Z,59,75,95,116,true,true
2026-07-09T02:12:30.000Z,18,0,18,0,false,false
2026-07-09T02:15:00.000Z,60,55,18,0,true,false
2026-07-09T02:17:30.000Z,18,0,18,0,false,false
2026-07-09T02:20:00.000Z,18,0,18,0,false,false
2026-07-09T02:22:30.000Z,18,0,18,0,false,false
2026-07-09T02:25:00.000Z,57,62,94,116,true,true
2026-07-09T02:27:30.000Z,18,0,18,0,false,false
2026-07-09T02:30:00.000Z,59,68,18,0,true,false
2026-07-09T02:32:30.000Z,18,0,18,0,false,false
2026-07-09T02:35:00.000Z,57,64,18,0,true,false
2026-07-09T02:37:30.000Z,18,0,18,0,false,false
2026-07-09T02:40:00.000Z,63,43,95,119,true,true
2026-07-09T02:42:30.000Z,18,0,18,0,false,false
2026-07-09T02:45:00.000Z,57,48,18,0,true,false
2026-07-09T02:47:30.000Z,18,0,18,0,false,false
2026-07-09T02:50:00.000Z,59,51,18,0,true,false
2026-07-09T02:52:30.000Z,18,0,18,0,false,false
2026-07-09T02:55:00.000Z,57,69,96,123,true,true
2026-07-09T02:57:30.000Z,18,0,18,0,false,false
2026-07-09T03:00:00.000Z,57,78,18,0,true,false
2026-07-09T03:02:30.000Z,18,0,18,0,false,false
2026-07-09T03:05:00.000Z,60,63,18,0,true,false
2026-07-09T03:07:30.000Z,18,0,18,0,false,false
2026-07-09T03:10:00.000Z,55,65,98,117,true,true
2026-07-09T03:12:30.000Z,18,0,18,0,false,false
2026-07-09T03:15:00.000Z,59,36,18,0,true,false
2026-07-09T03:17:30.000Z,18,0,18,0,false,false
2026-07-09T03:20:00.000Z,55,79,18,0,true,false
2026-07-09T03:22:30.000Z,18,0,18,0,false,false
2026-07-09T03:25:00.000Z,62,44,95,123,true,true
2026-07-09T03:27:30.000Z,18,0,18,0,false,false
2026-07-09T03:30:00.000Z,59,67,18,0,true,false
2026-07-09T03:32:30.000Z,18,0,18,0,false,false
2026-07-09T03:35:00.000Z,55,62,18,0,true,false
2026-07-09T03:37:30.000Z,18,0,18,0,false,false
2026-07-09T03:40:00.000Z,57,59,95,124,true,true
2026-07-09T03:42:30.000Z,18,0,18,0,false,false
2026-07-09T03:45:00.000Z,56,60,18,0,true,false
2026-07-09T03:47:30.000Z,18,0,18,0,false,false
2026-07-09T03:50:00.000Z,59,51,18,0,true,false
2026-07-09T03:52:30.000Z,18,0,18,0,false,false
2026-07-09T03:55:00.000Z,58,80,95,111,true,true
2026-07-09T03:57:30.000Z,18,0,18,0,false,false
2026-07-09T04:00:00.000Z,57,66,18,0,true,false
2026-07-09T04:02:30.000Z,18,0,18,0,false,false
2026-07-09T04:05:00.000Z,56,35,18,0,true,false
2026-07-09T04:07:30.000Z,18,0,18,0,false,false
2026-07-09T04:10:00.000Z,60,90,93,122,true,true
2026-07-09T04:12:30.000Z,18,0,18,0,false,false
2026-07-09T04:15:00.000Z,57,38,18,0,true,false
2026-07-09T04:17:30.000Z,18,0,18,0,false,false
2026-07-09T04:20:00.000Z,58,56,18,0,true,false
2026-07-09T04:22:30.000Z,18,0,18,0,false,false
2026-07-09T04:25:00.000Z,58,61,94,120,true,true
2026-07-09T04:27:30.000Z,18,0,18,0,false,false
2026-07-09T04:30:00.000Z,58,51,18,0,true,false
2026-07-09T04:32:30.000Z,18,0,18,0,false,false
2026-07-09T04:35:00.000Z,61,53,18,0,true,false
2026-07-09T04:37:30.000Z,18,0,18,0,false,false
2026-07-09T04:40:00.000Z,59,89,94,115,true,true
2026-07-09T04:42:30.000Z,18,0,18,0,false,false
2026-07-09T04:45:00.000Z,61,61,18,0,true,false
2026-07-09T04:47:30.000Z,18,0,18,0,false,false
2026-07-09T04:50:00.000Z,57,53,18,0,true,false
2026-07-09T04:52:30.000Z,18,0,18,0,false,false
2026-07-09T04:55:00.000Z,58,51,93,115,true,true
2026-07-09T04:57:30.000Z,18,0,18,0,false,false
2026-07-09T05:00:00.000Z,59,52,18,0,true,false
2026-07-09T05:02:30.000Z,18,0,18,0,false,false
2026-07-09T05:05:00.000Z,58,78,18,0,true,false
2026-07-09T05:07:30.000Z,18,0,18,0,false,false
2026-07-09T05:10:00.000Z,57,49,94,117,true,true
2026-07-09T05:12:30.000Z,18,0,18,0,false,false
2026-07-09T05:15:00.000Z,58,61,18,0,true,false
2026-07-09T05:17:30.000Z,18,0,18,0,false,false
2026-07-09T05:20:00.000Z,56,59,18,0,true,false
2026-07-09T05:22:30.000Z,18,0,18,0,false,false
2026-07-09T05:25:00.000Z,62,78,94,116,true,true
2026-07-09T05:27:30.000Z,18,0,18,0,false,false
2026-07-09T05:30:00.000Z,58,50,18,0,true,false
2026-07-09T05:32:30.000Z,18,0,18,0,false,false
2026-07-09T05:35:00.000Z,57,78,18,0,true,false
2026-07-09T05:37:30.000Z,18,0,18,0,false,false
2026-07-09T05:40:00.000Z,61,47,97,114,true,true
2026-07-09T05:42:30.000Z,18,0,18,0,false,false
2026-07-09T05:45:00.000Z,57,55,18,0,true,false
2026-07-09T05:47:30.000Z,18,0,18,0,false,false
2026-07-09T05:50:00.000Z,60,77,18,0,true,false
2026-07-09T05:52:30.000Z,18,0,18,0,false,false
2026-07-09T05:55:00.000Z,59,64,94,119,true,true
2026-07-09T05:57:30.000Z,18,0,18,0,false,false
2026-07-09T06:00:00.000Z,56,74,18,0,true,false
2026-07-09T06:02:30.000Z,18,0,18,0,false,false
2026-07-09T06:05:00.000Z,58,71,18,0,true,false
2026-07-09T06:07:30.000Z,18,0,18,0,false,false
2026-07-09T06:10:00.000Z,57,53,96,121,true,true
2026-07-09T06:12:30.000Z,18,0,18,0,false,false
2026-07-09T06:15:00.000Z,55,50,18,0,true,false
2026-07-09T06:17:30.000Z,18,0,18,0,false,false
2026-07-09T06:20:00.000Z,57,94,18,0,true,false
2026-07-09T06:22:30.000Z,18,0,18,0,false,false
2026-07-09T06:25:00.000Z,58,35,95,110,true,true
2026-07-09T06:27:30.000Z,18,0,18,0,false,false
2026-07-09T06:30:00.000Z,58,59,18,0,true,false
2026-07-09T06:32:30.000Z,18,0,18,0,false,false
2026-07-09T06:35:00.000Z,61,51,18,0,true,false
2026-07-09T06:37:30.000Z,18,0,18,0,false,false
2026-07-09T06:40:00.000Z,56,78,94,121,true,true
2026-07-09T06:42:30.000Z,18,0,18,0,false,false
2026-07-09T06:45:00.000Z,18,0,18,0,false,false
2026-07-09T06:47:30.000Z,18,0,18,0,false,false
2026-07-09T06:50:00.000Z,57,71,18,0,true,false
2026-07-09T06:52:30.000Z,18,0,18,0,false,false
2026-07-09T06:55:00.000Z,55,65,95,130,true,true
2026-07-09T06:57:30.000Z,18,0,18,0,false,false
2026-07-09T07:00:00.000Z,66,44,18,0,true,false
2026-07-09T07:02:30.000Z,18,0,18,0,false,false
2026-07-09T07:05:00.000Z,73,49,18,0,true,false
2026-07-09T07:07:30.000Z,18,0,18,0,false,false
2026-07-09T07:10:00.000Z,18,0,18,0,false,false
2026-07-09T07:12:30.000Z,18,0,18,0,false,false
2026-07-09T07:15:00.000Z,68,51,98,134,true,true
2026-07-09T07:17:30.000Z,18,0,18,0,false,false
2026-07-09T07:20:00.000Z,91,36,18,0,true,false
2026-07-09T07:22:30.000Z,18,0,18,0,false,false
2026-07-09T07:25:00.000Z,71,44,18,0,true,false
2026-07-09T07:27:30.000Z,18,0,18,0,false,false
2026-07-09T07:30:00.000Z,73,42,96,135,true,true
2026-07-09T07:32:30.000Z,18,0,18,0,false,false
2026-07-09T07:35:00.000Z,72,39,18,0,true,false
2026-07-09T07:37:30.000Z,18,0,18,0,false,false
2026-07-09T07:40:00.000Z,76,40,18,0,true,false
2026-07-09T07:42:30.000Z,18,0,18,0,false,false
2026-07-09T07:45:00.000Z,18,0,18,0,false,false
2026-07-09T07:47:30.000Z,18,0,97,129,false,true
2026-07-09T07:50:00.000Z,75,48,18,0,true,false
2026-07-09T07:52:30.000Z,18,0,18,0,false,false
2026-07-09T07:55:00.000Z,71,34,18,0,true,false
2026-07-09T07:57:30.000Z,18,0,18,0,false,false
2026-07-09T08:00:00.000Z,74,54,18,0,true,false
2026-07-09T08:02:30.000Z,18,0,18,0,false,false
2026-07-09T08:05:00.000Z,87,56,18,0,true,false
2026-07-09T08:07:30.000Z,18,0,95,137,false,true
2026-07-09T08:10:00.000Z,71,57,18,0,true,false
2026-07-09T08:12:30.000Z,18,0,18,0,false,false
2026-07-09T08:15:00.000Z,98,33,18,0,true,false
2026-07-09T08:17:30.000Z,18,0,18,0,false,false
2026-07-09T08:20:00.000Z,67,66,18,0,true,false
2026-07-09T08:22:30.000Z,18,0,18,0,false,false
2026-07-09T08:25:00.000Z,71,47,97,126,true,true
2026-07-09T08:27:30.000Z,18,0,18,0,false,false
2026-07-09T08:30:00.000Z,82,48,18,0,true,false
2026-07-09T08:32:30.000Z,18,0,18,0,false,false
2026-07-09T08:35:00.000Z,75,47,18,0,true,false
2026-07-09T08:37:30.000Z,18,0,18,0,false,false
2026-07-09T08:40:00.000Z,71,50,97,138,true,true
2026-07-09T08:42:30.000Z,18,0,18,0,false,false
2026-07-09T08:45:00.000Z,71,44,18,0,true,false
2026-07-09T08:47:30.000Z,18,0,18,0,false,false
2026-07-09T08:50:00.000Z,101,27,18,0,true,false
2026-07-09T08:52:30.000Z,18,0,18,0,false,false
2026-07-09T08:55:00.000Z,72,35,97,131,true,true
2026-07-09T08:57:30.000Z,18,0,18,0,false,false
2026-07-09T09:00:00.000Z,70,41,18,0,true,false
2026-07-09T09:02:30.000Z,18,0,18,0,false,false
2026-07-09T09:05:00.000Z,70,32,18,0,true,false
2026-07-09T09:07:30.000Z,18,0,18,0,false,false
2026-07-09T09:10:00.000Z,74,35,18,0,true,false
2026-07-09T09:12:30.000Z,18,0,96,119,false,true
2026-07-09T09:15:00.000Z,73,42,18,0,true,false
2026-07-09T09:17:30.000Z,18,0,18,0,false,false
2026-07-09T09:20:00.000Z,78,44,18,0,true,false
2026-07-09T09:22:30.000Z,18,0,18,0,false,false
2026-07-09T09:25:00.000Z,78,41,18,0,true,false
2026-07-09T09:27:30.000Z,18,0,18,0,false,false
2026-07-09T09:30:00.000Z,76,49,18,0,true,false
2026-07-09T09:32:30.000Z,18,0,99,125,false,true
2026-07-09T09:35:00.000Z,72,49,18,0,true,false
2026-07-09T09:37:30.000Z,18,0,18,0,false,false
2026-07-09T09:40:00.000Z,73,45,18,0,true,false
2026-07-09T09:42:30.000Z,18,0,18,0,false,false
2026-07-09T09:45:00.000Z,73,25,18,0,true,false
2026-07-09T09:47:30.000Z,18,0,18,0,false,false
2026-07-09T09:50:00.000Z,71,48,97,132,true,true
2026-07-09T09:52:30.000Z,18,0,18,0,false,false
2026-07-09T09:55:00.000Z,81,38,18,0,true,false
2026-07-09T09:57:30.000Z,18,0,18,0,false,false
2026-07-09T10:00:00.000Z,74,50,18,0,true,false
2026-07-09T10:02:30.000Z,18,0,18,0,false,false
2026-07-09T10:05:00.000Z,79,47,98,129,true,true
2026-07-09T10:07:30.000Z,18,0,18,0,false,false
2026-07-09T10:10:00.000Z,74,38,18,0,true,false
2026-07-09T10:12:30.000Z,18,0,18,0,false,false
2026-07-09T10:15:00.000Z,84,38,18,0,true,false
2026-07-09T10:17:30.000Z,18,0,18,0,false,false
2026-07-09T10:20:00.000Z,80,36,18,0,true,false
2026-07-09T10:22:30.000Z,18,0,98,132,false,true
2026-07-09T10:25:00.000Z,77,34,18,0,true,false
2026-07-09T10:27:30.000Z,18,0,18,0,false,false
2026-07-09T10:30:00.000Z,77,45,18,0,true,false
2026-07-09T10:32:30.000Z,18,0,18,0,false,false
2026-07-09T10:35:00.000Z,78,42,18,0,true,false
2026-07-09T10:37:30.000Z,18,0,96,126,false,true
2026-07-09T10:40:00.000Z,78,32,18,0,true,false
2026-07-09T10:42:30.000Z,18,0,18,0,false,false
2026-07-09T10:45:00.000Z,82,39,18,0,true,false
2026-07-09T10:47:30.000Z,18,0,18,0,false,false
2026-07-09T10:50:00.000Z,77,32,18,0,true,false
2026-07-09T10:52:30.000Z,18,0,99,123,false,true
2026-07-09T10:55:00.000Z,18,0,18,0,false,false
2026-07-09T10:57:30.000Z,18,0,18,0,false,false
2026-07-09T11:00:00.000Z,82,26,18,0,true,false
2026-07-09T11:02:30.000Z,18,0,18,0,false,false
2026-07-09T11:05:00.000Z,78,66,18,0,true,false
2026-07-09T11:07:30.000Z,18,0,97,123,false,true
2026-07-09T11:10:00.000Z,75,25,18,0,true,false
2026-07-09T11:12:30.000Z,18,0,18,0,false,false
2026-07-09T11:15:00.000Z,78,35,18,0,true,false
2026-07-09T11:17:30.000Z,18,0,18,0,false,false
2026-07-09T11:20:00.000Z,78,49,18,0,true,false
2026-07-09T11:22:30.000Z,18,0,97,130,false,true
2026-07-09T11:25:00.000Z,79,30,18,0,true,false
2026-07-09T11:27:30.000Z,18,0,18,0,false,false
2026-07-09T11:30:00.000Z,81,28,18,0,true,false
2026-07-09T11:32:30.000Z,18,0,18,0,false,false
2026-07-09T11:35:00.000Z,82,32,18,0,true,false
2026-07-09T11:37:30.000Z,18,0,95,118,false,true
2026-07-09T11:40:00.000Z,75,54,18,0,true,false
2026-07-09T11:42:30.000Z,18,0,18,0,false,false
2026-07-09T11:45:00.000Z,76,35,18,0,true,false
2026-07-09T11:47:30.000Z,18,0,18,0,false,false
2026-07-09T11:50:00.000Z,77,39,18,0,true,false
2026-07-09T11:52:30.000Z,18,0,18,0,false,false
2026-07-09T11:55:00.000Z,83,45,18,0,true,false
2026-07-09T11:57:30.000Z,18,0,18,0,false,false
2026-07-09T12:00:00.000Z,81,37,18,0,true,false
2026-07-09T12:02:30.000Z,18,0,97,130,false,true
2026-07-09T12:05:00.000Z,83,56,18,0,true,false
2026-07-09T12:07:30.000Z,18,0,18,0,false,false
2026-07-09T12:10:00.000Z,79,41,18,0,true,false
2026-07-09T12:12:30.000Z,18,0,18,0,false,false
2026-07-09T12:15:00.000Z,76,39,18,0,true,false
2026-07-09T12:17:30.000Z,18,0,18,0,false,false
2026-07-09T12:20:00.000Z,78,37,98,133,true,true
2026-07-09T12:22:30.000Z,18,0,18,0,false,false
2026-07-09T12:25:00.000Z,81,82,18,0,true,false
2026-07-09T12:27:30.000Z,18,0,18,0,false,false
2026-07-09T12:30:00.000Z,83,38,18,0,true,false
2026-07-09T12:32:30.000Z,18,0,18,0,false,false
2026-07-09T12:35:00.000Z,80,47,18,0,true,false
2026-07-09T12:37:30.000Z,18,0,99,132,false,true
2026-07-09T12:40:00.000Z,83,46,18,0,true,false
2026-07-09T12:42:30.000Z,18,0,18,0,false,false
2026-07-09T12:45:00.000Z,79,65,18,0,true,false
2026-07-09T12:47:30.000Z,18,0,18,0,false,false
2026-07-09T12:50:00.000Z,95,33,18,0,true,false
2026-07-09T12:52:30.000Z,18,0,97,128,false,true
2026-07-09T12:55:00.000Z,77,51,18,0,true,false
2026-07-09T12:57:30.000Z,18,0,18,0,false,false
2026-07-09T13:00:00.000Z,79,31,18,0,true,false
2026-07-09T13:02:30.000Z,18,0,18,0,false,false
2026-07-09T13:05:00.000Z,74,49,95,120,true,true
2026-07-09T13:07:30.000Z,18,0,18,0,false,false
2026-07-09T13:10:00.000Z,80,45,18,0,true,false
2026-07-09T13:12:30.000Z,18,0,18,0,false,false
2026-07-09T13:15:00.000Z,82,32,18,0,true,false
2026-07-09T13:17:30.000Z,18,0,18,0,false,false
2026-07-09T13:20:00.000Z,84,42,18,0,true,false
2026-07-09T13:22:30.000Z,18,0,97,127,false,true
2026-07-09T13:25:00.000Z,83,38,18,0,true,false
2026-07-09T13:27:30.000Z,18,0,18,0,false,false
2026-07-09T13:30:00.000Z,78,55,18,0,true,false
2026-07-09T13:32:30.000Z,18,0,18,0,false,false
2026-07-09T13:35:00.000Z,83,27,18,0,true,false
2026-07-09T13:37:30.000Z,18,0,95,130,false,true
2026-07-09T13:40:00.000Z,83,40,18,0,true,false
2026-07-09T13:42:30.000Z,18,0,18,0,false,false
2026-07-09T13:45:00.000Z,79,45,18,0,true,false
2026-07-09T13:47:30.000Z,18,0,18,0,false,false
2026-07-09T13:50:00.000Z,84,33,18,0,true,false
2026-07-09T13:52:30.000Z,18,0,97,129,false,true
2026-07-09T13:55:00.000Z,81,42,18,0,true,false
2026-07-09T13:57:30.000Z,18,0,18,0,false,false
2026-07-09T14:00:00.000Z,85,41,18,0,true,false
2026-07-09T14:02:30.000Z,18,0,18,0,false,false
2026-07-09T14:05:00.000Z,84,28,18,0,true,false
2026-07-09T14:07:30.000Z,18,0,97,129,false,true
2026-07-09T14:10:00.000Z,84,41,18,0,true,false
2026-07-09T14:12:30.000Z,18,0,18,0,false,false
2026-07-09T14:15:00.000Z,84,41,18,0,true,false
2026-07-09T14:17:30.000Z,18,0,18,0,false,false
2026-07-09T14:20:00.000Z,80,52,18,0,true,false
2026-07-09T14:22:30.000Z,18,0,18,0,false,false
2026-07-09T14:25:00.000Z,78,38,96,123,true,true
2026-07-09T14:27:30.000Z,18,0,18,0,false,false
2026-07-09T14:30:00.000Z,84,34,18,0,true,false
2026-07-09T14:32:30.000Z,18,0,18,0,false,false
2026-07-09T14:35:00.000Z,84,35,18,0,true,false
2026-07-09T14:37:30.000Z,18,0,18,0,false,false
2026-07-09T14:40:00.000Z,81,58,18,0,true,false
2026-07-09T14:42:30.000Z,18,0,95,128,false,true
2026-07-09T14:45:00.000Z,84,36,18,0,true,false
2026-07-09T14:47:30.000Z,18,0,18,0,false,false
2026-07-09T14:50:00.000Z,89,27,18,0,true,false
2026-07-09T14:52:30.000Z,18,0,18,0,false,false
2026-07-09T14:55:00.000Z,87,45,18,0,true,false
2026-07-09T14:57:30.000Z,18,0,18,0,false,false
2026-07-09T15:00:00.000Z,83,35,18,0,true,false
2026-07-09T15:02:30.000Z,18,0,98,131,false,true
2026-07-09T15:05:00.000Z,81,61,18,0,true,false
2026-07-09T15:07:30.000Z,18,0,18,0,false,false
2026-07-09T15:10:00.000Z,81,40,18,0,true,false
2026-07-09T15:12:30.000Z,18,0,18,0,false,false
2026-07-09T15:15:00.000Z,80,45,18,0,true,false
2026-07-09T15:17:30.000Z,18,0,96,123,false,true
2026-07-09T15:20:00.000Z,84,41,18,0,true,false
2026-07-09T15:22:30.000Z,18,0,18,0,false,false
2026-07-09T15:25:00.000Z,89,33,18,0,true,false
2026-07-09T15:27:30.000Z,18,0,18,0,false,false
2026-07-09T15:30:00.000Z,84,27,18,0,true,false
2026-07-09T15:32:30.000Z,18,0,99,123,false,true
2026-07-09T15:35:00.000Z,18,0,18,0,false,false
2026-07-09T15:37:30.000Z,18,0,18,0,false,false
2026-07-09T15:40:00.000Z,83,52,18,0,true,false
2026-07-09T15:42:30.000Z,18,0,18,0,false,false
2026-07-09T15:45:00.000Z,84,55,18,0,true,false
2026-07-09T15:47:30.000Z,18,0,98,128,false,true
2026-07-09T15:50:00.000Z,82,35,18,0,true,false
2026-07-09T15:52:30.000Z,18,0,18,0,false,false
2026-07-09T15:55:00.000Z,83,47,18,0,true,false
2026-07-09T15:57:30.000Z,18,0,18,0,false,false
2026-07-09T16:00:00.000Z,81,25,18,0,true,false
2026-07-09T16:02:30.000Z,18,0,98,119,false,true
2026-07-09T16:05:00.000Z,81,46,18,0,true,false
2026-07-09T16:07:30.000Z,18,0,18,0,false,false
2026-07-09T16:10:00.000Z,81,25,18,0,true,false
2026-07-09T16:12:30.000Z,18,0,18,0,false,false
2026-07-09T16:15:00.000Z,84,62,18,0,true,false
2026-07-09T16:17:30.000Z,18,0,98,124,false,true
2026-07-09T16:20:00.000Z,81,53,18,0,true,false
2026-07-09T16:22:30.000Z,18,0,18,0,false,false
2026-07-09T16:25:00.000Z,77,41,18,0,true,false
2026-07-09T16:27:30.000Z,18,0,18,0,false,false
2026-07-09T16:30:00.000Z,80,69,18,0,true,false
2026-07-09T16:32:30.000Z,18,0,96,126,false,true
2026-07-09T16:35:00.000Z,80,48,18,0,true,false
2026-07-09T16:37:30.000Z,18,0,18,0,false,false
2026-07-09T16:40:00.000Z,79,33,18,0,true,false
2026-07-09T16:42:30.000Z,18,0,18,0,false,false
2026-07-09T16:45:00.000Z,79,43,18,0,true,false
2026-07-09T16:47:30.000Z,18,0,18,0,false,false
2026-07-09T16:50:00.000Z,77,36,97,135,true,true
2026-07-09T16:52:30.000Z,18,0,18,0,false,false
2026-07-09T16:55:00.000Z,85,31,18,0,true,false
2026-07-09T16:57:30.000Z,18,0,18,0,false,false
2026-07-09T17:00:00.000Z,78,34,18,0,true,false
2026-07-09T17:02:30.000Z,18,0,18,0,false,false
2026-07-09T17:05:00.000Z,79,45,95,125,true,true
2026-07-09T17:07:30.000Z,18,0,18,0,false,false
2026-07-09T17:10:00.000Z,78,58,18,0,true,false
2026-07-09T17:12:30.000Z,18,0,18,0,false,false
2026-07-09T17:15:00.000Z,78,44,96,128,true,true
2026-07-09T17:17:30.000Z,18,0,18,0,false,false
2026-07-09T17:20:00.000Z,77,47,18,0,true,false
2026-07-09T17:22:30.000Z,18,0,18,0,false,false
2026-07-09T17:25:00.000Z,78,32,18,0,true,false
2026-07-09T17:27:30.000Z,18,0,18,0,false,false
2026-07-09T17:30:00.000Z,79,45,97,130,true,true
2026-07-09T17:32:30.000Z,18,0,18,0,false,false
2026-07-09T17:35:00.000Z,83,43,18,0,true,false
2026-07-09T17:37:30.000Z,18,0,18,0,false,false
2026-07-09T17:40:00.000Z,79,41,18,0,true,false
2026-07-09T17:42:30.000Z,18,0,18,0,false,false
2026-07-09T17:45:00.000Z,79,37,18,0,true,false
2026-07-09T17:47:30.000Z,18,0,96,119,false,true
2026-07-09T17:50:00.000Z,81,46,18,0,true,false
2026-07-09T17:52:30.000Z,18,0,18,0,false,false
2026-07-09T17:55:00.000Z,79,43,18,0,true,false
2026-07-09T17:57:30.000Z,18,0,18,0,false,false
2026-07-09T18:00:00.000Z,80,38,18,0,true,false
2026-07-09T18:02:30.000Z,18,0,18,0,false,false
2026-07-09T18:05:00.000Z,74,60,97,130,true,true
2026-07-09T18:07:30.000Z,18,0,18,0,false,false
2026-07-09T18:10:00.000Z,75,44,18,0,true,false
2026-07-09T18:12:30.000Z,18,0,18,0,false,false
2026-07-09T18:15:00.000Z,79,32,18,0,true,false
2026-07-09T18:17:30.000Z,18,0,98,135,false,true
2026-07-09T18:20:00.000Z,76,43,18,0,true,false
2026-07-09T18:22:30.000Z,18,0,18,0,false,false
2026-07-09T18:25:00.000Z,84,39,18,0,true,false
2026-07-09T18:27:30.000Z,18,0,18,0,false,false
2026-07-09T18:30:00.000Z,86,40,18,0,true,false
2026-07-09T18:32:30.000Z,18,0,18,0,false,false
2026-07-09T18:35:00.000Z,73,46,96,133,true,true
2026-07-09T18:37:30.000Z,18,0,18,0,false,false
2026-07-09T18:40:00.000Z,77,40,18,0,true,false
2026-07-09T18:42:30.000Z,18,0,18,0,false,false
2026-07-09T18:45:00.000Z,77,28,18,0,true,false
2026-07-09T18:47:30.000Z,18,0,18,0,false,false
2026-07-09T18:50:00.000Z,82,33,18,0,true,false
2026-07-09T18:52:30.000Z,18,0,18,0,false,false
2026-07-09T18:55:00.000Z,80,51,95,112,true,true
2026-07-09T18:57:30.000Z,18,0,18,0,false,false
2026-07-09T19:00:00.000Z,107,26,18,0,true,false
2026-07-09T19:02:30.000Z,18,0,18,0,false,false
2026-07-09T19:05:00.000Z,78,63,18,0,true,false
2026-07-09T19:07:30.000Z,18,0,98,120,false,true
2026-07-09T19:10:00.000Z,79,37,18,0,true,false
2026-07-09T19:12:30.000Z,18,0,18,0,false,false
2026-07-09T19:15:00.000Z,103,33,18,0,true,false
2026-07-09T19:17:30.000Z,18,0,18,0,false,false
2026-07-09T19:20:00.000Z,74,69,18,0,true,false
2026-07-09T19:22:30.000Z,18,0,18,0,false,false
2026-07-09T19:25:00.000Z,73,54,18,0,true,false
2026-07-09T19:27:30.000Z,18,0,95,116,false,true
2026-07-09T19:30:00.000Z,80,39,18,0,true,false
2026-07-09T19:32:30.000Z,18,0,18,0,false,false
2026-07-09T19:35:00.000Z,77,49,18,0,true,false
2026-07-09T19:37:30.000Z,18,0,18,0,false,false
2026-07-09T19:40:00.000Z,78,58,18,0,true,false
2026-07-09T19:42:30.000Z,18,0,96,120,false,true
2026-07-09T19:45:00.000Z,92,45,18,0,true,false
2026-07-09T19:47:30.000Z,18,0,18,0,false,false
2026-07-09T19:50:00.000Z,18,0,18,0,false,false
2026-07-09T19:52:30.000Z,18,0,18,0,false,false
2026-07-09T19:55:00.000Z,76,36,18,0,true,false
2026-07-09T19:57:30.000Z,18,0,97,135,false,true
2026-07-09T21:00:00.000Z,72,48,96,118,true,true
2026-07-09T21:02:30.000Z,18,0,18,0,false,false
2026-07-09T21:05:00.000Z,75,63,18,0,true,false
2026-07-09T21:07:30.000Z,18,0,18,0,false,false
2026-07-09T21:10:00.000Z,73,47,18,0,true,false
2026-07-09T21:12:30.000Z,18,0,18,0,false,false
2026-07-09T21:15:00.000Z,65,63,97,123,true,true
2026-07-09T21:17:30.000Z,18,0,18,0,false,false
2026-07-09T21:20:00.000Z,75,48,18,0,true,false
2026-07-09T21:22:30.000Z,18,0,18,0,false,false
2026-07-09T21:25:00.000Z,76,57,18,0,true,false
2026-07-09T21:27:30.000Z,18,0,18,0,false,false
2026-07-09T21:30:00.000Z,77,55,97,127,true,true
2026-07-09T21:32:30.000Z,18,0,18,0,false,false
2026-07-09T21:35:00.000Z,75,44,18,0,true,false
2026-07-09T21:37:30.000Z,18,0,18,0,false,false
2026-07-09T21:40:00.000Z,73,38,18,0,true,false
2026-07-09T21:42:30.000Z,18,0,18,0,false,false
2026-07-09T21:45:00.000Z,81,46,18,0,true,false
2026-07-09T21:47:30.000Z,18,0,96,127,false,true
2026-07-09T21:50:00.000Z,69,59,18,0,true,false
2026-07-09T21:52:30.000Z,18,0,18,0,false,false
2026-07-09T21:55:00.000Z,77,41,18,0,true,false
2026-07-09T21:57:30.000Z,18,0,18,0,false,false
2026-07-09T22:00:00.000Z,72,33,18,0,true,false
2026-07-09T22:02:30.000Z,18,0,96,137,false,true
2026-07-09T22:05:00.000Z,69,50,18,0,true,false
2026-07-09T22:07:30.000Z,18,0,18,0,false,false
2026-07-09T22:10:00.000Z,73,44,18,0,true,false
2026-07-09T22:12:30.000Z,18,0,18,0,false,false
2026-07-09T22:15:00.000Z,74,29,18,0,true,false
2026-07-09T22:17:30.000Z,18,0,96,123,false,true
2026-07-09T22:20:00.000Z,76,31,18,0,true,false
2026-07-09T22:22:30.000Z,18,0,18,0,false,false
2026-07-09T22:25:00.000Z,61,46,18,0,true,false
2026-07-09T22:27:30.000Z,18,0,18,0,false,false
2026-07-09T22:30:00.000Z,70,59,18,0,true,false
2026-07-09T22:32:30.000Z,18,0,97,130,false,true
2026-07-09T22:35:00.000Z,99,35,18,0,true,false
2026-07-09T22:37:30.000Z,18,0,18,0,false,false
2026-07-09T22:40:00.000Z,18,0,18,0,false,false
2026-07-09T22:42:30.000Z,18,0,18,0,false,false
2026-07-09T22:45:00.000Z,73,36,18,0,true,false
2026-07-09T22:47:30.000Z,18,0,97,122,false,true
2026-07-09T22:50:00.000Z,73,55,18,0,true,false
2026-07-09T22:52:30.000Z,18,0,18,0,false,false
2026-07-09T22:55:00.000Z,71,68,18,0,true,false
2026-07-09T22:57:30.000Z,18,0,18,0,false,false
2026-07-09T23:00:00.000Z,61,71,18,0,true,false
2026-07-09T23:02:30.000Z,18,0,94,115,false,true
2026-07-09T23:05:00.000Z,55,59,18,0,true,false
2026-07-09T23:07:30.000Z,18,0,18,0,false,false
2026-07-09T23:10:00.000Z,54,63,18,0,true,false
2026-07-09T23:12:30.000Z,18,0,18,0,false,false
2026-07-09T23:15:00.000Z,62,47,18,0,true,false
2026-07-09T23:17:30.000Z,18,0,95,117,false,true
2026-07-09T23:20:00.000Z,54,64,18,0,true,false
2026-07-09T23:22:30.000Z,18,0,18,0,false,false
2026-07-09T23:25:00.000Z,60,51,18,0,true,false
2026-07-09T23:27:30.000Z,18,0,18,0,false,false
2026-07-09T23:30:00.000Z,56,76,18,0,true,false
2026-07-09T23:32:30.000Z,18,0,95,118,false,true
2026-07-09T23:35:00.000Z,57,66,18,0,true,false
2026-07-09T23:37:30.000Z,18,0,18,0,false,false
2026-07-09T23:40:00.000Z,61,48,18,0,true,false
2026-07-09T23:42:30.000Z,18,0,18,0,false,false
2026-07-09T23:45:00.000Z,62,59,18,0,true,false
2026-07-09T23:47:30.000Z,18,0,94,123,false,true
2026-07-09T23:50:00.000Z,58,60,18,0,true,false
2026-07-09T23:52:30.000Z,18,0,18,0,false,false
2026-07-09T23:55:00.000Z,60,36,18,0,true,false
2026-07-09T23:57:30.000Z,18,0,18,0,false,false
2026-07-10T00:00:00.000Z,59,48,18,0,true,false
2026-07-10T00:02:30.000Z,18,0,96,111,false,true
2026-07-10T00:05:00.000Z,57,74,18,0,true,false
2026-07-10T00:07:30.000Z,18,0,18,0,false,false
2026-07-10T00:10:00.000Z,60,59,18,0,true,false
2026-07-10T00:12:30.000Z,18,0,18,0,false,false
2026-07-10T00:15:00.000Z,57,70,18,0,true,false
2026-07-10T00:17:30.000Z,18,0,93,109,false,true
2026-07-10T00:20:00.000Z,56,86,18,0,true,false
2026-07-10T00:22:30.000Z,18,0,18,0,false,false
2026-07-10T00:25:00.000Z,59,68,18,0,true,false
2026-07-10T00:27:30.000Z,18,0,18,0,false,false
2026-07-10T00:30:00.000Z,56,92,18,0,true,false
2026-07-10T00:32:30.000Z,18,0,96,129,false,true
2026-07-10T00:35:00.000Z,56,60,18,0,true,false
2026-07-10T00:37:30.000Z,18,0,18,0,false,false
2026-07-10T00:40:00.000Z,58,47,18,0,true,false
2026-07-10T00:42:30.000Z,18,0,18,0,false,false
2026-07-10T00:45:00.000Z,56,45,18,0,true,false
2026-07-10T00:47:30.000Z,18,0,96,108,false,true
2026-07-10T00:50:00.000Z,60,55,18,0,true,false
2026-07-10T00:52:30.000Z,18,0,18,0,false,false
2026-07-10T00:55:00.000Z,59,55,18,0,true,false
2026-07-10T00:57:30.000Z,18,0,18,0,false,false
2026-07-10T01:00:00.000Z,56,57,18,0,true,false
2026-07-10T01:02:30.000Z,18,0,95,108,false,true
2026-07-10T01:05:00.000Z,60,49,18,0,true,false
2026-07-10T01:07:30.000Z,18,0,18,0,false,false
2026-07-10T01:10:00.000Z,59,39,18,0,true,false
2026-07-10T01:12:30.000Z,18,0,18,0,false,false
2026-07-10T01:15:00.000Z,57,71,18,0,true,false
2026-07-10T01:17:30.000Z,18,0,95,126,false,true
2026-07-10T01:20:00.000Z,54,65,18,0,true,false
2026-07-10T01:22:30.000Z,18,0,18,0,false,false
2026-07-10T01:25:00.000Z,18,0,18,0,false,false
2026-07-10T01:27:30.000Z,18,0,18,0,false,false
2026-07-10T01:30:00.000Z,60,98,18,0,true,false
2026-07-10T01:32:30.000Z,18,0,96,111,false,true
2026-07-10T01:35:00.000Z,53,56,18,0,true,false
2026-07-10T01:37:30.000Z,18,0,18,0,false,false
2026-07-10T01:40:00.000Z,58,53,18,0,true,false
2026-07-10T01:42:30.000Z,18,0,18,0,false,false
2026-07-10T01:45:00.000Z,59,64,18,0,true,false
2026-07-10T01:47:30.000Z,18,0,96,122,false,true
2026-07-10T01:50:00.000Z,58,68,18,0,true,false
2026-07-10T01:52:30.000Z,18,0,18,0,false,false
2026-07-10T01:55:00.000Z,60,77,18,0,true,false
2026-07-10T01:57:30.000Z,18,0,18,0,false,false
2026-07-10T02:00:00.000Z,56,40,18,0,true,false
2026-07-10T02:02:30.000Z,18,0,95,114,false,true
2026-07-10T02:05:00.000Z,59,74,18,0,true,false
2026-07-10T02:07:30.000Z,18,0,18,0,false,false
2026-07-10T02:10:00.000Z,57,51,18,0,true,false
2026-07-10T02:12:30.000Z,18,0,18,0,false,false
2026-07-10T02:15:00.000Z,56,54,18,0,true,false
2026-07-10T02:17:30.000Z,18,0,96,109,false,true
2026-07-10T02:20:00.000Z,56,93,18,0,true,false
2026-07-10T02:22:30.000Z,18,0,18,0,false,false
2026-07-10T02:25:00.000Z,56,55,18,0,true,false
2026-07-10T02:27:30.000Z,18,0,18,0,false,false
2026-07-10T02:30:00.000Z,56,64,18,0,true,false
2026-07-10T02:32:30.000Z,18,0,94,127,false,true
2026-07-10T02:35:00.000Z,58,49,18,0,true,false
2026-07-10T02:37:30.000Z,18,0,18,0,false,false
2026-07-10T02:40:00.000Z,60,80,18,0,true,false
2026-07-10T02:42:30.000Z,18,0,18,0,false,false
2026-07-10T02:45:00.000Z,62,49,18,0,true,false
2026-07-10T02:47:30.000Z,18,0,95,124,false,true
2026-07-10T02:50:00.000Z,55,56,18,0,true,false
2026-07-10T02:52:30.000Z,18,0,18,0,false,false
2026-07-10T02:55:00.000Z,56,83,18,0,true,false
2026-07-10T02:57:30.000Z,18,0,18,0,false,false
2026-07-10T03:00:00.000Z,55,67,18,0,true,false
2026-07-10T03:02:30.000Z,18,0,96,121,false,true
2026-07-10T03:05:00.000Z,58,40,18,0,true,false
2026-07-10T03:07:30.000Z,18,0,18,0,false,false
2026-07-10T03:10:00.000Z,61,63,18,0,true,false
2026-07-10T03:12:30.000Z,18,0,18,0,false,false
2026-07-10T03:15:00.000Z,58,66,18,0,true,false
2026-07-10T03:17:30.000Z,18,0,92,128,false,true
2026-07-10T03:20:00.000Z,58,59,18,0,true,false
2026-07-10T03:22:30.000Z,18,0,18,0,false,false
2026-07-10T03:25:00.000Z,58,63,18,0,true,false
2026-07-10T03:27:30.000Z,18,0,18,0,false,false
2026-07-10T03:30:00.000Z,61,50,18,0,true,false
2026-07-10T03:32:30.000Z,18,0,92,112,false,true
2026-07-10T03:35:00.000Z,59,68,18,0,true,false
2026-07-10T03:37:30.000Z,18,0,18,0,false,false
2026-07-10T03:40:00.000Z,56,65,18,0,true,false
2026-07-10T03:42:30.000Z,18,0,18,0,false,false
2026-07-10T03:45:00.000Z,60,65,18,0,true,false
2026-07-10T03:47:30.000Z,18,0,94,122,false,true
2026-07-10T03:50:00.000Z,57,96,18,0,true,false
2026-07-10T03:52:30.000Z,18,0,18,0,false,false
2026-07-10T03:55:00.000Z,57,43,18,0,true,false
2026-07-10T03:57:30.000Z,18,0,18,0,false,false
2026-07-10T04:00:00.000Z,57,65,18,0,true,false
2026-07-10T04:02:30.000Z,18,0,95,119,false,true
2026-07-10T04:05:00.000Z,55,50,18,0,true,false
2026-07-10T04:07:30.000Z,18,0,18,0,false,false
2026-07-10T04:10:00.000Z,57,87,18,0,true,false
2026-07-10T04:12:30.000Z,18,0,18,0,false,false
2026-07-10T04:15:00.000Z,18,0,18,0,false,false
2026-07-10T04:17:30.000Z,18,0,94,108,false,true
2026-07-10T04:20:00.000Z,57,46,18,0,true,false
2026-07-10T04:22:30.000Z,18,0,18,0,false,false
2026-07-10T04:25:00.000Z,58,41,18,0,true,false
2026-07-10T04:27:30.000Z,18,0,18,0,false,false
2026-07-10T04:30:00.000Z,57,65,18,0,true,false
2026-07-10T04:32:30.000Z,18,0,97,126,false,true
2026-07-10T04:35:00.000Z,57,60,18,0,true,false
2026-07-10T04:37:30.000Z,18,0,18,0,false,false
2026-07-10T04:40:00.000Z,53,63,18,0,true,false
2026-07-10T04:42:30.000Z,18,0,18,0,false,false
2026-07-10T04:45:00.000Z,57,45,18,0,true,false
2026-07-10T04:47:30.000Z,18,0,97,121,false,true
2026-07-10T04:50:00.000Z,57,55,18,0,true,false
2026-07-10T04:52:30.000Z,18,0,18,0,false,false
2026-07-10T04:55:00.000Z,61,41,18,0,true,false
2026-07-10T04:57:30.000Z,18,0,18,0,false,false
2026-07-10T05:00:00.000Z,60,104,18,0,true,false
2026-07-10T05:02:30.000Z,18,0,95,126,false,true
2026-07-10T05:05:00.000Z,58,50,18,0,true,false
2026-07-10T05:07:30.000Z,18,0,18,0,false,false
2026-07-10T05:10:00.000Z,58,102,18,0,true,false
2026-07-10T05:12:30.000Z,18,0,18,0,false,false
2026-07-10T05:15:00.000Z,56,60,18,0,true,false
2026-07-10T05:17:30.000Z,18,0,18,0,false,false
2026-07-10T05:20:00.000Z,58,59,18,0,true,false
2026-07-10T05:22:30.000Z,18,0,18,0,false,false
2026-07-10T05:25:00.000Z,58,55,18,0,true,false
2026-07-10T05:27:30.000Z,18,0,18,0,false,false
2026-07-10T05:30:00.000Z,56,39,18,0,true,false
2026-07-10T05:32:30.000Z,18,0,97,128,false,true
2026-07-10T05:35:00.000Z,55,49,18,0,true,false
2026-07-10T05:37:30.000Z,18,0,18,0,false,false
2026-07-10T05:40:00.000Z,56,49,18,0,true,false
2026-07-10T05:42:30.000Z,18,0,18,0,false,false
2026-07-10T05:45:00.000Z,59,58,18,0,true,false
2026-07-10T05:47:30.000Z,18,0,18,0,false,false
2026-07-10T05:50:00.000Z,57,61,18,0,true,false
2026-07-10T05:52:30.000Z,18,0,18,0,false,false
2026-07-10T05:55:00.000Z,60,54,18,0,true,false
2026-07-10T05:57:30.000Z,18,0,18,0,false,false
2026-07-10T06:00:00.000Z,58,51,18,0,true,false
2026-07-10T06:02:30.000Z,18,0,90,124,false,true
2026-07-10T06:05:00.000Z,18,0,18,0,false,false
2026-07-10T06:07:30.000Z,18,0,18,0,false,false
2026-07-10T06:10:00.000Z,63,71,18,0,true,false
2026-07-10T06:12:30.000Z,18,0,18,0,false,false
2026-07-10T06:15:00.000Z,57,57,18,0,true,false
2026-07-10T06:17:30.000Z,18,0,93,118,false,true
2026-07-10T06:20:00.000Z,57,81,18,0,true,false
2026-07-10T06:22:30.000Z,18,0,18,0,false,false
2026-07-10T06:25:00.000Z,59,38,18,0,true,false
2026-07-10T06:27:30.000Z,18,0,18,0,false,false
2026-07-10T06:30:00.000Z,60,60,18,0,true,false
2026-07-10T06:32:30.000Z,18,0,96,122,false,true
2026-07-10T06:35:00.000Z,58,99,18,0,true,false
2026-07-10T06:37:30.000Z,18,0,18,0,false,false
2026-07-10T06:40:00.000Z,55,54,18,0,true,false
2026-07-10T06:42:30.000Z,18,0,18,0,false,false
2026-07-10T06:45:00.000Z,59,68,18,0,true,false
2026-07-10T06:47:30.000Z,18,0,97,132,false,true
2026-07-10T06:50:00.000Z,57,34,18,0,true,false
2026-07-10T06:52:30.000Z,18,0,18,0,false,false
2026-07-10T06:55:00.000Z,56,49,18,0,true,false
2026-07-10T06:57:30.000Z,18,0,18,0,false,false
2026-07-10T07:00:00.000Z,72,45,18,0,true,false
2026-07-10T07:02:30.000Z,18,0,96,124,false,true
2026-07-10T07:05:00.000Z,69,37,18,0,true,false
2026-07-10T07:07:30.000Z,18,0,18,0,false,false
2026-07-10T07:10:00.000Z,69,40,18,0,true,false
2026-07-10T07:12:30.000Z,18,0,18,0,false,false
2026-07-10T07:15:00.000Z,66,51,18,0,true,false
2026-07-10T07:17:30.000Z,18,0,18,0,false,false
2026-07-10T07:20:00.000Z,70,58,96,115,true,true
2026-07-10T07:22:30.000Z,18,0,18,0,false,false
2026-07-10T07:25:00.000Z,70,41,18,0,true,false
2026-07-10T07:27:30.000Z,18,0,18,0,false,false
2026-07-10T07:30:00.000Z,71,45,18,0,true,false
2026-07-10T07:32:30.000Z,18,0,18,0,false,false
2026-07-10T07:35:00.000Z,72,58,96,134,true,true
2026-07-10T07:37:30.000Z,18,0,18,0,false,false
2026-07-10T07:40:00.000Z,98,30,18,0,true,false
2026-07-10T07:42:30.000Z,18,0,18,0,false,false
2026-07-10T07:45:00.000Z,73,35,18,0,true,false
2026-07-10T07:47:30.000Z,18,0,18,0,false,false
2026-07-10T07:50:00.000Z,65,46,97,121,true,true
2026-07-10T07:52:30.000Z,18,0,18,0,false,false
2026-07-10T07:55:00.000Z,91,36,18,0,true,false
2026-07-10T07:57:30.000Z,18,0,18,0,false,false
2026-07-10T08:00:00.000Z,76,34,18,0,true,false
2026-07-10T08:02:30.000Z,18,0,18,0,false,false
2026-07-10T08:05:00.000Z,75,59,18,0,true,false
2026-07-10T08:07:30.000Z,18,0,97,126,false,true
2026-07-10T08:10:00.000Z,74,64,18,0,true,false
2026-07-10T08:12:30.000Z,18,0,18,0,false,false
2026-07-10T08:15:00.000Z,72,37,18,0,true,false
2026-07-10T08:17:30.000Z,18,0,18,0,false,false
2026-07-10T08:20:00.000Z,70,46,18,0,true,false
2026-07-10T08:22:30.000Z,18,0,18,0,false,false
2026-07-10T08:25:00.000Z,69,49,96,128,true,true
2026-07-10T08:27:30.000Z,18,0,18,0,false,false
2026-07-10T08:30:00.000Z,71,66,18,0,true,false
2026-07-10T08:32:30.000Z,18,0,18,0,false,false
2026-07-10T08:35:00.000Z,75,27,96,123,true,true
2026-07-10T08:37:30.000Z,18,0,18,0,false,false
2026-07-10T08:40:00.000Z,72,44,18,0,true,false
2026-07-10T08:42:30.000Z,18,0,18,0,false,false
2026-07-10T08:45:00.000Z,74,49,18,0,true,false
2026-07-10T08:47:30.000Z,18,0,18,0,false,false
2026-07-10T08:50:00.000Z,71,27,98,123,true,true
2026-07-10T08:52:30.000Z,18,0,18,0,false,false
2026-07-10T08:55:00.000Z,74,63,18,0,true,false
2026-07-10T08:57:30.000Z,18,0,18,0,false,false
2026-07-10T09:00:00.000Z,71,44,18,0,true,false
2026-07-10T09:02:30.000Z,18,0,18,0,false,false
2026-07-10T09:05:00.000Z,72,36,96,128,true,true
2026-07-10T09:07:30.000Z,18,0,18,0,false,false
2026-07-10T09:10:00.000Z,74,50,18,0,true,false
2026-07-10T09:12:30.000Z,18,0,18,0,false,false
2026-07-10T09:15:00.000Z,77,38,18,0,true,false
2026-07-10T09:17:30.000Z,18,0,18,0,false,false
2026-07-10T09:20:00.000Z,75,36,97,126,true,true
2026-07-10T09:22:30.000Z,18,0,18,0,false,false
2026-07-10T09:25:00.000Z,98,58,18,0,true,false
2026-07-10T09:27:30.000Z,18,0,18,0,false,false
2026-07-10T09:30:00.000Z,75,34,18,0,true,false
2026-07-10T09:32:30.000Z,18,0,18,0,false,false
2026-07-10T09:35:00.000Z,75,45,98,128,true,true
2026-07-10T09:37:30.000Z,18,0,18,0,false,false
2026-07-10T09:40:00.000Z,80,38,18,0,true,false
2026-07-10T09:42:30.000Z,18,0,18,0,false,false
2026-07-10T09:45:00.000Z,73,36,18,0,true,false
2026-07-10T09:47:30.000Z,18,0,18,0,false,false
2026-07-10T09:50:00.000Z,79,29,97,117,true,true
2026-07-10T09:52:30.000Z,18,0,18,0,false,false
2026-07-10T09:55:00.000Z,82,26,18,0,true,false
2026-07-10T09:57:30.000Z,18,0,18,0,false,false
2026-07-10T10:00:00.000Z,76,70,18,0,true,false
2026-07-10T10:02:30.000Z,18,0,98,124,false,true
2026-07-10T10:05:00.000Z,78,43,18,0,true,false
2026-07-10T10:07:30.000Z,18,0,18,0,false,false
2026-07-10T10:10:00.000Z,78,36,18,0,true,false
2026-07-10T10:12:30.000Z,18,0,18,0,false,false
2026-07-10T10:15:00.000Z,76,30,18,0,true,false
2026-07-10T10:17:30.000Z,18,0,18,0,false,false
2026-07-10T10:20:00.000Z,86,37,18,0,true,false
2026-07-10T10:22:30.000Z,18,0,18,0,false,false
2026-07-10T10:25:00.000Z,81,57,98,124,true,true
2026-07-10T10:27:30.000Z,18,0,18,0,false,false
2026-07-10T10:30:00.000Z,74,43,18,0,true,false
2026-07-10T10:32:30.000Z,18,0,18,0,false,false
2026-07-10T10:35:00.000Z,18,0,18,0,false,false
2026-07-10T10:37:30.000Z,18,0,18,0,false,false
2026-07-10T10:40:00.000Z,78,35,96,125,true,true
2026-07-10T10:42:30.000Z,18,0,18,0,false,false
2026-07-10T10:45:00.000Z,107,35,18,0,true,false
2026-07-10T10:47:30.000Z,18,0,18,0,false,false
2026-07-10T10:50:00.000Z,77,45,18,0,true,false
2026-07-10T10:52:30.000Z,18,0,18,0,false,false
2026-07-10T10:55:00.000Z,77,57,18,0,true,false
2026-07-10T10:57:30.000Z,18,0,96,130,false,true
2026-07-10T11:00:00.000Z,18,0,18,0,false,false
2026-07-10T11:02:30.000Z,18,0,18,0,false,false
2026-07-10T11:05:00.000Z,77,54,18,0,true,false
2026-07-10T11:07:30.000Z,18,0,18,0,false,false
2026-07-10T11:10:00.000Z,74,41,18,0,true,false
2026-07-10T11:12:30.000Z,18,0,96,130,false,true
2026-07-10T11:15:00.000Z,80,23,18,0,true,false
2026-07-10T11:17:30.000Z,18,0,18,0,false,false
2026-07-10T11:20:00.000Z,81,40,18,0,true,false
2026-07-10T11:22:30.000Z,18,0,18,0,false,false
2026-07-10T11:25:00.000Z,81,45,18,0,true,false
2026-07-10T11:27:30.000Z,18,0,18,0,false,false
2026-07-10T11:30:00.000Z,79,53,93,124,true,true
2026-07-10T11:32:30.000Z,18,0,18,0,false,false
2026-07-10T11:35:00.000Z,83,43,18,0,true,false
2026-07-10T11:37:30.000Z,18,0,18,0,false,false
2026-07-10T11:40:00.000Z,87,27,95,124,true,true
2026-07-10T11:42:30.000Z,18,0,18,0,false,false
2026-07-10T11:45:00.000Z,76,50,18,0,true,false
2026-07-10T11:47:30.000Z,18,0,18,0,false,false
2026-07-10T11:50:00.000Z,75,32,18,0,true,false
2026-07-10T11:52:30.000Z,18,0,18,0,false,false
2026-07-10T11:55:00.000Z,82,40,98,119,true,true
2026-07-10T11:57:30.000Z,18,0,18,0,false,false
2026-07-10T12:00:00.000Z,85,46,18,0,true,false
2026-07-10T12:02:30.000Z,18,0,18,0,false,false
2026-07-10T12:05:00.000Z,81,43,18,0,true,false
2026-07-10T12:07:30.000Z,18,0,18,0,false,false
2026-07-10T12:10:00.000Z,77,47,18,0,true,false
2026-07-10T12:12:30.000Z,18,0,18,0,false,false
2026-07-10T12:15:00.000Z,85,50,18,0,true,false
2026-07-10T12:17:30.000Z,18,0,98,122,false,true
2026-07-10T12:20:00.000Z,81,38,18,0,true,false
2026-07-10T12:22:30.000Z,18,0,18,0,false,false
2026-07-10T12:25:00.000Z,79,41,18,0,true,false
2026-07-10T12:27:30.000Z,18,0,18,0,false,false
2026-07-10T12:30:00.000Z,18,0,18,0,false,false
2026-07-10T12:32:30.000Z,18,0,97,125,false,true
2026-07-10T12:35:00.000Z,78,52,18,0,true,false
2026-07-10T12:37:30.000Z,18,0,18,0,false,false
2026-07-10T12:40:00.000Z,107,24,18,0,true,false
2026-07-10T12:42:30.000Z,18,0,94,124,false,true
2026-07-10T12:45:00.000Z,81,21,18,0,true,false
2026-07-10T12:47:30.000Z,18,0,18,0,false,false
2026-07-10T12:50:00.000Z,79,38,18,0,true,false
2026-07-10T12:52:30.000Z,18,0,18,0,false,false
2026-07-10T12:55:00.000Z,18,0,18,0,false,false
2026-07-10T12:57:30.000Z,18,0,95,134,false,true
2026-07-10T13:00:00.000Z,80,33,18,0,true,false
2026-07-10T13:02:30.000Z,18,0,18,0,false,false
2026-07-10T13:05:00.000Z,77,54,18,0,true,false
2026-07-10T13:07:30.000Z,18,0,95,119,false,true
2026-07-10T13:10:00.000Z,84,43,18,0,true,false
2026-07-10T13:12:30.000Z,18,0,18,0,false,false
2026-07-10T13:15:00.000Z,87,39,18,0,true,false
2026-07-10T13:17:30.000Z,18,0,18,0,false,false
2026-07-10T13:20:00.000Z,79,33,18,0,true,false
2026-07-10T13:22:30.000Z,18,0,95,113,false,true
2026-07-10T13:25:00.000Z,77,48,18,0,true,false
2026-07-10T13:27:30.000Z,18,0,18,0,false,false
2026-07-10T13:30:00.000Z,78,38,18,0,true,false
2026-07-10T13:32:30.000Z,18,0,18,0,false,false
2026-07-10T13:35:00.000Z,77,37,18,0,true,false
2026-07-10T13:37:30.000Z,18,0,96,127,false,true
2026-07-10T13:40:00.000Z,87,29,18,0,true,false
2026-07-10T13:42:30.000Z,18,0,18,0,false,false
2026-07-10T13:45:00.000Z,82,45,18,0,true,false
2026-07-10T13:47:30.000Z,18,0,18,0,false,false
2026-07-10T13:50:00.000Z,83,38,18,0,true,false
2026-07-10T13:52:30.000Z,18,0,96,138,false,true
2026-07-10T13:55:00.000Z,78,60,18,0,true,false
2026-07-10T13:57:30.000Z,18,0,18,0,false,false
2026-07-10T14:00:00.000Z,82,71,18,0,true,false
2026-07-10T14:02:30.000Z,18,0,18,0,false,false
2026-07-10T14:05:00.000Z,85,45,18,0,true,false
2026-07-10T14:07:30.000Z,18,0,96,129,false,true
2026-07-10T14:10:00.000Z,81,30,18,0,true,false
2026-07-10T14:12:30.000Z,18,0,18,0,false,false
2026-07-10T14:15:00.000Z,100,36,18,0,true,false
2026-07-10T14:17:30.000Z,18,0,96,132,false,true
2026-07-10T14:20:00.000Z,78,45,18,0,true,false
2026-07-10T14:22:30.000Z,18,0,18,0,false,false
2026-07-10T14:25:00.000Z,79,50,18,0,true,false
2026-07-10T14:27:30.000Z,18,0,18,0,false,false
2026-07-10T14:30:00.000Z,83,41,18,0,true,false
2026-07-10T14:32:30.000Z,18,0,18,0,false,false
2026-07-10T14:35:00.000Z,83,51,95,135,true,true
2026-07-10T14:37:30.000Z,18,0,18,0,false,false
2026-07-10T14:40:00.000Z,83,39,18,0,true,false
2026-07-10T14:42:30.000Z,18,0,18,0,false,false
2026-07-10T14:45:00.000Z,80,57,18,0,true,false
2026-07-10T14:47:30.000Z,18,0,96,129,false,true
2026-07-10T14:50:00.000Z,83,32,18,0,true,false
2026-07-10T14:52:30.000Z,18,0,18,0,false,false
2026-07-10T14:55:00.000Z,86,34,18,0,true,false
2026-07-10T14:57:30.000Z,18,0,18,0,false,false
2026-07-10T15:00:00.000Z,85,29,18,0,true,false
2026-07-10T15:02:30.000Z,18,0,95,127,false,true
2026-07-10T15:05:00.000Z,81,58,18,0,true,false
2026-07-10T15:07:30.000Z,18,0,18,0,false,false
2026-07-10T15:10:00.000Z,81,47,18,0,true,false
2026-07-10T15:12:30.000Z,18,0,18,0,false,false
2026-07-10T15:15:00.000Z,82,39,18,0,true,false
2026-07-10T15:17:30.000Z,18,0,18,0,false,false
2026-07-10T15:20:00.000Z,79,26,99,111,true,true
2026-07-10T15:22:30.000Z,18,0,18,0,false,false
2026-07-10T15:25:00.000Z,107,36,18,0,true,false
2026-07-10T15:27:30.000Z,18,0,18,0,false,false
2026-07-10T15:30:00.000Z,80,72,18,0,true,false
2026-07-10T15:32:30.000Z,18,0,18,0,false,false
2026-07-10T15:35:00.000Z,82,21,98,133,true,true
2026-07-10T15:37:30.000Z,18,0,18,0,false,false
2026-07-10T15:40:00.000Z,81,46,18,0,true,false
2026-07-10T15:42:30.000Z,18,0,18,0,false,false
2026-07-10T15:45:00.000Z,85,45,97,131,true,true
2026-07-10T15:47:30.000Z,18,0,18,0,false,false
2026-07-10T15:50:00.000Z,85,36,18,0,true,false
2026-07-10T15:52:30.000Z,18,0,18,0,false,false
2026-07-10T15:55:00.000Z,84,30,95,117,true,true
2026-07-10T15:57:30.000Z,18,0,18,0,false,false
2026-07-10T16:00:00.000Z,82,33,18,0,true,false
2026-07-10T16:02:30.000Z,18,0,18,0,false,false
2026-07-10T16:05:00.000Z,76,39,18,0,true,false
2026-07-10T16:07:30.000Z,18,0,18,0,false,false
2026-07-10T16:10:00.000Z,103,38,96,122,true,true
2026-07-10T16:12:30.000Z,18,0,18,0,false,false
2026-07-10T16:15:00.000Z,88,35,18,0,true,false
2026-07-10T16:17:30.000Z,18,0,18,0,false,false
2026-07-10T16:20:00.000Z,84,34,18,0,true,false
2026-07-10T16:22:30.000Z,18,0,18,0,false,false
2026-07-10T16:25:00.000Z,79,38,97,141,true,true
2026-07-10T16:27:30.000Z,18,0,18,0,false,false
2026-07-10T16:30:00.000Z,79,36,18,0,true,false
2026-07-10T16:32:30.000Z,18,0,18,0,false,false
2026-07-10T16:35:00.000Z,86,43,18,0,true,false
2026-07-10T16:37:30.000Z,18,0,18,0,false,false
2026-07-10T16:40:00.000Z,80,42,98,125,true,true
2026-07-10T16:42:30.000Z,18,0,18,0,false,false
2026-07-10T16:45:00.000Z,77,66,18,0,true,false
2026-07-10T16:47:30.000Z,18,0,18,0,false,false
2026-07-10T16:50:00.000Z,81,64,95,121,true,true
2026-07-10T16:52:30.000Z,18,0,18,0,false,false
2026-07-10T16:55:00.000Z,83,38,18,0,true,false
2026-07-10T16:57:30.000Z,18,0,18,0,false,false
2026-07-10T17:00:00.000Z,83,30,18,0,true,false
2026-07-10T17:02:30.000Z,18,0,18,0,false,false
2026-07-10T17:05:00.000Z,81,37,98,136,true,true
2026-07-10T17:07:30.000Z,18,0,18,0,false,false
2026-07-10T17:10:00.000Z,83,50,18,0,true,false
2026-07-10T17:12:30.000Z,18,0,18,0,false,false
2026-07-10T17:15:00.000Z,79,34,18,0,true,false
2026-07-10T17:17:30.000Z,18,0,18,0,false,false
2026-07-10T17:20:00.000Z,84,41,98,128,true,true
2026-07-10T17:22:30.000Z,18,0,18,0,false,false
2026-07-10T17:25:00.000Z,81,34,18,0,true,false
2026-07-10T17:27:30.000Z,18,0,18,0,false,false
2026-07-10T17:30:00.000Z,79,64,97,131,true,true
2026-07-10T17:32:30.000Z,18,0,18,0,false,false
2026-07-10T17:35:00.000Z,78,38,18,0,true,false
2026-07-10T17:37:30.000Z,18,0,18,0,false,false
2026-07-10T17:40:00.000Z,83,46,18,0,true,false
2026-07-10T17:42:30.000Z,18,0,18,0,false,false
2026-07-10T17:45:00.000Z,77,53,18,0,true,false
2026-07-10T17:47:30.000Z,18,0,97,138,false,true
2026-07-10T17:50:00.000Z,80,39,18,0,true,false
2026-07-10T17:52:30.000Z,18,0,18,0,false,false
2026-07-10T17:55:00.000Z,85,47,18,0,true,false
2026-07-10T17:57:30.000Z,18,0,18,0,false,false
2026-07-10T18:00:00.000Z,81,33,18,0,true,false
2026-07-10T18:02:30.000Z,18,0,97,130,false,true
2026-07-10T18:05:00.000Z,80,37,18,0,true,false
2026-07-10T18:07:30.000Z,18,0,18,0,false,false
2026-07-10T18:10:00.000Z,82,49,18,0,true,false
2026-07-10T18:12:30.000Z,18,0,18,0,false,false
2026-07-10T18:15:00.000Z,78,37,18,0,true,false
2026-07-10T18:17:30.000Z,18,0,18,0,false,false
2026-07-10T18:20:00.000Z,79,38,96,141,true,true
2026-07-10T18:22:30.000Z,18,0,18,0,false,false
2026-07-10T18:25:00.000Z,79,44,18,0,true,false
2026-07-10T18:27:30.000Z,18,0,18,0,false,false
2026-07-10T18:30:00.000Z,80,32,18,0,true,false
2026-07-10T18:32:30.000Z,18,0,18,0,false,false
2026-07-10T18:35:00.000Z,75,39,18,0,true,false
2026-07-10T18:37:30.000Z,18,0,18,0,false,false
2026-07-10T18:40:00.000Z,80,31,96,123,true,true
2026-07-10T18:42:30.000Z,18,0,18,0,false,false
2026-07-10T18:45:00.000Z,80,50,18,0,true,false
2026-07-10T18:47:30.000Z,18,0,18,0,false,false
2026-07-10T18:50:00.000Z,78,47,18,0,true,false
2026-07-10T18:52:30.000Z,18,0,18,0,false,false
2026-07-10T18:55:00.000Z,78,55,18,0,true,false
2026-07-10T18:57:30.000Z,18,0,18,0,false,false
2026-07-10T19:00:00.000Z,81,38,18,0,true,false
2026-07-10T19:02:30.000Z,18,0,18,0,false,false
2026-07-10T19:05:00.000Z,78,36,18,0,true,false
2026-07-10T19:07:30.000Z,18,0,18,0,false,false
2026-07-10T19:10:00.000Z,75,54,18,0,true,false
2026-07-10T19:12:30.000Z,18,0,97,135,false,true
2026-07-10T19:15:00.000Z,81,60,18,0,true,false
2026-07-10T19:17:30.000Z,18,0,18,0,false,false
2026-07-10T19:20:00.000Z,79,35,18,0,true,false
2026-07-10T19:22:30.000Z,18,0,18,0,false,false
2026-07-10T19:25:00.000Z,84,34,18,0,true,false
2026-07-10T19:27:30.000Z,18,0,96,129,false,true
2026-07-10T19:30:00.000Z,78,27,18,0,true,false
2026-07-10T19:32:30.000Z,18,0,18,0,false,false
2026-07-10T19:35:00.000Z,76,47,18,0,true,false
2026-07-10T19:37:30.000Z,18,0,18,0,false,false
2026-07-10T19:40:00.000Z,82,33,18,0,true,false
2026-07-10T19:42:30.000Z,18,0,96,132,false,true
2026-07-10T19:45:00.000Z,75,36,18,0,true,false
2026-07-10T19:47:30.000Z,18,0,18,0,false,false
2026-07-10T19:50:00.000Z,82,41,18,0,true,false
2026-07-10T19:52:30.000Z,18,0,18,0,false,false
2026-07-10T19:55:00.000Z,79,40,96,122,true,true
2026-07-10T19:57:30.000Z,18,0,18,0,false,false
2026-07-10T20:00:00.000Z,77,46,18,0,true,false
2026-07-10T20:02:30.000Z,18,0,18,0,false,false
2026-07-10T20:05:00.000Z,82,47,18,0,true,false
2026-07-10T20:07:30.000Z,18,0,18,0,false,false
2026-07-10T20:10:00.000Z,76,66,98,125,true,true
2026-07-10T20:12:30.000Z,18,0,18,0,false,false
2026-07-10T20:15:00.000Z,78,44,18,0,true,false
2026-07-10T20:17:30.000Z,18,0,18,0,false,false
2026-07-10T20:20:00.000Z,77,63,18,0,true,false
2026-07-10T20:22:30.000Z,18,0,18,0,false,false
2026-07-10T20:25:00.000Z,81,48,96,123,true,true
2026-07-10T20:27:30.000Z,18,0,18,0,false,false
2026-07-10T20:30:00.000Z,78,39,18,0,true,false
2026-07-10T20:32:30.000Z,18,0,18,0,false,false
2026-07-10T20:35:00.000Z,76,38,18,0,true,false
2026-07-10T20:37:30.000Z,18,0,98,129,false,true
2026-07-10T20:40:00.000Z,73,78,18,0,true,false
2026-07-10T20:42:30.000Z,18,0,18,0,false,false
2026-07-10T20:45:00.000Z,79,42,18,0,true,false
2026-07-10T20:47:30.000Z,18,0,18,0,false,false
2026-07-10T20:50:00.000Z,70,61,18,0,true,false
2026-07-10T20:52:30.000Z,18,0,18,0,false,false
2026-07-10T20:55:00.000Z,78,39,96,130,true,true
2026-07-10T20:57:30.000Z,18,0,18,0,false,false
2026-07-10T21:00:00.000Z,76,56,18,0,true,false
2026-07-10T21:02:30.000Z,18,0,18,0,false,false
2026-07-10T21:05:00.000Z,76,39,18,0,true,false
2026-07-10T21:07:30.000Z,18,0,18,0,false,false
2026-07-10T21:10:00.000Z,70,42,98,119,true,true
2026-07-10T21:12:30.000Z,18,0,18,0,false,false
2026-07-10T21:15:00.000Z,76,32,18,0,true,false
2026-07-10T21:17:30.000Z,18,0,18,0,false,false
2026-07-10T21:20:00.000Z,18,0,18,0,false,false
2026-07-10T21:22:30.000Z,18,0,18,0,false,false
2026-07-10T21:25:00.000Z,75,56,97,134,true,true
2026-07-10T21:27:30.000Z,18,0,18,0,false,false
2026-07-10T21:30:00.000Z,75,41,18,0,true,false
2026-07-10T21:32:30.000Z,18,0,18,0,false,false
2026-07-10T21:35:00.000Z,77,31,18,0,true,false
2026-07-10T21:37:30.000Z,18,0,18,0,false,false
2026-07-10T21:40:00.000Z,74,30,97,138,true,true
2026-07-10T21:42:30.000Z,18,0,18,0,false,false
2026-07-10T21:45:00.000Z,77,53,18,0,true,false
2026-07-10T21:47:30.000Z,18,0,18,0,false,false
2026-07-10T21:50:00.000Z,69,40,18,0,true,false
2026-07-10T21:52:30.000Z,18,0,18,0,false,false
2026-07-10T21:55:00.000Z,74,38,18,0,true,false
2026-07-10T21:57:30.000Z,18,0,97,136,false,true
2026-07-10T22:00:00.000Z,73,40,18,0,true,false
2026-07-10T22:02:30.000Z,18,0,18,0,false,false
2026-07-10T22:05:00.000Z,68,49,18,0,true,false
2026-07-10T22:07:30.000Z,18,0,98,122,false,true
2026-07-10T22:10:00.000Z,75,40,18,0,true,false
2026-07-10T22:12:30.000Z,18,0,18,0,false,false
2026-07-10T22:15:00.000Z,89,32,18,0,true,false
2026-07-10T22:17:30.000Z,18,0,18,0,false,false
2026-07-10T22:20:00.000Z,69,33,18,0,true,false
2026-07-10T22:22:30.000Z,18,0,97,124,false,true
2026-07-10T22:25:00.000Z,71,42,18,0,true,false
2026-07-10T22:27:30.000Z,18,0,18,0,false,false
2026-07-10T22:30:00.000Z,68,56,18,0,true,false
2026-07-10T22:32:30.000Z,18,0,18,0,false,false
2026-07-10T22:35:00.000Z,73,33,18,0,true,false
2026-07-10T22:37:30.000Z,18,0,97,136,false,true
2026-07-10T22:40:00.000Z,73,34,18,0,true,false
2026-07-10T22:42:30.000Z,18,0,18,0,false,false
2026-07-10T22:45:00.000Z,70,27,18,0,true,false
2026-07-10T22:47:30.000Z,18,0,18,0,false,false
2026-07-10T22:50:00.000Z,68,49,18,0,true,false
2026-07-10T22:52:30.000Z,18,0,18,0,false,false
2026-07-10T22:55:00.000Z,18,0,97,131,false,true
2026-07-10T22:57:30.000Z,18,0,18,0,false,false
2026-07-10T23:00:00.000Z,56,68,18,0,true,false
2026-07-10T23:02:30.000Z,18,0,18,0,false,false
2026-07-10T23:05:00.000Z,56,40,18,0,true,false
2026-07-10T23:07:30.000Z,18,0,18,0,false,false
2026-07-10T23:10:00.000Z,56,63,95,112,true,true
2026-07-10T23:12:30.000Z,18,0,18,0,false,false
2026-07-10T23:15:00.000Z,54,59,18,0,true,false
2026-07-10T23:17:30.000Z,18,0,18,0,false,false
2026-07-10T23:20:00.000Z,57,99,18,0,true,false
2026-07-10T23:22:30.000Z,18,0,18,0,false,false
2026-07-10T23:25:00.000Z,56,55,95,110,true,true
2026-07-10T23:27:30.000Z,18,0,18,0,false,false
2026-07-10T23:30:00.000Z,63,71,18,0,true,false
2026-07-10T23:32:30.000Z,18,0,18,0,false,false
2026-07-10T23:35:00.000Z,58,36,18,0,true,false
2026-07-10T23:37:30.000Z,18,0,18,0,false,false
2026-07-10T23:40:00.000Z,57,74,97,122,true,true
2026-07-10T23:42:30.000Z,18,0,18,0,false,false
2026-07-10T23:45:00.000Z,57,62,18,0,true,false
2026-07-10T23:47:30.000Z,18,0,18,0,false,false
2026-07-10T23:50:00.000Z,59,74,18,0,true,false
2026-07-10T23:52:30.000Z,18,0,18,0,false,false
2026-07-10T23:55:00.000Z,59,36,98,123,true,true
2026-07-10T23:57:30.000Z,18,0,18,0,false,false
2026-07-11T00:00:00.000Z,58,68,18,0,true,false
2026-07-11T00:02:30.000Z,18,0,18,0,false,false
2026-07-11T00:05:00.000Z,60,47,18,0,true,false
2026-07-11T00:07:30.000Z,18,0,18,0,false,false
2026-07-11T00:10:00.000Z,58,59,94,115,true,true
2026-07-11T00:12:30.000Z,18,0,18,0,false,false
2026-07-11T00:15:00.000Z,59,46,18,0,true,false
2026-07-11T00:17:30.000Z,18,0,18,0,false,false
2026-07-11T00:20:00.000Z,58,66,18,0,true,false
2026-07-11T00:22:30.000Z,18,0,18,0,false,false
2026-07-11T00:25:00.000Z,63,42,96,117,true,true
2026-07-11T00:27:30.000Z,18,0,18,0,false,false
2026-07-11T00:30:00.000Z,56,57,18,0,true,false
2026-07-11T00:32:30.000Z,18,0,18,0,false,false
2026-07-11T00:35:00.000Z,58,63,18,0,true,false
2026-07-11T00:37:30.000Z,18,0,18,0,false,false
2026-07-11T00:40:00.000Z,59,52,96,111,true,true
2026-07-11T00:42:30.000Z,18,0,18,0,false,false
2026-07-11T00:45:00.000Z,59,67,18,0,true,false
2026-07-11T00:47:30.000Z,18,0,18,0,false,false
2026-07-11T00:50:00.000Z,56,58,18,0,true,false
2026-07-11T00:52:30.000Z,18,0,18,0,false,false
2026-07-11T00:55:00.000Z,57,63,96,123,true,true
2026-07-11T00:57:30.000Z,18,0,18,0,false,false
2026-07-11T01:00:00.000Z,62,48,18,0,true,false
2026-07-11T01:02:30.000Z,18,0,18,0,false,false
2026-07-11T01:05:00.000Z,55,60,18,0,true,false
2026-07-11T01:07:30.000Z,18,0,18,0,false,false
2026-07-11T01:10:00.000Z,60,68,95,122,true,true
2026-07-11T01:12:30.000Z,18,0,18,0,false,false
2026-07-11T01:15:00.000Z,55,74,18,0,true,false
2026-07-11T01:17:30.000Z,18,0,18,0,false,false
2026-07-11T01:20:00.000Z,56,64,18,0,true,false
2026-07-11T01:22:30.000Z,18,0,18,0,false,false
2026-07-11T01:25:00.000Z,55,57,95,119,true,true
2026-07-11T01:27:30.000Z,18,0,18,0,false,false
2026-07-11T01:30:00.000Z,57,65,18,0,true,false
2026-07-11T01:32:30.000Z,18,0,18,0,false,false
2026-07-11T01:35:00.000Z,60,56,18,0,true,false
2026-07-11T01:37:30.000Z,18,0,18,0,false,false
2026-07-11T01:40:00.000Z,59,56,95,122,true,true
2026-07-11T01:42:30.000Z,18,0,18,0,false,false
2026-07-11T01:45:00.000Z,57,65,18,0,true,false
2026-07-11T01:47:30.000Z,18,0,18,0,false,false
2026-07-11T01:50:00.000Z,59,38,18,0,true,false
2026-07-11T01:52:30.000Z,18,0,18,0,false,false
2026-07-11T01:55:00.000Z,56,70,96,124,true,true
2026-07-11T01:57:30.000Z,18,0,18,0,false,false
2026-07-11T02:00:00.000Z,59,40,18,0,true,false
2026-07-11T02:02:30.000Z,18,0,18,0,false,false
2026-07-11T02:05:00.000Z,61,40,18,0,true,false
2026-07-11T02:07:30.000Z,18,0,18,0,false,false
2026-07-11T02:10:00.000Z,59,38,95,119,true,true
2026-07-11T02:12:30.000Z,18,0,18,0,false,false
2026-07-11T02:15:00.000Z,62,85,18,0,true,false
2026-07-11T02:17:30.000Z,18,0,18,0,false,false
2026-07-11T02:20:00.000Z,60,72,18,0,true,false
2026-07-11T02:22:30.000Z,18,0,18,0,false,false
2026-07-11T02:25:00.000Z,52,68,96,116,true,true
2026-07-11T02:27:30.000Z,18,0,18,0,false,false
2026-07-11T02:30:00.000Z,61,65,18,0,true,false
2026-07-11T02:32:30.000Z,18,0,18,0,false,false
2026-07-11T02:35:00.000Z,57,90,18,0,true,false
2026-07-11T02:37:30.000Z,18,0,18,0,false,false
2026-07-11T02:40:00.000Z,58,32,95,112,true,true
2026-07-11T02:42:30.000Z,18,0,18,0,false,false
2026-07-11T02:45:00.000Z,55,38,18,0,true,false
2026-07-11T02:47:30.000Z,18,0,18,0,false,false
2026-07-11T02:50:00.000Z,61,46,18,0,true,false
2026-07-11T02:52:30.000Z,18,0,18,0,false,false
2026-07-11T02:55:00.000Z,54,65,91,121,true,true
2026-07-11T02:57:30.000Z,18,0,18,0,false,false
2026-07-11T03:00:00.000Z,57,49,18,0,true,false
2026-07-11T03:02:30.000Z,18,0,18,0,false,false
2026-07-11T03:05:00.000Z,55,59,18,0,true,false
2026-07-11T03:07:30.000Z,18,0,18,0,false,false
2026-07-11T03:10:00.000Z,58,42,95,114,true,true
2026-07-11T03:12:30.000Z,18,0,18,0,false,false
2026-07-11T03:15:00.000Z,58,54,18,0,true,false
2026-07-11T03:17:30.000Z,18,0,18,0,false,false
2026-07-11T03:20:00.000Z,59,36,18,0,true,false
2026-07-11T03:22:30.000Z,18,0,18,0,false,false
2026-07-11T03:25:00.000Z,58,58,94,120,true,true
2026-07-11T03:27:30.000Z,18,0,18,0,false,false
2026-07-11T03:30:00.000Z,56,56,18,0,true,false
2026-07-11T03:32:30.000Z,18,0,18,0,false,false
2026-07-11T03:35:00.000Z,62,57,18,0,true,false
2026-07-11T03:37:30.000Z,18,0,18,0,false,false
2026-07-11T03:40:00.000Z,18,0,95,118,false,true
2026-07-11T03:42:30.000Z,18,0,18,0,false,false
2026-07-11T03:45:00.000Z,54,65,18,0,true,false
2026-07-11T03:47:30.000Z,18,0,18,0,false,false
2026-07-11T03:50:00.000Z,59,57,18,0,true,false
2026-07-11T03:52:30.000Z,18,0,18,0,false,false
2026-07-11T03:55:00.000Z,54,70,95,120,true,true
2026-07-11T03:57:30.000Z,18,0,18,0,false,false
2026-07-11T04:00:00.000Z,57,68,18,0,true,false
2026-07-11T04:02:30.000Z,18,0,18,0,false,false
2026-07-11T04:05:00.000Z,56,56,18,0,true,false
2026-07-11T04:07:30.000Z,18,0,18,0,false,false
2026-07-11T04:10:00.000Z,60,39,97,123,true,true
2026-07-11T04:12:30.000Z,18,0,18,0,false,false
2026-07-11T04:15:00.000Z,59,64,18,0,true,false
2026-07-11T04:17:30.000Z,18,0,18,0,false,false
2026-07-11T04:20:00.000Z,56,71,18,0,true,false
2026-07-11T04:22:30.000Z,18,0,18,0,false,false
2026-07-11T04:25:00.000Z,62,51,96,128,true,true
2026-07-11T04:27:30.000Z,18,0,18,0,false,false
2026-07-11T04:30:00.000Z,56,48,18,0,true,false
2026-07-11T04:32:30.000Z,18,0,18,0,false,false
2026-07-11T04:35:00.000Z,58,57,18,0,true,false
2026-07-11T04:37:30.000Z,18,0,18,0,false,false
2026-07-11T04:40:00.000Z,59,78,96,112,true,true
2026-07-11T04:42:30.000Z,18,0,18,0,false,false
2026-07-11T04:45:00.000Z,59,43,18,0,true,false
2026-07-11T04:47:30.000Z,18,0,18,0,false,false
2026-07-11T04:50:00.000Z,60,78,18,0,true,false
2026-07-11T04:52:30.000Z,18,0,18,0,false,false
2026-07-11T04:55:00.000Z,57,59,97,121,true,true
2026-07-11T04:57:30.000Z,18,0,18,0,false,false
2026-07-11T05:00:00.000Z,57,55,18,0,true,false
2026-07-11T05:02:30.000Z,18,0,18,0,false,false
2026-07-11T05:05:00.000Z,57,52,18,0,true,false
2026-07-11T05:07:30.000Z,18,0,18,0,false,false
2026-07-11T05:10:00.000Z,60,42,96,125,true,true
2026-07-11T05:12:30.000Z,18,0,18,0,false,false
2026-07-11T05:15:00.000Z,58,39,18,0,true,false
2026-07-11T05:17:30.000Z,18,0,18,0,false,false
2026-07-11T05:20:00.000Z,56,48,18,0,true,false
2026-07-11T05:22:30.000Z,18,0,18,0,false,false
2026-07-11T05:25:00.000Z,57,63,95,115,true,true
2026-07-11T05:27:30.000Z,18,0,18,0,false,false
2026-07-11T05:30:00.000Z,57,59,18,0,true,false
2026-07-11T05:32:30.000Z,18,0,18,0,false,false
2026-07-11T05:35:00.000Z,60,73,18,0,true,false
2026-07-11T05:37:30.000Z,18,0,18,0,false,false
2026-07-11T05:40:00.000Z,57,49,94,109,true,true
2026-07-11T05:42:30.000Z,18,0,18,0,false,false
2026-07-11T05:45:00.000Z,18,0,18,0,false,false
2026-07-11T05:47:30.000Z,18,0,18,0,false,false
2026-07-11T05:50:00.000Z,58,62,18,0,true,false
2026-07-11T05:52:30.000Z,18,0,18,0,false,false
2026-07-11T05:55:00.000Z,58,42,96,108,true,true
2026-07-11T05:57:30.000Z,18,0,18,0,false,false
2026-07-11T06:00:00.000Z,56,79,18,0,true,false
2026-07-11T06:02:30.000Z,18,0,18,0,false,false
2026-07-11T06:05:00.000Z,57,68,18,0,true,false
2026-07-11T06:07:30.000Z,18,0,18,0,false,false
2026-07-11T06:10:00.000Z,57,71,97,108,true,true
2026-07-11T06:12:30.000Z,18,0,18,0,false,false
2026-07-11T06:15:00.000Z,58,44,18,0,true,false
2026-07-11T06:17:30.000Z,18,0,18,0,false,false
2026-07-11T06:20:00.000Z,58,66,18,0,true,false
2026-07-11T06:22:30.000Z,18,0,18,0,false,false
2026-07-11T06:25:00.000Z,59,56,94,118,true,true
2026-07-11T06:27:30.000Z,18,0,18,0,false,false
2026-07-11T06:30:00.000Z,59,61,18,0,true,false
2026-07-11T06:32:30.000Z,18,0,18,0,false,false
2026-07-11T06:35:00.000Z,58,62,18,0,true,false
2026-07-11T06:37:30.000Z,18,0,18,0,false,false
2026-07-11T06:40:00.000Z,57,70,97,121,true,true
2026-07-11T06:42:30.000Z,18,0,18,0,false,false
2026-07-11T06:45:00.000Z,60,46,18,0,true,false
2026-07-11T06:47:30.000Z,18,0,18,0,false,false
2026-07-11T06:50:00.000Z,62,54,18,0,true,false
2026-07-11T06:52:30.000Z,18,0,18,0,false,false
2026-07-11T06:55:00.000Z,61,66,96,111,true,true
2026-07-11T06:57:30.000Z,18,0,18,0,false,false
2026-07-11T07:00:00.000Z,66,66,18,0,true,false
2026-07-11T07:02:30.000Z,18,0,18,0,false,false
2026-07-11T07:05:00.000Z,71,62,18,0,true,false
2026-07-11T07:07:30.000Z,18,0,18,0,false,false
2026-07-11T07:10:00.000Z,64,46,18,0,true,false
2026-07-11T07:12:30.000Z,18,0,96,126,false,true
2026-07-11T07:15:00.000Z,71,40,18,0,true,false
2026-07-11T07:17:30.000Z,18,0,18,0,false,false
2026-07-11T07:20:00.000Z,74,47,18,0,true,false
2026-07-11T07:22:30.000Z,18,0,18,0,false,false
2026-07-11T07:25:00.000Z,71,39,18,0,true,false
2026-07-11T07:27:30.000Z,18,0,18,0,false,false
2026-07-11T07:30:00.000Z,74,53,98,120,true,true
2026-07-11T07:32:30.000Z,18,0,18,0,false,false
2026-07-11T07:35:00.000Z,77,41,18,0,true,false
2026-07-11T07:37:30.000Z,18,0,18,0,false,false
2026-07-11T07:40:00.000Z,74,45,94,122,true,true
2026-07-11T07:42:30.000Z,18,0,18,0,false,false
2026-07-11T07:45:00.000Z,71,51,18,0,true,false
2026-07-11T07:47:30.000Z,18,0,18,0,false,false
2026-07-11T07:50:00.000Z,69,51,18,0,true,false
2026-07-11T07:52:30.000Z,18,0,18,0,false,false
2026-07-11T07:55:00.000Z,72,34,97,131,true,true
2026-07-11T07:57:30.000Z,18,0,18,0,false,false
2026-07-11T08:00:00.000Z,73,45,18,0,true,false
2026-07-11T08:02:30.000Z,18,0,18,0,false,false
2026-07-11T08:05:00.000Z,78,34,99,126,true,true
2026-07-11T08:07:30.000Z,18,0,18,0,false,false
2026-07-11T08:10:00.000Z,67,33,18,0,true,false
2026-07-11T08:12:30.000Z,18,0,18,0,false,false
2026-07-11T08:15:00.000Z,77,62,18,0,true,false
2026-07-11T08:17:30.000Z,18,0,18,0,false,false
2026-07-11T08:20:00.000Z,72,69,95,134,true,true
2026-07-11T08:22:30.000Z,18,0,18,0,false,false
2026-07-11T08:25:00.000Z,71,51,18,0,true,false
2026-07-11T08:27:30.000Z,18,0,18,0,false,false
2026-07-11T08:30:00.000Z,76,42,94,131,true,true
2026-07-11T08:32:30.000Z,18,0,18,0,false,false
2026-07-11T08:35:00.000Z,68,55,18,0,true,false
2026-07-11T08:37:30.000Z,18,0,18,0,false,false
2026-07-11T08:40:00.000Z,74,43,18,0,true,false
2026-07-11T08:42:30.000Z,18,0,95,131,false,true
2026-07-11T08:45:00.000Z,71,45,18,0,true,false
2026-07-11T08:47:30.000Z,18,0,18,0,false,false
2026-07-11T08:50:00.000Z,73,42,18,0,true,false
2026-07-11T08:52:30.000Z,18,0,18,0,false,false
2026-07-11T08:55:00.000Z,18,0,18,0,false,false
2026-07-11T08:57:30.000Z,18,0,97,123,false,true
2026-07-11T09:00:00.000Z,102,27,18,0,true,false
2026-07-11T09:02:30.000Z,18,0,18,0,false,false
2026-07-11T09:05:00.000Z,76,43,18,0,true,false
2026-07-11T09:07:30.000Z,18,0,18,0,false,false
2026-07-11T09:10:00.000Z,71,51,18,0,true,false
2026-07-11T09:12:30.000Z,18,0,97,132,false,true
2026-07-11T09:15:00.000Z,71,52,18,0,true,false
2026-07-11T09:17:30.000Z,18,0,18,0,false,false
2026-07-11T09:20:00.000Z,73,42,18,0,true,false
2026-07-11T09:22:30.000Z,18,0,18,0,false,false
2026-07-11T09:25:00.000Z,75,35,18,0,true,false
2026-07-11T09:27:30.000Z,18,0,18,0,false,false
2026-07-11T09:30:00.000Z,80,31,18,0,true,false
2026-07-11T09:32:30.000Z,18,0,18,0,false,false
2026-07-11T09:35:00.000Z,81,39,96,136,true,true
2026-07-11T09:37:30.000Z,18,0,18,0,false,false
2026-07-11T09:40:00.000Z,78,37,18,0,true,false
2026-07-11T09:42:30.000Z,18,0,18,0,false,false
2026-07-11T09:45:00.000Z,76,40,18,0,true,false
2026-07-11T09:47:30.000Z,18,0,96,124,false,true
2026-07-11T09:50:00.000Z,80,25,18,0,true,false
2026-07-11T09:52:30.000Z,18,0,18,0,false,false
2026-07-11T09:55:00.000Z,69,34,18,0,true,false
2026-07-11T09:57:30.000Z,18,0,18,0,false,false
2026-07-11T10:00:00.000Z,79,56,98,129,true,true
2026-07-11T10:02:30.000Z,18,0,18,0,false,false
2026-07-11T10:05:00.000Z,77,44,18,0,true,false
2026-07-11T10:07:30.000Z,18,0,18,0,false,false
2026-07-11T10:10:00.000Z,78,45,18,0,true,false
2026-07-11T10:12:30.000Z,18,0,18,0,false,false
2026-07-11T10:15:00.000Z,84,40,96,117,true,true
2026-07-11T10:17:30.000Z,18,0,18,0,false,false
2026-07-11T10:20:00.000Z,83,29,18,0,true,false
2026-07-11T10:22:30.000Z,18,0,18,0,false,false
2026-07-11T10:25:00.000Z,75,45,18,0,true,false
2026-07-11T10:27:30.000Z,18,0,18,0,false,false
2026-07-11T10:30:00.000Z,73,42,96,128,true,true
2026-07-11T10:32:30.000Z,18,0,18,0,false,false
2026-07-11T10:35:00.000Z,82,53,18,0,true,false
2026-07-11T10:37:30.000Z,18,0,18,0,false,false
2026-07-11T10:40:00.000Z,82,35,18,0,true,false
2026-07-11T10:42:30.000Z,18,0,96,135,false,true
2026-07-11T10:45:00.000Z,78,30,18,0,true,false
2026-07-11T10:47:30.000Z,18,0,18,0,false,false
2026-07-11T10:50:00.000Z,18,0,18,0,false,false
2026-07-11T10:52:30.000Z,18,0,18,0,false,false
2026-07-11T10:55:00.000Z,82,38,97,131,true,true
2026-07-11T10:57:30.000Z,18,0,18,0,false,false
2026-07-11T11:00:00.000Z,75,40,18,0,true,false
2026-07-11T11:02:30.000Z,18,0,18,0,false,false
2026-07-11T11:05:00.000Z,78,35,18,0,true,false
2026-07-11T11:07:30.000Z,18,0,18,0,false,false
2026-07-11T11:10:00.000Z,81,31,97,128,true,true
2026-07-11T11:12:30.000Z,18,0,18,0,false,false
2026-07-11T11:15:00.000Z,75,46,18,0,true,false
2026-07-11T11:17:30.000Z,18,0,18,0,false,false
2026-07-11T11:20:00.000Z,76,44,18,0,true,false
2026-07-11T11:22:30.000Z,18,0,18,0,false,false
2026-07-11T11:25:00.000Z,80,55,95,126,true,true
2026-07-11T11:27:30.000Z,18,0,18,0,false,false
2026-07-11T11:30:00.000Z,81,39,18,0,true,false
2026-07-11T11:32:30.000Z,18,0,18,0,false,false
2026-07-11T11:35:00.000Z,77,37,18,0,true,false
2026-07-11T11:37:30.000Z,18,0,18,0,false,false
2026-07-11T11:40:00.000Z,82,33,18,0,true,false
2026-07-11T11:42:30.000Z,18,0,18,0,false,false
2026-07-11T11:45:00.000Z,82,42,93,139,true,true
2026-07-11T11:47:30.000Z,18,0,18,0,false,false
2026-07-11T11:50:00.000Z,78,41,18,0,true,false
2026-07-11T11:52:30.000Z,18,0,18,0,false,false
2026-07-11T11:55:00.000Z,81,38,18,0,true,false
2026-07-11T11:57:30.000Z,18,0,18,0,false,false
2026-07-11T12:00:00.000Z,82,29,96,130,true,true
2026-07-11T12:02:30.000Z,18,0,18,0,false,false
2026-07-11T12:05:00.000Z,82,39,18,0,true,false
2026-07-11T12:07:30.000Z,18,0,18,0,false,false
2026-07-11T12:10:00.000Z,79,54,18,0,true,false
2026-07-11T12:12:30.000Z,18,0,18,0,false,false
2026-07-11T12:15:00.000Z,77,44,98,121,true,true
2026-07-11T12:17:30.000Z,18,0,18,0,false,false
2026-07-11T12:20:00.000Z,81,48,18,0,true,false
2026-07-11T12:22:30.000Z,18,0,18,0,false,false
2026-07-11T12:25:00.000Z,83,31,18,0,true,false
2026-07-11T12:27:30.000Z,18,0,96,122,false,true
2026-07-11T12:30:00.000Z,81,44,18,0,true,false
2026-07-11T12:32:30.000Z,18,0,18,0,false,false
2026-07-11T12:35:00.000Z,81,34,18,0,true,false
2026-07-11T12:37:30.000Z,18,0,18,0,false,false
2026-07-11T12:40:00.000Z,78,41,96,141,true,true
2026-07-11T12:42:30.000Z,18,0,18,0,false,false
2026-07-11T12:45:00.000Z,78,33,18,0,true,false
2026-07-11T12:47:30.000Z,18,0,18,0,false,false
2026-07-11T12:50:00.000Z,80,37,18,0,true,false
2026-07-11T12:52:30.000Z,18,0,18,0,false,false
2026-07-11T12:55:00.000Z,81,47,18,0,true,false
2026-07-11T12:57:30.000Z,18,0,96,131,false,true
2026-07-11T13:00:00.000Z,83,46,18,0,true,false
2026-07-11T13:02:30.000Z,18,0,18,0,false,false
2026-07-11T13:05:00.000Z,81,36,18,0,true,false
2026-07-11T13:07:30.000Z,18,0,18,0,false,false
2026-07-11T13:10:00.000Z,77,47,18,0,true,false
2026-07-11T13:12:30.000Z,18,0,96,117,false,true
2026-07-11T13:15:00.000Z,78,25,18,0,true,false
2026-07-11T13:17:30.000Z,18,0,18,0,false,false
2026-07-11T13:20:00.000Z,79,39,18,0,true,false
2026-07-11T13:22:30.000Z,18,0,18,0,false,false
2026-07-11T13:25:00.000Z,107,28,18,0,true,false
2026-07-11T13:27:30.000Z,18,0,96,127,false,true
2026-07-11T13:30:00.000Z,83,42,18,0,true,false
2026-07-11T13:32:30.000Z,18,0,18,0,false,false
2026-07-11T13:35:00.000Z,80,47,18,0,true,false
2026-07-11T13:37:30.000Z,18,0,18,0,false,false
2026-07-11T13:40:00.000Z,79,32,95,137,true,true
2026-07-11T13:42:30.000Z,18,0,18,0,false,false
2026-07-11T13:45:00.000Z,80,64,18,0,true,false
2026-07-11T13:47:30.000Z,18,0,18,0,false,false
2026-07-11T13:50:00.000Z,107,26,18,0,true,false
2026-07-11T13:52:30.000Z,18,0,18,0,false,false
2026-07-11T13:55:00.000Z,84,59,18,0,true,false
2026-07-11T13:57:30.000Z,18,0,94,113,false,true
2026-07-11T14:00:00.000Z,89,55,18,0,true,false
2026-07-11T14:02:30.000Z,18,0,18,0,false,false
2026-07-11T14:05:00.000Z,81,45,18,0,true,false
2026-07-11T14:07:30.000Z,18,0,18,0,false,false
2026-07-11T14:10:00.000Z,18,0,18,0,false,false
2026-07-11T14:12:30.000Z,18,0,96,127,false,true
2026-07-11T14:15:00.000Z,82,62,18,0,true,false
2026-07-11T14:17:30.000Z,18,0,18,0,false,false
2026-07-11T14:20:00.000Z,85,32,18,0,true,false
2026-07-11T14:22:30.000Z,18,0,18,0,false,false
2026-07-11T14:25:00.000Z,84,34,96,117,true,true
2026-07-11T14:27:30.000Z,18,0,18,0,false,false
2026-07-11T14:30:00.000Z,84,49,18,0,true,false
2026-07-11T14:32:30.000Z,18,0,18,0,false,false
2026-07-11T14:35:00.000Z,83,47,97,125,true,true
2026-07-11T14:37:30.000Z,18,0,18,0,false,false
2026-07-11T14:40:00.000Z,82,32,18,0,true,false
2026-07-11T14:42:30.000Z,18,0,18,0,false,false
2026-07-11T14:45:00.000Z,86,64,18,0,true,false
2026-07-11T14:47:30.000Z,18,0,18,0,false,false
2026-07-11T14:50:00.000Z,18,0,18,0,false,false
2026-07-11T14:52:30.000Z,18,0,96,127,false,true
2026-07-11T14:55:00.000Z,79,48,18,0,true,false
2026-07-11T14:57:30.000Z,18,0,18,0,false,false
2026-07-11T15:00:00.000Z,84,50,18,0,true,false
2026-07-11T15:02:30.000Z,18,0,18,0,false,false
2026-07-11T15:05:00.000Z,81,35,18,0,true,false
2026-07-11T15:07:30.000Z,18,0,95,117,false,true
2026-07-11T15:10:00.000Z,82,40,18,0,true,false
2026-07-11T15:12:30.000Z,18,0,18,0,false,false
2026-07-11T15:15:00.000Z,85,42,18,0,true,false
2026-07-11T15:17:30.000Z,18,0,18,0,false,false
2026-07-11T15:20:00.000Z,83,32,18,0,true,false
2026-07-11T15:22:30.000Z,18,0,97,120,false,true
2026-07-11T15:25:00.000Z,85,49,18,0,true,false
2026-07-11T15:27:30.000Z,18,0,18,0,false,false
2026-07-11T15:30:00.000Z,90,41,18,0,true,false
2026-07-11T15:32:30.000Z,18,0,18,0,false,false
2026-07-11T15:35:00.000Z,81,37,97,133,true,true
2026-07-11T15:37:30.000Z,18,0,18,0,false,false
2026-07-11T15:40:00.000Z,85,31,18,0,true,false
2026-07-11T15:42:30.000Z,18,0,18,0,false,false
2026-07-11T15:45:00.000Z,80,36,18,0,true,false
2026-07-11T15:47:30.000Z,18,0,18,0,false,false
2026-07-11T15:50:00.000Z,86,28,96,141,true,true
2026-07-11T15:52:30.000Z,18,0,18,0,false,false
2026-07-11T15:55:00.000Z,84,28,18,0,true,false
2026-07-11T15:57:30.000Z,18,0,18,0,false,false
2026-07-11T16:00:00.000Z,80,58,18,0,true,false
2026-07-11T16:02:30.000Z,18,0,18,0,false,false
2026-07-11T16:05:00.000Z,85,43,98,125,true,true
2026-07-11T16:07:30.000Z,18,0,18,0,false,false
2026-07-11T16:10:00.000Z,81,36,18,0,true,false
2026-07-11T16:12:30.000Z,18,0,18,0,false,false
2026-07-11T16:15:00.000Z,82,39,18,0,true,false
2026-07-11T16:17:30.000Z,18,0,18,0,false,false
2026-07-11T16:20:00.000Z,83,37,18,0,true,false
2026-07-11T16:22:30.000Z,18,0,18,0,false,false
2026-07-11T16:25:00.000Z,80,41,18,0,true,false
2026-07-11T16:27:30.000Z,18,0,18,0,false,false
2026-07-11T16:30:00.000Z,83,41,18,0,true,false
2026-07-11T16:32:30.000Z,18,0,18,0,false,false
2026-07-11T16:35:00.000Z,86,41,96,132,true,true
2026-07-11T16:37:30.000Z,18,0,18,0,false,false
2026-07-11T16:40:00.000Z,78,46,18,0,true,false
2026-07-11T16:42:30.000Z,18,0,18,0,false,false
2026-07-11T16:45:00.000Z,78,60,18,0,true,false
2026-07-11T16:47:30.000Z,18,0,18,0,false,false
2026-07-11T16:50:00.000Z,79,50,18,0,true,false
2026-07-11T16:52:30.000Z,18,0,97,138,false,true
2026-07-11T16:55:00.000Z,83,46,18,0,true,false
2026-07-11T16:57:30.000Z,18,0,18,0,false,false
2026-07-11T17:00:00.000Z,77,38,18,0,true,false
2026-07-11T17:02:30.000Z,18,0,18,0,false,false
2026-07-11T17:05:00.000Z,82,46,18,0,true,false
2026-07-11T17:07:30.000Z,18,0,97,132,false,true
2026-07-11T17:10:00.000Z,80,38,18,0,true,false
2026-07-11T17:12:30.000Z,18,0,18,0,false,false
2026-07-11T17:15:00.000Z,88,36,18,0,true,false
2026-07-11T17:17:30.000Z,18,0,96,132,false,true
2026-07-11T17:20:00.000Z,83,62,18,0,true,false
2026-07-11T17:22:30.000Z,18,0,18,0,false,false
2026-07-11T17:25:00.000Z,76,57,18,0,true,false
2026-07-11T17:27:30.000Z,18,0,18,0,false,false
2026-07-11T17:30:00.000Z,81,43,18,0,true,false
2026-07-11T17:32:30.000Z,18,0,18,0,false,false
2026-07-11T17:35:00.000Z,83,29,18,0,true,false
2026-07-11T17:37:30.000Z,18,0,95,128,false,true
2026-07-11T17:40:00.000Z,85,40,18,0,true,false
2026-07-11T17:42:30.000Z,18,0,18,0,false,false
2026-07-11T17:45:00.000Z,80,40,18,0,true,false
2026-07-11T17:47:30.000Z,18,0,18,0,false,false
2026-07-11T17:50:00.000Z,82,31,97,138,true,true
2026-07-11T17:52:30.000Z,18,0,18,0,false,false
2026-07-11T17:55:00.000Z,83,43,18,0,true,false
2026-07-11T17:57:30.000Z,18,0,18,0,false,false
2026-07-11T18:00:00.000Z,78,21,18,0,true,false
2026-07-11T18:02:30.000Z,18,0,18,0,false,false
2026-07-11T18:05:00.000Z,84,42,98,118,true,true
2026-07-11T18:07:30.000Z,18,0,18,0,false,false
2026-07-11T18:10:00.000Z,82,29,18,0,true,false
2026-07-11T18:12:30.000Z,18,0,18,0,false,false
2026-07-11T18:15:00.000Z,79,47,18,0,true,false
2026-07-11T18:17:30.000Z,18,0,18,0,false,false
2026-07-11T18:20:00.000Z,98,36,18,0,true,false
2026-07-11T18:22:30.000Z,18,0,18,0,false,false
2026-07-11T18:25:00.000Z,74,49,96,121,true,true
2026-07-11T18:27:30.000Z,18,0,18,0,false,false
2026-07-11T18:30:00.000Z,84,27,18,0,true,false
2026-07-11T18:32:30.000Z,18,0,18,0,false,false
2026-07-11T18:35:00.000Z,85,46,18,0,true,false
2026-07-11T18:37:30.000Z,18,0,18,0,false,false
2026-07-11T18:40:00.000Z,82,49,96,128,true,true
2026-07-11T18:42:30.000Z,18,0,18,0,false,false
2026-07-11T18:45:00.000Z,78,36,18,0,true,false
2026-07-11T18:47:30.000Z,18,0,18,0,false,false
2026-07-11T18:50:00.000Z,77,34,95,129,true,true
2026-07-11T18:52:30.000Z,18,0,18,0,false,false
2026-07-11T18:55:00.000Z,78,55,18,0,true,false
2026-07-11T18:57:30.000Z,18,0,18,0,false,false
2026-07-11T19:00:00.000Z,82,55,96,131,true,true
2026-07-11T19:02:30.000Z,18,0,18,0,false,false
2026-07-11T19:05:00.000Z,107,39,18,0,true,false
2026-07-11T19:07:30.000Z,18,0,18,0,false,false
2026-07-11T19:10:00.000Z,78,34,18,0,true,false
2026-07-11T19:12:30.000Z,18,0,18,0,false,false
2026-07-11T19:15:00.000Z,71,45,18,0,true,false
2026-07-11T19:17:30.000Z,18,0,95,123,false,true
2026-07-11T19:20:00.000Z,81,38,18,0,true,false
2026-07-11T19:22:30.000Z,18,0,18,0,false,false
2026-07-11T19:25:00.000Z,78,44,18,0,true,false
2026-07-11T19:27:30.000Z,18,0,18,0,false,false
2026-07-11T19:30:00.000Z,78,29,96,134,true,true
2026-07-11T19:32:30.000Z,18,0,18,0,false,false
2026-07-11T19:35:00.000Z,76,43,18,0,true,false
2026-07-11T19:37:30.000Z,18,0,18,0,false,false
2026-07-11T19:40:00.000Z,76,74,18,0,true,false
2026-07-11T19:42:30.000Z,18,0,18,0,false,false
2026-07-11T19:45:00.000Z,78,42,18,0,true,false
2026-07-11T19:47:30.000Z,18,0,18,0,false,false
2026-07-11T19:50:00.000Z,18,0,18,0,false,false
2026-07-11T19:52:30.000Z,18,0,18,0,false,false
2026-07-11T19:55:00.000Z,75,53,98,122,true,true
2026-07-11T19:57:30.000Z,18,0,18,0,false,false
2026-07-11T21:00:00.000Z,74,37,18,0,true,false
2026-07-11T21:02:30.000Z,18,0,18,0,false,false
2026-07-11T21:05:00.000Z,70,56,18,0,true,false
2026-07-11T21:07:30.000Z,18,0,96,127,false,true
2026-07-11T21:10:00.000Z,72,46,18,0,true,false
2026-07-11T21:12:30.000Z,18,0,18,0,false,false
2026-07-11T21:15:00.000Z,75,41,18,0,true,false
2026-07-11T21:17:30.000Z,18,0,18,0,false,false
2026-07-11T21:20:00.000Z,71,34,18,0,true,false
2026-07-11T21:22:30.000Z,18,0,96,132,false,true
2026-07-11T21:25:00.000Z,72,69,18,0,true,false
2026-07-11T21:27:30.000Z,18,0,18,0,false,false
2026-07-11T21:30:00.000Z,68,40,18,0,true,false
2026-07-11T21:32:30.000Z,18,0,18,0,false,false
2026-07-11T21:35:00.000Z,70,35,18,0,true,false
2026-07-11T21:37:30.000Z,18,0,97,128,false,true
2026-07-11T21:40:00.000Z,73,56,18,0,true,false
2026-07-11T21:42:30.000Z,18,0,18,0,false,false
2026-07-11T21:45:00.000Z,71,46,18,0,true,false
2026-07-11T21:47:30.000Z,18,0,18,0,false,false
2026-07-11T21:50:00.000Z,77,30,18,0,true,false
2026-07-11T21:52:30.000Z,18,0,18,0,false,false
2026-07-11T21:55:00.000Z,73,43,18,0,true,false
2026-07-11T21:57:30.000Z,18,0,18,0,false,false
2026-07-11T22:00:00.000Z,71,58,18,0,true,false
2026-07-11T22:02:30.000Z,18,0,18,0,false,false
2026-07-11T22:05:00.000Z,70,61,18,0,true,false
2026-07-11T22:07:30.000Z,18,0,96,117,false,true
2026-07-11T22:10:00.000Z,74,40,18,0,true,false
2026-07-11T22:12:30.000Z,18,0,18,0,false,false
2026-07-11T22:15:00.000Z,72,40,18,0,true,false
2026-07-11T22:17:30.000Z,18,0,18,0,false,false
2026-07-11T22:20:00.000Z,75,46,18,0,true,false
2026-07-11T22:22:30.000Z,18,0,18,0,false,false
2026-07-11T22:25:00.000Z,69,41,97,130,true,true
2026-07-11T22:27:30.000Z,18,0,18,0,false,false
2026-07-11T22:30:00.000Z,68,66,18,0,true,false
2026-07-11T22:32:30.000Z,18,0,18,0,false,false
2026-07-11T22:35:00.000Z,69,33,18,0,true,false
2026-07-11T22:37:30.000Z,18,0,97,126,false,true
2026-07-11T22:40:00.000Z,75,36,18,0,true,false
2026-07-11T22:42:30.000Z,18,0,18,0,false,false
2026-07-11T22:45:00.000Z,69,29,18,0,true,false
2026-07-11T22:47:30.000Z,18,0,18,0,false,false
2026-07-11T22:50:00.000Z,76,59,18,0,true,false
2026-07-11T22:52:30.000Z,18,0,96,123,false,true
2026-07-11T22:55:00.000Z,73,44,18,0,true,false
2026-07-11T22:57:30.000Z,18,0,18,0,false,false
2026-07-11T23:00:00.000Z,18,0,18,0,false,false
2026-07-11T23:02:30.000Z,18,0,18,0,false,false
2026-07-11T23:05:00.000Z,57,52,18,0,true,false
2026-07-11T23:07:30.000Z,18,0,97,124,false,true
2026-07-11T23:10:00.000Z,59,28,18,0,true,false
2026-07-11T23:12:30.000Z,18,0,18,0,false,false
2026-07-11T23:15:00.000Z,54,62,18,0,true,false
2026-07-11T23:17:30.000Z,18,0,18,0,false,false
2026-07-11T23:20:00.000Z,58,66,18,0,true,false
2026-07-11T23:22:30.000Z,18,0,96,112,false,true
2026-07-11T23:25:00.000Z,60,49,18,0,true,false
2026-07-11T23:27:30.000Z,18,0,18,0,false,false
2026-07-11T23:30:00.000Z,58,44,18,0,true,false
2026-07-11T23:32:30.000Z,18,0,18,0,false,false
2026-07-11T23:35:00.000Z,59,45,18,0,true,false
2026-07-11T23:37:30.000Z,18,0,96,119,false,true
2026-07-11T23:40:00.000Z,56,56,18,0,true,false
2026-07-11T23:42:30.000Z,18,0,18,0,false,false
2026-07-11T23:45:00.000Z,58,49,18,0,true,false
2026-07-11T23:47:30.000Z,18,0,18,0,false,false
2026-07-11T23:50:00.000Z,18,0,18,0,false,false
2026-07-11T23:52:30.000Z,18,0,94,120,false,true
2026-07-11T23:55:00.000Z,55,59,18,0,true,false
2026-07-11T23:57:30.000Z,18,0,18,0,false,false
2026-07-12T00:00:00.000Z,18,0,18,0,false,false
2026-07-12T00:02:30.000Z,18,0,18,0,false,false
2026-07-12T00:05:00.000Z,60,69,18,0,true,false
2026-07-12T00:07:30.000Z,18,0,96,114,false,true
2026-07-12T00:10:00.000Z,60,69,18,0,true,false
2026-07-12T00:12:30.000Z,18,0,18,0,false,false
2026-07-12T00:15:00.000Z,60,67,18,0,true,false
2026-07-12T00:17:30.000Z,18,0,18,0,false,false
2026-07-12T00:20:00.000Z,56,74,18,0,true,false
2026-07-12T00:22:30.000Z,18,0,94,114,false,true
2026-07-12T00:25:00.000Z,58,86,18,0,true,false
2026-07-12T00:27:30.000Z,18,0,18,0,false,false
2026-07-12T00:30:00.000Z,60,56,18,0,true,false
2026-07-12T00:32:30.000Z,18,0,18,0,false,false
2026-07-12T00:35:00.000Z,57,49,18,0,true,false
2026-07-12T00:37:30.000Z,18,0,97,122,false,true
2026-07-12T00:40:00.000Z,61,54,18,0,true,false
2026-07-12T00:42:30.000Z,18,0,18,0,false,false
2026-07-12T00:45:00.000Z,56,53,18,0,true,false
2026-07-12T00:47:30.000Z,18,0,18,0,false,false
2026-07-12T00:50:00.000Z,60,66,18,0,true,false
2026-07-12T00:52:30.000Z,18,0,96,123,false,true
2026-07-12T00:55:00.000Z,57,72,18,0,true,false
2026-07-12T00:57:30.000Z,18,0,18,0,false,false
2026-07-12T01:00:00.000Z,59,35,18,0,true,false
2026-07-12T01:02:30.000Z,18,0,18,0,false,false
2026-07-12T01:05:00.000Z,56,65,18,0,true,false
2026-07-12T01:07:30.000Z,18,0,93,111,false,true
2026-07-12T01:10:00.000Z,58,64,18,0,true,false
2026-07-12T01:12:30.000Z,18,0,18,0,false,false
2026-07-12T01:15:00.000Z,56,66,18,0,true,false
2026-07-12T01:17:30.000Z,18,0,18,0,false,false
2026-07-12T01:20:00.000Z,61,69,18,0,true,false
2026-07-12T01:22:30.000Z,18,0,93,124,false,true
2026-07-12T01:25:00.000Z,60,74,18,0,true,false
2026-07-12T01:27:30.000Z,18,0,18,0,false,false
2026-07-12T01:30:00.000Z,62,40,18,0,true,false
2026-07-12T01:32:30.000Z,18,0,18,0,false,false
2026-07-12T01:35:00.000Z,59,53,18,0,true,false
2026-07-12T01:37:30.000Z,18,0,97,109,false,true
2026-07-12T01:40:00.000Z,58,48,18,0,true,false
2026-07-12T01:42:30.000Z,18,0,18,0,false,false
2026-07-12T01:45:00.000Z,56,72,18,0,true,false
2026-07-12T01:47:30.000Z,18,0,18,0,false,false
2026-07-12T01:50:00.000Z,62,55,18,0,true,false
2026-07-12T01:52:30.000Z,18,0,18,0,false,false
2026-07-12T01:55:00.000Z,55,46,18,0,true,false
2026-07-12T01:57:30.000Z,18,0,18,0,false,false
2026-07-12T02:00:00.000Z,54,75,18,0,true,false
2026-07-12T02:02:30.000Z,18,0,18,0,false,false
2026-07-12T02:05:00.000Z,58,83,18,0,true,false
2026-07-12T02:07:30.000Z,18,0,94,121,false,true
2026-07-12T02:10:00.000Z,55,45,18,0,true,false
2026-07-12T02:12:30.000Z,18,0,18,0,false,false
2026-07-12T02:15:00.000Z,59,83,18,0,true,false
2026-07-12T02:17:30.000Z,18,0,18,0,false,false
2026-07-12T02:20:00.000Z,59,68,18,0,true,false
2026-07-12T02:22:30.000Z,18,0,95,119,false,true
2026-07-12T02:25:00.000Z,55,44,18,0,true,false
2026-07-12T02:27:30.000Z,18,0,18,0,false,false
2026-07-12T02:30:00.000Z,59,39,18,0,true,false
2026-07-12T02:32:30.000Z,18,0,18,0,false,false
2026-07-12T02:35:00.000Z,57,56,18,0,true,false
2026-07-12T02:37:30.000Z,18,0,93,108,false,true
2026-07-12T02:40:00.000Z,60,69,18,0,true,false
2026-07-12T02:42:30.000Z,18,0,18,0,false,false
2026-07-12T02:45:00.000Z,57,67,18,0,true,false
2026-07-12T02:47:30.000Z,18,0,18,0,false,false
2026-07-12T02:50:00.000Z,61,49,18,0,true,false
2026-07-12T02:52:30.000Z,18,0,98,119,false,true
2026-07-12T02:55:00.000Z,59,66,18,0,true,false
2026-07-12T02:57:30.000Z,18,0,18,0,false,false
2026-07-12T03:00:00.000Z,59,67,18,0,true,false
2026-07-12T03:02:30.000Z,18,0,18,0,false,false
2026-07-12T03:05:00.000Z,18,0,18,0,false,false
2026-07-12T03:07:30.000Z,18,0,93,116,false,true
2026-07-12T03:10:00.000Z,60,45,18,0,true,false
2026-07-12T03:12:30.000Z,18,0,18,0,false,false
2026-07-12T03:15:00.000Z,56,69,18,0,true,false
2026-07-12T03:17:30.000Z,18,0,18,0,false,false
2026-07-12T03:20:00.000Z,58,43,18,0,true,false
2026-07-12T03:22:30.000Z,18,0,95,124,false,true
2026-07-12T03:25:00.000Z,61,66,18,0,true,false
2026-07-12T03:27:30.000Z,18,0,18,0,false,false
2026-07-12T03:30:00.000Z,56,51,18,0,true,false
2026-07-12T03:32:30.000Z,18,0,18,0,false,false
2026-07-12T03:35:00.000Z,57,46,18,0,true,false
2026-07-12T03:37:30.000Z,18,0,96,112,false,true
2026-07-12T03:40:00.000Z,60,67,18,0,true,false
2026-07-12T03:42:30.000Z,18,0,18,0,false,false
2026-07-12T03:45:00.000Z,54,80,18,0,true,false
2026-07-12T03:47:30.000Z,18,0,18,0,false,false
2026-07-12T03:50:00.000Z,61,55,18,0,true,false
2026-07-12T03:52:30.000Z,18,0,94,111,false,true
2026-07-12T03:55:00.000Z,60,54,18,0,true,false
2026-07-12T03:57:30.000Z,18,0,18,0,false,false
2026-07-12T04:00:00.000Z,59,43,18,0,true,false
2026-07-12T04:02:30.000Z,18,0,18,0,false,false
2026-07-12T04:05:00.000Z,61,77,18,0,true,false
2026-07-12T04:07:30.000Z,18,0,96,113,false,true
2026-07-12T04:10:00.000Z,60,57,18,0,true,false
2026-07-12T04:12:30.000Z,18,0,18,0,false,false
2026-07-12T04:15:00.000Z,57,41,18,0,true,false
2026-07-12T04:17:30.000Z,18,0,18,0,false,false
2026-07-12T04:20:00.000Z,55,66,18,0,true,false
2026-07-12T04:22:30.000Z,18,0,95,125,false,true
2026-07-12T04:25:00.000Z,55,76,18,0,true,false
2026-07-12T04:27:30.000Z,18,0,18,0,false,false
2026-07-12T04:30:00.000Z,18,0,18,0,false,false
2026-07-12T04:32:30.000Z,18,0,18,0,false,false
2026-07-12T04:35:00.000Z,57,63,18,0,true,false
2026-07-12T04:37:30.000Z,18,0,96,128,false,true
2026-07-12T04:40:00.000Z,58,55,18,0,true,false
2026-07-12T04:42:30.000Z,18,0,18,0,false,false
2026-07-12T04:45:00.000Z,56,53,18,0,true,false
2026-07-12T04:47:30.000Z,18,0,18,0,false,false
2026-07-12T04:50:00.000Z,57,63,18,0,true,false
2026-07-12T04:52:30.000Z,18,0,95,123,false,true
2026-07-12T04:55:00.000Z,18,0,18,0,false,false
2026-07-12T04:57:30.000Z,18,0,18,0,false,false
2026-07-12T05:00:00.000Z,56,62,18,0,true,false
2026-07-12T05:02:30.000Z,18,0,18,0,false,false
2026-07-12T05:05:00.000Z,58,36,18,0,true,false
2026-07-12T05:07:30.000Z,18,0,95,121,false,true
2026-07-12T05:10:00.000Z,57,50,18,0,true,false
2026-07-12T05:12:30.000Z,18,0,18,0,false,false
2026-07-12T05:15:00.000Z,58,50,18,0,true,false
2026-07-12T05:17:30.000Z,18,0,18,0,false,false
2026-07-12T05:20:00.000Z,58,49,18,0,true,false
2026-07-12T05:22:30.000Z,18,0,97,116,false,true
2026-07-12T05:25:00.000Z,56,78,18,0,true,false
2026-07-12T05:27:30.000Z,18,0,18,0,false,false
2026-07-12T05:30:00.000Z,57,71,18,0,true,false
2026-07-12T05:32:30.000Z,18,0,18,0,false,false
2026-07-12T05:35:00.000Z,58,58,18,0,true,false
2026-07-12T05:37:30.000Z,18,0,97,110,false,true
2026-07-12T05:40:00.000Z,62,66,18,0,true,false
2026-07-12T05:42:30.000Z,18,0,18,0,false,false
2026-07-12T05:45:00.000Z,61,66,18,0,true,false
2026-07-12T05:47:30.000Z,18,0,18,0,false,false
2026-07-12T05:50:00.000Z,57,50,18,0,true,false
2026-07-12T05:52:30.000Z,18,0,95,126,false,true
2026-07-12T05:55:00.000Z,56,75,18,0,true,false
2026-07-12T05:57:30.000Z,18,0,18,0,false,false
2026-07-12T06:00:00.000Z,58,60,18,0,true,false
2026-07-12T06:02:30.000Z,18,0,18,0,false,false
2026-07-12T06:05:00.000Z,57,74,18,0,true,false
2026-07-12T06:07:30.000Z,18,0,97,119,false,true
2026-07-12T06:10:00.000Z,58,64,18,0,true,false
2026-07-12T06:12:30.000Z,18,0,18,0,false,false
2026-07-12T06:15:00.000Z,56,45,18,0,true,false
2026-07-12T06:17:30.000Z,18,0,18,0,false,false
2026-07-12T06:20:00.000Z,56,39,18,0,true,false
2026-07-12T06:22:30.000Z,18,0,96,121,false,true
2026-07-12T06:25:00.000Z,61,56,18,0,true,false
2026-07-12T06:27:30.000Z,18,0,18,0,false,false
2026-07-12T06:30:00.000Z,60,63,18,0,true,false
2026-07-12T06:32:30.000Z,18,0,18,0,false,false
2026-07-12T06:35:00.000Z,59,53,18,0,true,false
2026-07-12T06:37:30.000Z,18,0,96,117,false,true
2026-07-12T06:40:00.000Z,56,62,18,0,true,false
2026-07-12T06:42:30.000Z,18,0,18,0,false,false
2026-07-12T06:45:00.000Z,58,55,18,0,true,false
2026-07-12T06:47:30.000Z,18,0,18,0,false,false
2026-07-12T06:50:00.000Z,59,62,18,0,true,false
2026-07-12T06:52:30.000Z,18,0,96,114,false,true
2026-07-12T06:55:00.000Z,56,65,18,0,true,false
2026-07-12T06:57:30.000Z,18,0,18,0,false,false
2026-07-12T07:00:00.000Z,72,49,18,0,true,false
2026-07-12T07:02:30.000Z,18,0,97,135,false,true
2026-07-12T07:05:00.000Z,69,44,18,0,true,false
2026-07-12T07:07:30.000Z,18,0,18,0,false,false
2026-07-12T07:10:00.000Z,76,32,18,0,true,false
2026-07-12T07:12:30.000Z,18,0,18,0,false,false
2026-07-12T07:15:00.000Z,70,42,18,0,true,false
2026-07-12T07:17:30.000Z,18,0,18,0,false,false
2026-07-12T07:20:00.000Z,71,66,97,128,true,true
2026-07-12T07:22:30.000Z,18,0,18,0,false,false
2026-07-12T07:25:00.000Z,67,34,18,0,true,false
2026-07-12T07:27:30.000Z,18,0,18,0,false,false
2026-07-12T07:30:00.000Z,71,41,18,0,true,false
2026-07-12T07:32:30.000Z,18,0,98,130,false,true
2026-07-12T07:35:00.000Z,68,32,18,0,true,false
2026-07-12T07:37:30.000Z,18,0,18,0,false,false
2026-07-12T07:40:00.000Z,68,44,18,0,true,false
2026-07-12T07:42:30.000Z,18,0,18,0,false,false
2026-07-12T07:45:00.000Z,70,49,18,0,true,false
2026-07-12T07:47:30.000Z,18,0,96,122,false,true
2026-07-12T07:50:00.000Z,70,45,18,0,true,false
2026-07-12T07:52:30.000Z,18,0,18,0,false,false
2026-07-12T07:55:00.000Z,69,50,18,0,true,false
2026-07-12T07:57:30.000Z,18,0,18,0,false,false
2026-07-12T08:00:00.000Z,71,61,18,0,true,false
2026-07-12T08:02:30.000Z,18,0,95,126,false,true
2026-07-12T08:05:00.000Z,74,47,18,0,true,false
2026-07-12T08:07:30.000Z,18,0,18,0,false,false
2026-07-12T08:10:00.000Z,72,38,18,0,true,false
2026-07-12T08:12:30.000Z,18,0,18,0,false,false
2026-07-12T08:15:00.000Z,66,77,18,0,true,false
2026-07-12T08:17:30.000Z,18,0,97,123,false,true
2026-07-12T08:20:00.000Z,68,42,18,0,true,false
2026-07-12T08:22:30.000Z,18,0,18,0,false,false
2026-07-12T08:25:00.000Z,74,70,18,0,true,false
2026-07-12T08:27:30.000Z,18,0,18,0,false,false
2026-07-12T08:30:00.000Z,74,56,18,0,true,false
2026-07-12T08:32:30.000Z,18,0,18,0,false,false
2026-07-12T08:35:00.000Z,73,62,96,131,true,true
2026-07-12T08:37:30.000Z,18,0,18,0,false,false
2026-07-12T08:40:00.000Z,74,46,18,0,true,false
2026-07-12T08:42:30.000Z,18,0,18,0,false,false
2026-07-12T08:45:00.000Z,75,52,18,0,true,false
2026-07-12T08:47:30.000Z,18,0,18,0,false,false
2026-07-12T08:50:00.000Z,73,36,95,124,true,true
2026-07-12T08:52:30.000Z,18,0,18,0,false,false
2026-07-12T08:55:00.000Z,69,44,18,0,true,false
2026-07-12T08:57:30.000Z,18,0,18,0,false,false
2026-07-12T09:00:00.000Z,72,38,18,0,true,false
2026-07-12T09:02:30.000Z,18,0,18,0,false,false
2026-07-12T09:05:00.000Z,71,60,97,132,true,true
2026-07-12T09:07:30.000Z,18,0,18,0,false,false
2026-07-12T09:10:00.000Z,74,61,18,0,true,false
2026-07-12T09:12:30.000Z,18,0,18,0,false,false
2026-07-12T09:15:00.000Z,80,44,18,0,true,false
2026-07-12T09:17:30.000Z,18,0,18,0,false,false
2026-07-12T09:20:00.000Z,78,42,97,135,true,true
2026-07-12T09:22:30.000Z,18,0,18,0,false,false
2026-07-12T09:25:00.000Z,76,50,18,0,true,false
2026-07-12T09:27:30.000Z,18,0,18,0,false,false
2026-07-12T09:30:00.000Z,74,35,18,0,true,false
2026-07-12T09:32:30.000Z,18,0,97,124,false,true
2026-07-12T09:35:00.000Z,76,54,18,0,true,false
2026-07-12T09:37:30.000Z,18,0,18,0,false,false
2026-07-12T09:40:00.000Z,79,44,18,0,true,false
2026-07-12T09:42:30.000Z,18,0,18,0,false,false
2026-07-12T09:45:00.000Z,79,49,18,0,true,false
2026-07-12T09:47:30.000Z,18,0,18,0,false,false
2026-07-12T09:50:00.000Z,75,57,18,0,true,false
2026-07-12T09:52:30.000Z,18,0,98,123,false,true
2026-07-12T09:55:00.000Z,103,34,18,0,true,false
2026-07-12T09:57:30.000Z,18,0,18,0,false,false
2026-07-12T10:00:00.000Z,75,51,18,0,true,false
2026-07-12T10:02:30.000Z,18,0,18,0,false,false
2026-07-12T10:05:00.000Z,78,56,18,0,true,false
2026-07-12T10:07:30.000Z,18,0,97,134,false,true
2026-07-12T10:10:00.000Z,78,38,18,0,true,false
2026-07-12T10:12:30.000Z,18,0,18,0,false,false
2026-07-12T10:15:00.000Z,73,45,18,0,true,false
2026-07-12T10:17:30.000Z,18,0,18,0,false,false
2026-07-12T10:20:00.000Z,81,36,18,0,true,false
2026-07-12T10:22:30.000Z,18,0,96,128,false,true
2026-07-12T10:25:00.000Z,80,43,18,0,true,false
2026-07-12T10:27:30.000Z,18,0,18,0,false,false
2026-07-12T10:30:00.000Z,81,33,18,0,true,false
2026-07-12T10:32:30.000Z,18,0,18,0,false,false
2026-07-12T10:35:00.000Z,70,52,18,0,true,false
2026-07-12T10:37:30.000Z,18,0,95,129,false,true
2026-07-12T10:40:00.000Z,80,38,18,0,true,false
2026-07-12T10:42:30.000Z,18,0,18,0,false,false
2026-07-12T10:45:00.000Z,73,63,18,0,true,false
2026-07-12T10:47:30.000Z,18,0,18,0,false,false
2026-07-12T10:50:00.000Z,80,64,18,0,true,false
2026-07-12T10:52:30.000Z,18,0,97,123,false,true
2026-07-12T10:55:00.000Z,75,36,18,0,true,false
2026-07-12T10:57:30.000Z,18,0,18,0,false,false
2026-07-12T11:00:00.000Z,75,47,18,0,true,false
2026-07-12T11:02:30.000Z,18,0,18,0,false,false
2026-07-12T11:05:00.000Z,79,48,18,0,true,false
2026-07-12T11:07:30.000Z,18,0,18,0,false,false
2026-07-12T11:10:00.000Z,80,36,18,0,true,false
2026-07-12T11:12:30.000Z,18,0,18,0,false,false
2026-07-12T11:15:00.000Z,78,25,18,0,true,false
2026-07-12T11:17:30.000Z,18,0,18,0,false,false
2026-07-12T11:20:00.000Z,79,29,18,0,true,false
2026-07-12T11:22:30.000Z,18,0,98,126,false,true
2026-07-12T11:25:00.000Z,80,42,18,0,true,false
2026-07-12T11:27:30.000Z,18,0,18,0,false,false
2026-07-12T11:30:00.000Z,80,50,18,0,true,false
2026-07-12T11:32:30.000Z,18,0,18,0,false,false
2026-07-12T11:35:00.000Z,82,35,18,0,true,false
2026-07-12T11:37:30.000Z,18,0,99,141,false,true
2026-07-12T11:40:00.000Z,75,51,18,0,true,false
2026-07-12T11:42:30.000Z,18,0,18,0,false,false
2026-07-12T11:45:00.000Z,82,35,18,0,true,false
2026-07-12T11:47:30.000Z,18,0,18,0,false,false
2026-07-12T11:50:00.000Z,77,48,18,0,true,false
2026-07-12T11:52:30.000Z,18,0,97,129,false,true
2026-07-12T11:55:00.000Z,86,40,18,0,true,false
2026-07-12T11:57:30.000Z,18,0,18,0,false,false
2026-07-12T12:00:00.000Z,80,31,18,0,true,false
2026-07-12T12:02:30.000Z,18,0,18,0,false,false
2026-07-12T12:05:00.000Z,83,36,18,0,true,false
2026-07-12T12:07:30.000Z,18,0,18,0,false,false
2026-07-12T12:10:00.000Z,81,36,97,126,true,true
2026-07-12T12:12:30.000Z,18,0,18,0,false,false
2026-07-12T12:15:00.000Z,86,35,18,0,true,false
2026-07-12T12:17:30.000Z,18,0,18,0,false,false
2026-07-12T12:20:00.000Z,78,39,18,0,true,false
2026-07-12T12:22:30.000Z,18,0,18,0,false,false
2026-07-12T12:25:00.000Z,77,49,18,0,true,false
2026-07-12T12:27:30.000Z,18,0,97,113,false,true
2026-07-12T12:30:00.000Z,79,45,18,0,true,false
2026-07-12T12:32:30.000Z,18,0,18,0,false,false
2026-07-12T12:35:00.000Z,81,65,18,0,true,false
2026-07-12T12:37:30.000Z,18,0,18,0,false,false
2026-07-12T12:40:00.000Z,76,43,95,128,true,true
2026-07-12T12:42:30.000Z,18,0,18,0,false,false
2026-07-12T12:45:00.000Z,84,45,18,0,true,false
2026-07-12T12:47:30.000Z,18,0,18,0,false,false
2026-07-12T12:50:00.000Z,77,44,18,0,true,false
2026-07-12T12:52:30.000Z,18,0,18,0,false,false
2026-07-12T12:55:00.000Z,83,45,98,128,true,true
2026-07-12T12:57:30.000Z,18,0,18,0,false,false
2026-07-12T13:00:00.000Z,86,33,18,0,true,false
2026-07-12T13:02:30.000Z,18,0,18,0,false,false
2026-07-12T13:05:00.000Z,74,48,18,0,true,false
2026-07-12T13:07:30.000Z,18,0,18,0,false,false
2026-07-12T13:10:00.000Z,80,42,18,0,true,false
2026-07-12T13:12:30.000Z,18,0,18,0,false,false
2026-07-12T13:15:00.000Z,82,41,97,128,true,true
2026-07-12T13:17:30.000Z,18,0,18,0,false,false
2026-07-12T13:20:00.000Z,88,59,18,0,true,false
2026-07-12T13:22:30.000Z,18,0,18,0,false,false
2026-07-12T13:25:00.000Z,84,48,18,0,true,false
2026-07-12T13:27:30.000Z,18,0,96,128,false,true
2026-07-12T13:30:00.000Z,79,26,18,0,true,false
2026-07-12T13:32:30.000Z,18,0,18,0,false,false
2026-07-12T13:35:00.000Z,83,54,18,0,true,false
2026-07-12T13:37:30.000Z,18,0,97,127,false,true
2026-07-12T13:40:00.000Z,82,48,18,0,true,false
2026-07-12T13:42:30.000Z,18,0,18,0,false,false
2026-07-12T13:45:00.000Z,87,32,18,0,true,false
2026-07-12T13:47:30.000Z,18,0,18,0,false,false
2026-07-12T13:50:00.000Z,80,45,18,0,true,false
2026-07-12T13:52:30.000Z,18,0,97,126,false,true
2026-07-12T13:55:00.000Z,81,48,18,0,true,false
2026-07-12T13:57:30.000Z,18,0,18,0,false,false
2026-07-12T14:00:00.000Z,86,29,18,0,true,false
2026-07-12T14:02:30.000Z,18,0,18,0,false,false
2026-07-12T14:05:00.000Z,78,47,96,114,true,true
2026-07-12T14:07:30.000Z,18,0,18,0,false,false
2026-07-12T14:10:00.000Z,80,38,18,0,true,false
2026-07-12T14:12:30.000Z,18,0,18,0,false,false
2026-07-12T14:15:00.000Z,81,52,18,0,true,false
2026-07-12T14:17:30.000Z,18,0,18,0,false,false
2026-07-12T14:20:00.000Z,82,56,18,0,true,false
2026-07-12T14:22:30.000Z,18,0,18,0,false,false
2026-07-12T14:25:00.000Z,18,0,95,125,false,true
2026-07-12T14:27:30.000Z,18,0,18,0,false,false
2026-07-12T14:30:00.000Z,84,34,18,0,true,false
2026-07-12T14:32:30.000Z,18,0,18,0,false,false
2026-07-12T14:35:00.000Z,107,37,18,0,true,false
2026-07-12T14:37:30.000Z,18,0,18,0,false,false
2026-07-12T14:40:00.000Z,83,53,96,123,true,true
2026-07-12T14:42:30.000Z,18,0,18,0,false,false
2026-07-12T14:45:00.000Z,81,39,18,0,true,false
2026-07-12T14:47:30.000Z,18,0,18,0,false,false
2026-07-12T14:50:00.000Z,80,39,18,0,true,false
2026-07-12T14:52:30.000Z,18,0,18,0,false,false
2026-07-12T14:55:00.000Z,77,44,18,0,true,false
2026-07-12T14:57:30.000Z,18,0,95,125,false,true
2026-07-12T15:00:00.000Z,82,37,18,0,true,false
2026-07-12T15:02:30.000Z,18,0,18,0,false,false
2026-07-12T15:05:00.000Z,85,35,18,0,true,false
2026-07-12T15:07:30.000Z,18,0,18,0,false,false
2026-07-12T15:10:00.000Z,79,48,18,0,true,false
2026-07-12T15:12:30.000Z,18,0,97,122,false,true
2026-07-12T15:15:00.000Z,83,38,18,0,true,false
2026-07-12T15:17:30.000Z,18,0,18,0,false,false
2026-07-12T15:20:00.000Z,86,43,18,0,true,false
2026-07-12T15:22:30.000Z,18,0,18,0,false,false
2026-07-12T15:25:00.000Z,86,45,18,0,true,false
2026-07-12T15:27:30.000Z,18,0,97,123,false,true
2026-07-12T15:30:00.000Z,88,35,18,0,true,false
2026-07-12T15:32:30.000Z,18,0,18,0,false,false
2026-07-12T15:35:00.000Z,80,48,18,0,true,false
2026-07-12T15:37:30.000Z,18,0,18,0,false,false
2026-07-12T15:40:00.000Z,87,39,18,0,true,false
2026-07-12T15:42:30.000Z,18,0,95,129,false,true
2026-07-12T15:45:00.000Z,18,0,18,0,false,false
2026-07-12T15:47:30.000Z,18,0,18,0,false,false
2026-07-12T15:50:00.000Z,80,52,18,0,true,false
2026-07-12T15:52:30.000Z,18,0,18,0,false,false
2026-07-12T15:55:00.000Z,81,39,97,119,true,true
2026-07-12T15:57:30.000Z,18,0,18,0,false,false
2026-07-12T16:00:00.000Z,86,36,18,0,true,false
2026-07-12T16:02:30.000Z,18,0,18,0,false,false
2026-07-12T16:05:00.000Z,81,48,18,0,true,false
2026-07-12T16:07:30.000Z,18,0,18,0,false,false
2026-07-12T16:10:00.000Z,107,22,98,122,true,true
2026-07-12T16:12:30.000Z,18,0,18,0,false,false
2026-07-12T16:15:00.000Z,89,45,18,0,true,false
2026-07-12T16:17:30.000Z,18,0,18,0,false,false
2026-07-12T16:20:00.000Z,79,42,18,0,true,false
2026-07-12T16:22:30.000Z,18,0,18,0,false,false
2026-07-12T16:25:00.000Z,83,36,18,0,true,false
2026-07-12T16:27:30.000Z,18,0,18,0,false,false
2026-07-12T16:30:00.000Z,80,41,96,133,true,true
2026-07-12T16:32:30.000Z,18,0,18,0,false,false
2026-07-12T16:35:00.000Z,82,54,18,0,true,false
2026-07-12T16:37:30.000Z,18,0,18,0,false,false
2026-07-12T16:40:00.000Z,79,38,18,0,true,false
2026-07-12T16:42:30.000Z,18,0,18,0,false,false
2026-07-12T16:45:00.000Z,88,48,18,0,true,false
2026-07-12T16:47:30.000Z,18,0,18,0,false,false
2026-07-12T16:50:00.000Z,87,49,98,128,true,true
2026-07-12T16:52:30.000Z,18,0,18,0,false,false
2026-07-12T16:55:00.000Z,83,23,18,0,true,false
2026-07-12T16:57:30.000Z,18,0,18,0,false,false
2026-07-12T17:00:00.000Z,79,42,18,0,true,false
2026-07-12T17:02:30.000Z,18,0,98,129,false,true
2026-07-12T17:05:00.000Z,84,27,18,0,true,false
2026-07-12T17:07:30.000Z,18,0,18,0,false,false
2026-07-12T17:10:00.000Z,79,43,18,0,true,false
2026-07-12T17:12:30.000Z,18,0,18,0,false,false
2026-07-12T17:15:00.000Z,79,35,18,0,true,false
2026-07-12T17:17:30.000Z,18,0,95,123,false,true
2026-07-12T17:20:00.000Z,79,34,18,0,true,false
2026-07-12T17:22:30.000Z,18,0,18,0,false,false
2026-07-12T17:25:00.000Z,101,47,18,0,true,false
2026-07-12T17:27:30.000Z,18,0,96,137,false,true
2026-07-12T17:30:00.000Z,83,33,18,0,true,false
2026-07-12T17:32:30.000Z,18,0,18,0,false,false
2026-07-12T17:35:00.000Z,18,0,18,0,false,false
2026-07-12T17:37:30.000Z,18,0,18,0,false,false
2026-07-12T17:40:00.000Z,78,39,18,0,true,false
2026-07-12T17:42:30.000Z,18,0,96,132,false,true
2026-07-12T17:45:00.000Z,107,21,18,0,true,false
2026-07-12T17:47:30.000Z,18,0,18,0,false,false
2026-07-12T17:50:00.000Z,18,0,18,0,false,false
2026-07-12T17:52:30.000Z,18,0,18,0,false,false
2026-07-12T17:55:00.000Z,76,39,18,0,true,false
2026-07-12T17:57:30.000Z,18,0,18,0,false,false
2026-07-12T18:00:00.000Z,76,71,98,130,true,true
2026-07-12T18:02:30.000Z,18,0,18,0,false,false
2026-07-12T18:05:00.000Z,75,51,18,0,true,false
2026-07-12T18:07:30.000Z,18,0,18,0,false,false
2026-07-12T18:10:00.000Z,77,67,18,0,true,false
2026-07-12T18:12:30.000Z,18,0,18,0,false,false
2026-07-12T18:15:00.000Z,80,29,96,119,true,true
2026-07-12T18:17:30.000Z,18,0,18,0,false,false
2026-07-12T18:20:00.000Z,79,31,18,0,true,false
2026-07-12T18:22:30.000Z,18,0,18,0,false,false
2026-07-12T18:25:00.000Z,82,55,97,125,true,true
2026-07-12T18:27:30.000Z,18,0,18,0,false,false
2026-07-12T18:30:00.000Z,80,62,18,0,true,false
2026-07-12T18:32:30.000Z,18,0,18,0,false,false
2026-07-12T18:35:00.000Z,76,37,18,0,true,false
2026-07-12T18:37:30.000Z,18,0,18,0,false,false
2026-07-12T18:40:00.000Z,80,42,18,0,true,false
2026-07-12T18:42:30.000Z,18,0,96,135,false,true
2026-07-12T18:45:00.000Z,78,56,18,0,true,false
2026-07-12T18:47:30.000Z,18,0,18,0,false,false
2026-07-12T18:50:00.000Z,77,52,18,0,true,false
2026-07-12T18:52:30.000Z,18,0,18,0,false,false
2026-07-12T18:55:00.000Z,83,45,18,0,true,false
2026-07-12T18:57:30.000Z,18,0,18,0,false,false
2026-07-12T19:00:00.000Z,77,30,18,0,true,false
2026-07-12T19:02:30.000Z,18,0,95,125,false,true
2026-07-12T19:05:00.000Z,79,55,18,0,true,false
2026-07-12T19:07:30.000Z,18,0,18,0,false,false
2026-07-12T19:10:00.000Z,79,30,18,0,true,false
2026-07-12T19:12:30.000Z,18,0,18,0,false,false
2026-07-12T19:15:00.000Z,81,52,18,0,true,false
2026-07-12T19:17:30.000Z,18,0,99,127,false,true
2026-07-12T19:20:00.000Z,82,37,18,0,true,false
2026-07-12T19:22:30.000Z,18,0,18,0,false,false
2026-07-12T19:25:00.000Z,77,39,18,0,true,false
2026-07-12T19:27:30.000Z,18,0,18,0,false,false
2026-07-12T19:30:00.000Z,74,36,18,0,true,false
2026-07-12T19:32:30.000Z,18,0,18,0,false,false
2026-07-12T19:35:00.000Z,77,41,18,0,true,false
2026-07-12T19:37:30.000Z,18,0,18,0,false,false
2026-07-12T19:40:00.000Z,77,38,18,0,true,false
2026-07-12T19:42:30.000Z,18,0,95,131,false,true
2026-07-12T19:45:00.000Z,73,28,18,0,true,false
2026-07-12T19:47:30.000Z,18,0,18,0,false,false
2026-07-12T19:50:00.000Z,77,43,18,0,true,false
2026-07-12T19:52:30.000Z,18,0,18,0,false,false
2026-07-12T19:55:00.000Z,71,40,18,0,true,false
2026-07-12T19:57:30.000Z,18,0,96,125,false,true
2026-07-12T20:00:00.000Z,75,45,18,0,true,false
2026-07-12T20:02:30.000Z,18,0,18,0,false,false
2026-07-12T20:05:00.000Z,100,39,18,0,true,false
2026-07-12T20:07:30.000Z,18,0,18,0,false,false
2026-07-12T20:10:00.000Z,72,58,18,0,true,false
2026-07-12T20:12:30.000Z,18,0,96,126,false,true
2026-07-12T20:15:00.000Z,75,39,18,0,true,false
2026-07-12T20:17:30.000Z,18,0,18,0,false,false
2026-07-12T20:20:00.000Z,75,45,18,0,true,false
2026-07-12T20:22:30.000Z,18,0,18,0,false,false
2026-07-12T20:25:00.000Z,105,27,18,0,true,false
2026-07-12T20:27:30.000Z,18,0,18,0,false,false
2026-07-12T20:30:00.000Z,75,46,96,117,true,true
2026-07-12T20:32:30.000Z,18,0,18,0,false,false
2026-07-12T20:35:00.000Z,18,0,18,0,false,false
2026-07-12T20:37:30.000Z,18,0,18,0,false,false
2026-07-12T20:40:00.000Z,77,46,18,0,true,false
2026-07-12T20:42:30.000Z,18,0,18,0,false,false
2026-07-12T20:45:00.000Z,18,0,96,125,false,true
2026-07-12T20:47:30.000Z,18,0,18,0,false,false
2026-07-12T20:50:00.000Z,80,30,18,0,true,false
2026-07-12T20:52:30.000Z,18,0,18,0,false,false
2026-07-12T20:55:00.000Z,75,35,18,0,true,false
2026-07-12T20:57:30.000Z,18,0,18,0,false,false
2026-07-12T21:00:00.000Z,71,37,97,131,true,true
2026-07-12T21:02:30.000Z,18,0,18,0,false,false
2026-07-12T21:05:00.000Z,73,41,18,0,true,false
2026-07-12T21:07:30.000Z,18,0,18,0,false,false
2026-07-12T21:10:00.000Z,18,0,18,0,false,false
2026-07-12T21:12:30.000Z,18,0,18,0,false,false
2026-07-12T21:15:00.000Z,69,45,96,127,true,true
2026-07-12T21:17:30.000Z,18,0,18,0,false,false
2026-07-12T21:20:00.000Z,78,36,18,0,true,false
2026-07-12T21:22:30.000Z,18,0,18,0,false,false
2026-07-12T21:25:00.000Z,70,46,18,0,true,false
2026-07-12T21:27:30.000Z,18,0,18,0,false,false
2026-07-12T21:30:00.000Z,72,37,98,125,true,true
2026-07-12T21:32:30.000Z,18,0,18,0,false,false
2026-07-12T21:35:00.000Z,76,52,18,0,true,false
2026-07-12T21:37:30.000Z,18,0,18,0,false,false
2026-07-12T21:40:00.000Z,75,34,18,0,true,false
2026-07-12T21:42:30.000Z,18,0,18,0,false,false
2026-07-12T21:45:00.000Z,74,54,96,121,true,true
2026-07-12T21:47:30.000Z,18,0,18,0,false,false
2026-07-12T21:50:00.000Z,71,71,18,0,true,false
2026-07-12T21:52:30.000Z,18,0,18,0,false,false
2026-07-12T21:55:00.000Z,69,30,18,0,true,false
2026-07-12T21:57:30.000Z,18,0,18,0,false,false
2026-07-12T22:00:00.000Z,74,32,94,122,true,true
2026-07-12T22:02:30.000Z,18,0,18,0,false,false
2026-07-12T22:05:00.000Z,72,63,18,0,true,false
2026-07-12T22:07:30.000Z,18,0,18,0,false,false
2026-07-12T22:10:00.000Z,73,53,18,0,true,false
2026-07-12T22:12:30.000Z,18,0,96,131,false,true
2026-07-12T22:15:00.000Z,68,50,18,0,true,false
2026-07-12T22:17:30.000Z,18,0,18,0,false,false
2026-07-12T22:20:00.000Z,75,35,18,0,true,false
2026-07-12T22:22:30.000Z,18,0,18,0,false,false
2026-07-12T22:25:00.000Z,76,47,18,0,true,false
2026-07-12T22:27:30.000Z,18,0,18,0,false,false
2026-07-12T22:30:00.000Z,89,35,98,131,true,true
2026-07-12T22:32:30.000Z,18,0,18,0,false,false
2026-07-12T22:35:00.000Z,74,42,18,0,true,false
2026-07-12T22:37:30.000Z,18,0,18,0,false,false
2026-07-12T22:40:00.000Z,71,54,96,130,true,true
2026-07-12T22:42:30.000Z,18,0,18,0,false,false
2026-07-12T22:45:00.000Z,66,64,18,0,true,false
2026-07-12T22:47:30.000Z,18,0,18,0,false,false
2026-07-12T22:50:00.000Z,68,67,18,0,true,false
2026-07-12T22:52:30.000Z,18,0,18,0,false,false
2026-07-12T22:55:00.000Z,70,38,97,127,true,true
2026-07-12T22:57:30.000Z,18,0,18,0,false,false
2026-07-12T23:00:00.000Z,57,60,18,0,true,false
2026-07-12T23:02:30.000Z,18,0,18,0,false,false
2026-07-12T23:05:00.000Z,56,104,18,0,true,false
2026-07-12T23:07:30.000Z,18,0,18,0,false,false
2026-07-12T23:10:00.000Z,61,48,95,118,true,true
2026-07-12T23:12:30.000Z,18,0,18,0,false,false
2026-07-12T23:15:00.000Z,58,75,18,0,true,false
2026-07-12T23:17:30.000Z,18,0,18,0,false,false
2026-07-12T23:20:00.000Z,56,65,18,0,true,false
2026-07-12T23:22:30.000Z,18,0,18,0,false,false
2026-07-12T23:25:00.000Z,57,46,96,116,true,true
2026-07-12T23:27:30.000Z,18,0,18,0,false,false
2026-07-12T23:30:00.000Z,59,41,18,0,true,false
2026-07-12T23:32:30.000Z,18,0,18,0,false,false
2026-07-12T23:35:00.000Z,60,57,18,0,true,false
2026-07-12T23:37:30.000Z,18,0,18,0,false,false
2026-07-12T23:40:00.000Z,57,60,95,116,true,true
2026-07-12T23:42:30.000Z,18,0,18,0,false,false
2026-07-12T23:45:00.000Z,62,78,18,0,true,false
2026-07-12T23:47:30.000Z,18,0,18,0,false,false
2026-07-12T23:50:00.000Z,60,77,18,0,true,false
2026-07-12T23:52:30.000Z,18,0,18,0,false,false
2026-07-12T23:55:00.000Z,57,71,95,117,true,true
2026-07-12T23:57:30.000Z,18,0,18,0,false,false
2026-07-13T00:00:00.000Z,58,54,18,0,true,false
2026-07-13T00:02:30.000Z,18,0,18,0,false,false
2026-07-13T00:05:00.000Z,60,77,18,0,true,false
2026-07-13T00:07:30.000Z,18,0,18,0,false,false
2026-07-13T00:10:00.000Z,57,45,94,119,true,true
2026-07-13T00:12:30.000Z,18,0,18,0,false,false
2026-07-13T00:15:00.000Z,58,79,18,0,true,false
2026-07-13T00:17:30.000Z,18,0,18,0,false,false
2026-07-13T00:20:00.000Z,58,69,18,0,true,false
2026-07-13T00:22:30.000Z,18,0,18,0,false,false
2026-07-13T00:25:00.000Z,58,55,95,118,true,true
2026-07-13T00:27:30.000Z,18,0,18,0,false,false
2026-07-13T00:30:00.000Z,58,80,18,0,true,false
2026-07-13T00:32:30.000Z,18,0,18,0,false,false
2026-07-13T00:35:00.000Z,55,68,18,0,true,false
2026-07-13T00:37:30.000Z,18,0,18,0,false,false
2026-07-13T00:40:00.000Z,60,56,96,123,true,true
2026-07-13T00:42:30.000Z,18,0,18,0,false,false
2026-07-13T00:45:00.000Z,59,67,18,0,true,false
2026-07-13T00:47:30.000Z,18,0,18,0,false,false
2026-07-13T00:50:00.000Z,60,61,18,0,true,false
2026-07-13T00:52:30.000Z,18,0,18,0,false,false
2026-07-13T00:55:00.000Z,57,47,95,120,true,true
2026-07-13T00:57:30.000Z,18,0,18,0,false,false
2026-07-13T01:00:00.000Z,55,82,18,0,true,false
2026-07-13T01:02:30.000Z,18,0,18,0,false,false
2026-07-13T01:05:00.000Z,56,56,18,0,true,false
2026-07-13T01:07:30.000Z,18,0,18,0,false,false
2026-07-13T01:10:00.000Z,56,58,97,121,true,true
2026-07-13T01:12:30.000Z,18,0,18,0,false,false
2026-07-13T01:15:00.000Z,59,86,18,0,true,false
2026-07-13T01:17:30.000Z,18,0,18,0,false,false
2026-07-13T01:20:00.000Z,57,57,18,0,true,false
2026-07-13T01:22:30.000Z,18,0,18,0,false,false
2026-07-13T01:25:00.000Z,55,59,95,121,true,true
2026-07-13T01:27:30.000Z,18,0,18,0,false,false
2026-07-13T01:30:00.000Z,58,60,18,0,true,false
2026-07-13T01:32:30.000Z,18,0,18,0,false,false
2026-07-13T01:35:00.000Z,56,87,18,0,true,false
2026-07-13T01:37:30.000Z,18,0,18,0,false,false
2026-07-13T01:40:00.000Z,57,54,96,111,true,true
2026-07-13T01:42:30.000Z,18,0,18,0,false,false
2026-07-13T01:45:00.000Z,59,75,18,0,true,false
2026-07-13T01:47:30.000Z,18,0,18,0,false,false
2026-07-13T01:50:00.000Z,61,59,18,0,true,false
2026-07-13T01:52:30.000Z,18,0,18,0,false,false
2026-07-13T01:55:00.000Z,59,64,96,113,true,true
2026-07-13T01:57:30.000Z,18,0,18,0,false,false
2026-07-13T02:00:00.000Z,54,65,18,0,true,false
2026-07-13T02:02:30.000Z,18,0,18,0,false,false
2026-07-13T02:05:00.000Z,58,71,18,0,true,false
2026-07-13T02:07:30.000Z,18,0,18,0,false,false
2026-07-13T02:10:00.000Z,57,85,95,120,true,true
2026-07-13T02:12:30.000Z,18,0,18,0,false,false
2026-07-13T02:15:00.000Z,56,58,18,0,true,false
2026-07-13T02:17:30.000Z,18,0,18,0,false,false
2026-07-13T02:20:00.000Z,58,64,18,0,true,false
2026-07-13T02:22:30.000Z,18,0,18,0,false,false
2026-07-13T02:25:00.000Z,59,61,96,123,true,true
2026-07-13T02:27:30.000Z,18,0,18,0,false,false
2026-07-13T02:30:00.000Z,57,65,18,0,true,false
2026-07-13T02:32:30.000Z,18,0,18,0,false,false
2026-07-13T02:35:00.000Z,61,47,18,0,true,false
2026-07-13T02:37:30.000Z,18,0,18,0,false,false
2026-07-13T02:40:00.000Z,59,41,95,115,true,true
2026-07-13T02:42:30.000Z,18,0,18,0,false,false
2026-07-13T02:45:00.000Z,59,54,18,0,true,false
2026-07-13T02:47:30.000Z,18,0,18,0,false,false
2026-07-13T02:50:00.000Z,56,77,18,0,true,false
2026-07-13T02:52:30.000Z,18,0,18,0,false,false
2026-07-13T02:55:00.000Z,56,73,18,0,true,false
2026-07-13T02:57:30.000Z,18,0,18,0,false,false
2026-07-13T03:00:00.000Z,59,86,18,0,true,false
2026-07-13T03:02:30.000Z,18,0,18,0,false,false
2026-07-13T03:05:00.000Z,61,42,18,0,true,false
2026-07-13T03:07:30.000Z,18,0,18,0,false,false
2026-07-13T03:10:00.000Z,56,86,97,113,true,true
2026-07-13T03:12:30.000Z,18,0,18,0,false,false
2026-07-13T03:15:00.000Z,57,57,18,0,true,false
2026-07-13T03:17:30.000Z,18,0,18,0,false,false
2026-07-13T03:20:00.000Z,57,42,18,0,true,false
2026-07-13T03:22:30.000Z,18,0,18,0,false,false
2026-07-13T03:25:00.000Z,60,64,95,124,true,true
2026-07-13T03:27:30.000Z,18,0,18,0,false,false
2026-07-13T03:30:00.000Z,55,68,18,0,true,false
2026-07-13T03:32:30.000Z,18,0,18,0,false,false
2026-07-13T03:35:00.000Z,57,62,18,0,true,false
2026-07-13T03:37:30.000Z,18,0,18,0,false,false
2026-07-13T03:40:00.000Z,57,72,18,0,true,false
2026-07-13T03:42:30.000Z,18,0,18,0,false,false
2026-07-13T03:45:00.000Z,52,60,18,0,true,false
2026-07-13T03:47:30.000Z,18,0,18,0,false,false
2026-07-13T03:50:00.000Z,60,64,18,0,true,false
2026-07-13T03:52:30.000Z,18,0,18,0,false,false
2026-07-13T03:55:00.000Z,52,66,96,128,true,true
2026-07-13T03:57:30.000Z,18,0,18,0,false,false
2026-07-13T04:00:00.000Z,58,45,18,0,true,false
2026-07-13T04:02:30.000Z,18,0,18,0,false,false
2026-07-13T04:05:00.000Z,59,72,18,0,true,false
2026-07-13T04:07:30.000Z,18,0,18,0,false,false
2026-07-13T04:10:00.000Z,56,68,92,122,true,true
2026-07-13T04:12:30.000Z,18,0,18,0,false,false
2026-07-13T04:15:00.000Z,55,74,18,0,true,false
2026-07-13T04:17:30.000Z,18,0,18,0,false,false
2026-07-13T04:20:00.000Z,58,94,18,0,true,false
2026-07-13T04:22:30.000Z,18,0,18,0,false,false
2026-07-13T04:25:00.000Z,56,83,93,108,true,true
2026-07-13T04:27:30.000Z,18,0,18,0,false,false
2026-07-13T04:30:00.000Z,62,48,18,0,true,false
2026-07-13T04:32:30.000Z,18,0,18,0,false,false
2026-07-13T04:35:00.000Z,54,70,18,0,true,false
2026-07-13T04:37:30.000Z,18,0,18,0,false,false
2026-07-13T04:40:00.000Z,56,40,95,124,true,true
2026-07-13T04:42:30.000Z,18,0,18,0,false,false
2026-07-13T04:45:00.000Z,56,39,18,0,true,false
2026-07-13T04:47:30.000Z,18,0,18,0,false,false
2026-07-13T04:50:00.000Z,57,57,18,0,true,false
2026-07-13T04:52:30.000Z,18,0,18,0,false,false
2026-07-13T04:55:00.000Z,56,80,95,131,true,true
2026-07-13T04:57:30.000Z,18,0,18,0,false,false
2026-07-13T05:00:00.000Z,55,43,18,0,true,false
2026-07-13T05:02:30.000Z,18,0,18,0,false,false
2026-07-13T05:05:00.000Z,59,60,18,0,true,false
2026-07-13T05:07:30.000Z,18,0,18,0,false,false
2026-07-13T05:10:00.000Z,59,71,95,113,true,true
2026-07-13T05:12:30.000Z,18,0,18,0,false,false
2026-07-13T05:15:00.000Z,59,62,18,0,true,false
2026-07-13T05:17:30.000Z,18,0,18,0,false,false
2026-07-13T05:20:00.000Z,56,53,18,0,true,false
2026-07-13T05:22:30.000Z,18,0,18,0,false,false
2026-07-13T05:25:00.000Z,58,82,97,112,true,true
2026-07-13T05:27:30.000Z,18,0,18,0,false,false
2026-07-13T05:30:00.000Z,59,73,18,0,true,false
2026-07-13T05:32:30.000Z,18,0,18,0,false,false
2026-07-13T05:35:00.000Z,64,50,18,0,true,false
2026-07-13T05:37:30.000Z,18,0,18,0,false,false
2026-07-13T05:40:00.000Z,59,40,96,115,true,true
2026-07-13T05:42:30.000Z,18,0,18,0,false,false
2026-07-13T05:45:00.000Z,18,0,18,0,false,false
2026-07-13T05:47:30.000Z,18,0,18,0,false,false
2026-07-13T05:50:00.000Z,59,76,18,0,true,false
2026-07-13T05:52:30.000Z,18,0,18,0,false,false
2026-07-13T05:55:00.000Z,58,56,96,120,true,true
2026-07-13T05:57:30.000Z,18,0,18,0,false,false
2026-07-13T06:00:00.000Z,61,64,18,0,true,false
2026-07-13T06:02:30.000Z,18,0,18,0,false,false
2026-07-13T06:05:00.000Z,60,54,18,0,true,false
2026-07-13T06:07:30.000Z,18,0,18,0,false,false
2026-07-13T06:10:00.000Z,58,80,18,0,true,false
2026-07-13T06:12:30.000Z,18,0,18,0,false,false
2026-07-13T06:15:00.000Z,61,64,18,0,true,false
2026-07-13T06:17:30.000Z,18,0,18,0,false,false
2026-07-13T06:20:00.000Z,59,59,18,0,true,false
2026-07-13T06:22:30.000Z,18,0,18,0,false,false
2026-07-13T06:25:00.000Z,59,47,97,113,true,true
2026-07-13T06:27:30.000Z,18,0,18,0,false,false
2026-07-13T06:30:00.000Z,56,49,18,0,true,false
2026-07-13T06:32:30.000Z,18,0,18,0,false,false
2026-07-13T06:35:00.000Z,59,49,18,0,true,false
2026-07-13T06:37:30.000Z,18,0,18,0,false,false
2026-07-13T06:40:00.000Z,58,67,97,116,true,true
2026-07-13T06:42:30.000Z,18,0,18,0,false,false
2026-07-13T06:45:00.000Z,59,68,18,0,true,false
2026-07-13T06:47:30.000Z,18,0,18,0,false,false
2026-07-13T06:50:00.000Z,56,58,18,0,true,false
2026-07-13T06:52:30.000Z,18,0,18,0,false,false
2026-07-13T06:55:00.000Z,56,47,99,112,true,true
2026-07-13T06:57:30.000Z,18,0,18,0,false,false
2026-07-13T07:00:00.000Z,65,25,18,0,true,false
2026-07-13T07:02:30.000Z,18,0,18,0,false,false
2026-07-13T07:05:00.000Z,65,46,18,0,true,false
2026-07-13T07:07:30.000Z,18,0,18,0,false,false
2026-07-13T07:10:00.000Z,66,56,96,127,true,true
2026-07-13T07:12:30.000Z,18,0,18,0,false,false
2026-07-13T07:15:00.000Z,72,66,18,0,true,false
2026-07-13T07:17:30.000Z,18,0,18,0,false,false
2026-07-13T07:20:00.000Z,66,39,18,0,true,false
2026-07-13T07:22:30.000Z,18,0,18,0,false,false
2026-07-13T07:25:00.000Z,71,36,18,0,true,false
2026-07-13T07:27:30.000Z,18,0,96,123,false,true
2026-07-13T07:30:00.000Z,72,31,18,0,true,false
2026-07-13T07:32:30.000Z,18,0,18,0,false,false
2026-07-13T07:35:00.000Z,63,44,18,0,true,false
2026-07-13T07:37:30.000Z,18,0,97,129,false,true
2026-07-13T07:40:00.000Z,70,35,18,0,true,false
2026-07-13T07:42:30.000Z,18,0,18,0,false,false
2026-07-13T07:45:00.000Z,73,45,18,0,true,false
2026-07-13T07:47:30.000Z,18,0,18,0,false,false
2026-07-13T07:50:00.000Z,72,42,18,0,true,false
2026-07-13T07:52:30.000Z,18,0,98,122,false,true
2026-07-13T07:55:00.000Z,70,44,18,0,true,false
2026-07-13T07:57:30.000Z,18,0,18,0,false,false
2026-07-13T08:00:00.000Z,74,42,18,0,true,false
2026-07-13T08:02:30.000Z,18,0,18,0,false,false
2026-07-13T08:05:00.000Z,72,45,18,0,true,false
2026-07-13T08:07:30.000Z,18,0,18,0,false,false
2026-07-13T08:10:00.000Z,75,55,97,122,true,true
2026-07-13T08:12:30.000Z,18,0,18,0,false,false
2026-07-13T08:15:00.000Z,80,35,18,0,true,false
2026-07-13T08:17:30.000Z,18,0,18,0,false,false
2026-07-13T08:20:00.000Z,74,58,18,0,true,false
2026-07-13T08:22:30.000Z,18,0,18,0,false,false
2026-07-13T08:25:00.000Z,76,59,18,0,true,false
2026-07-13T08:27:30.000Z,18,0,95,130,false,true
2026-07-13T08:30:00.000Z,74,59,18,0,true,false
2026-07-13T08:32:30.000Z,18,0,18,0,false,false
2026-07-13T08:35:00.000Z,70,57,18,0,true,false
2026-07-13T08:37:30.000Z,18,0,18,0,false,false
2026-07-13T08:40:00.000Z,77,49,98,139,true,true
2026-07-13T08:42:30.000Z,18,0,18,0,false,false
2026-07-13T08:45:00.000Z,71,40,18,0,true,false
2026-07-13T08:47:30.000Z,18,0,18,0,false,false
2026-07-13T08:50:00.000Z,72,57,18,0,true,false
2026-07-13T08:52:30.000Z,18,0,18,0,false,false
2026-07-13T08:55:00.000Z,79,56,96,119,true,true
2026-07-13T08:57:30.000Z,18,0,18,0,false,false
2026-07-13T09:00:00.000Z,78,42,18,0,true,false
2026-07-13T09:02:30.000Z,18,0,18,0,false,false
2026-07-13T09:05:00.000Z,79,38,18,0,true,false
2026-07-13T09:07:30.000Z,18,0,18,0,false,false
2026-07-13T09:10:00.000Z,18,0,96,127,false,true
2026-07-13T09:12:30.000Z,18,0,18,0,false,false
2026-07-13T09:15:00.000Z,74,46,18,0,true,false
2026-07-13T09:17:30.000Z,18,0,18,0,false,false
2026-07-13T09:20:00.000Z,71,47,18,0,true,false
2026-07-13T09:22:30.000Z,18,0,99,119,false,true
2026-07-13T09:25:00.000Z,75,41,18,0,true,false
2026-07-13T09:27:30.000Z,18,0,18,0,false,false
2026-07-13T09:30:00.000Z,75,58,18,0,true,false
2026-07-13T09:32:30.000Z,18,0,18,0,false,false
2026-07-13T09:35:00.000Z,77,31,18,0,true,false
2026-07-13T09:37:30.000Z,18,0,95,118,false,true
2026-07-13T09:40:00.000Z,94,31,18,0,true,false
2026-07-13T09:42:30.000Z,18,0,18,0,false,false
2026-07-13T09:45:00.000Z,76,51,18,0,true,false
2026-07-13T09:47:30.000Z,18,0,18,0,false,false
2026-07-13T09:50:00.000Z,76,54,96,121,true,true
2026-07-13T09:52:30.000Z,18,0,18,0,false,false
2026-07-13T09:55:00.000Z,72,47,18,0,true,false
2026-07-13T09:57:30.000Z,18,0,18,0,false,false
2026-07-13T10:00:00.000Z,69,39,18,0,true,false
2026-07-13T10:02:30.000Z,18,0,18,0,false,false
2026-07-13T10:05:00.000Z,18,0,18,0,false,false
2026-07-13T10:07:30.000Z,18,0,18,0,false,false
2026-07-13T10:10:00.000Z,78,43,18,0,true,false
2026-07-13T10:12:30.000Z,18,0,18,0,false,false
2026-07-13T10:15:00.000Z,80,51,18,0,true,false
2026-07-13T10:17:30.000Z,18,0,18,0,false,false
2026-07-13T10:20:00.000Z,75,38,18,0,true,false
2026-07-13T10:22:30.000Z,18,0,18,0,false,false
2026-07-13T10:25:00.000Z,78,54,18,0,true,false
2026-07-13T10:27:30.000Z,18,0,18,0,false,false
2026-07-13T10:30:00.000Z,80,53,18,0,true,false
2026-07-13T10:32:30.000Z,18,0,18,0,false,false
2026-07-13T10:35:00.000Z,77,38,18,0,true,false
2026-07-13T10:37:30.000Z,18,0,18,0,false,false
2026-07-13T10:40:00.000Z,84,31,18,0,true,false
2026-07-13T10:42:30.000Z,18,0,94,135,false,true
2026-07-13T10:45:00.000Z,82,48,18,0,true,false
2026-07-13T10:47:30.000Z,18,0,18,0,false,false
2026-07-13T10:50:00.000Z,18,0,18,0,false,false
2026-07-13T10:52:30.000Z,18,0,97,124,false,true
2026-07-13T10:55:00.000Z,78,46,18,0,true,false
2026-07-13T10:57:30.000Z,18,0,18,0,false,false
2026-07-13T11:00:00.000Z,81,36,18,0,true,false
2026-07-13T11:02:30.000Z,18,0,18,0,false,false
2026-07-13T11:05:00.000Z,80,48,18,0,true,false
2026-07-13T11:07:30.000Z,18,0,97,132,false,true
2026-07-13T11:10:00.000Z,83,64,18,0,true,false
2026-07-13T11:12:30.000Z,18,0,18,0,false,false
2026-07-13T11:15:00.000Z,74,52,18,0,true,false
2026-07-13T11:17:30.000Z,18,0,18,0,false,false
2026-07-13T11:20:00.000Z,81,57,18,0,true,false
2026-07-13T11:22:30.000Z,18,0,94,136,false,true
2026-07-13T11:25:00.000Z,81,47,18,0,true,false
2026-07-13T11:27:30.000Z,18,0,18,0,false,false
2026-07-13T11:30:00.000Z,82,31,18,0,true,false
2026-07-13T11:32:30.000Z,18,0,18,0,false,false
2026-07-13T11:35:00.000Z,82,37,18,0,true,false
2026-07-13T11:37:30.000Z,18,0,94,123,false,true
2026-07-13T11:40:00.000Z,72,33,18,0,true,false
2026-07-13T11:42:30.000Z,18,0,18,0,false,false
2026-07-13T11:45:00.000Z,82,46,18,0,true,false
2026-07-13T11:47:30.000Z,18,0,18,0,false,false
2026-07-13T11:50:00.000Z,79,30,18,0,true,false
2026-07-13T11:52:30.000Z,18,0,97,126,false,true
2026-07-13T11:55:00.000Z,76,33,18,0,true,false
2026-07-13T11:57:30.000Z,18,0,18,0,false,false
2026-07-13T12:00:00.000Z,79,30,18,0,true,false
2026-07-13T12:02:30.000Z,18,0,18,0,false,false
2026-07-13T12:05:00.000Z,81,37,18,0,true,false
2026-07-13T12:07:30.000Z,18,0,18,0,false,false
2026-07-13T12:10:00.000Z,80,51,95,133,true,true
2026-07-13T12:12:30.000Z,18,0,18,0,false,false
2026-07-13T12:15:00.000Z,82,38,18,0,true,false
2026-07-13T12:17:30.000Z,18,0,18,0,false,false
2026-07-13T12:20:00.000Z,80,49,18,0,true,false
2026-07-13T12:22:30.000Z,18,0,18,0,false,false
2026-07-13T12:25:00.000Z,80,38,98,132,true,true
2026-07-13T12:27:30.000Z,18,0,18,0,false,false
2026-07-13T12:30:00.000Z,81,58,18,0,true,false
2026-07-13T12:32:30.000Z,18,0,18,0,false,false
2026-07-13T12:35:00.000Z,80,35,95,124,true,true
2026-07-13T12:37:30.000Z,18,0,18,0,false,false
2026-07-13T12:40:00.000Z,83,37,18,0,true,false
2026-07-13T12:42:30.000Z,18,0,18,0,false,false
2026-07-13T12:45:00.000Z,82,61,18,0,true,false
2026-07-13T12:47:30.000Z,18,0,18,0,false,false
2026-07-13T12:50:00.000Z,83,40,18,0,true,false
2026-07-13T12:52:30.000Z,18,0,97,114,false,true
2026-07-13T12:55:00.000Z,70,51,18,0,true,false
2026-07-13T12:57:30.000Z,18,0,18,0,false,false
2026-07-13T13:00:00.000Z,88,30,18,0,true,false
2026-07-13T13:02:30.000Z,18,0,18,0,false,false
2026-07-13T13:05:00.000Z,77,44,18,0,true,false
2026-07-13T13:07:30.000Z,18,0,96,126,false,true
2026-07-13T13:10:00.000Z,83,34,18,0,true,false
2026-07-13T13:12:30.000Z,18,0,18,0,false,false
2026-07-13T13:15:00.000Z,79,41,18,0,true,false
2026-07-13T13:17:30.000Z,18,0,18,0,false,false
2026-07-13T13:20:00.000Z,80,46,95,125,true,true
2026-07-13T13:22:30.000Z,18,0,18,0,false,false
2026-07-13T13:25:00.000Z,81,54,18,0,true,false
2026-07-13T13:27:30.000Z,18,0,18,0,false,false
2026-07-13T13:30:00.000Z,82,56,18,0,true,false
2026-07-13T13:32:30.000Z,18,0,18,0,false,false
2026-07-13T13:35:00.000Z,78,45,98,134,true,true
2026-07-13T13:37:30.000Z,18,0,18,0,false,false
2026-07-13T13:40:00.000Z,81,58,18,0,true,false
2026-07-13T13:42:30.000Z,18,0,18,0,false,false
2026-07-13T13:45:00.000Z,80,48,18,0,true,false
2026-07-13T13:47:30.000Z,18,0,98,117,false,true
2026-07-13T13:50:00.000Z,80,52,18,0,true,false
2026-07-13T13:52:30.000Z,18,0,18,0,false,false
2026-07-13T13:55:00.000Z,100,28,18,0,true,false
2026-07-13T13:57:30.000Z,18,0,18,0,false,false
2026-07-13T14:00:00.000Z,79,64,18,0,true,false
2026-07-13T14:02:30.000Z,18,0,95,131,false,true
2026-07-13T14:05:00.000Z,83,43,18,0,true,false
2026-07-13T14:07:30.000Z,18,0,18,0,false,false
2026-07-13T14:10:00.000Z,84,39,18,0,true,false
2026-07-13T14:12:30.000Z,18,0,18,0,false,false
2026-07-13T14:15:00.000Z,82,32,18,0,true,false
2026-07-13T14:17:30.000Z,18,0,98,132,false,true
2026-07-13T14:20:00.000Z,87,38,18,0,true,false
2026-07-13T14:22:30.000Z,18,0,18,0,false,false
2026-07-13T14:25:00.000Z,78,45,18,0,true,false
2026-07-13T14:27:30.000Z,18,0,18,0,false,false
2026-07-13T14:30:00.000Z,82,50,18,0,true,false
2026-07-13T14:32:30.000Z,18,0,18,0,false,false
2026-07-13T14:35:00.000Z,83,38,97,123,true,true
2026-07-13T14:37:30.000Z,18,0,18,0,false,false
2026-07-13T14:40:00.000Z,83,52,18,0,true,false
2026-07-13T14:42:30.000Z,18,0,18,0,false,false
2026-07-13T14:45:00.000Z,82,55,18,0,true,false
2026-07-13T14:47:30.000Z,18,0,18,0,false,false
2026-07-13T14:50:00.000Z,85,39,96,131,true,true
2026-07-13T14:52:30.000Z,18,0,18,0,false,false
2026-07-13T14:55:00.000Z,85,46,18,0,true,false
2026-07-13T14:57:30.000Z,18,0,18,0,false,false
2026-07-13T15:00:00.000Z,86,91,18,0,true,false
2026-07-13T15:02:30.000Z,18,0,18,0,false,false
2026-07-13T15:05:00.000Z,81,65,18,0,true,false
2026-07-13T15:07:30.000Z,18,0,97,124,false,true
2026-07-13T15:10:00.000Z,82,38,18,0,true,false
2026-07-13T15:12:30.000Z,18,0,18,0,false,false
2026-07-13T15:15:00.000Z,83,35,18,0,true,false
2026-07-13T15:17:30.000Z,18,0,18,0,false,false
2026-07-13T15:20:00.000Z,79,37,18,0,true,false
2026-07-13T15:22:30.000Z,18,0,96,132,false,true
2026-07-13T15:25:00.000Z,80,50,18,0,true,false
2026-07-13T15:27:30.000Z,18,0,18,0,false,false
2026-07-13T15:30:00.000Z,84,31,18,0,true,false
2026-07-13T15:32:30.000Z,18,0,18,0,false,false
2026-07-13T15:35:00.000Z,81,57,18,0,true,false
2026-07-13T15:37:30.000Z,18,0,18,0,false,false
2026-07-13T15:40:00.000Z,86,45,95,134,true,true
2026-07-13T15:42:30.000Z,18,0,18,0,false,false
2026-07-13T15:45:00.000Z,80,46,18,0,true,false
2026-07-13T15:47:30.000Z,18,0,18,0,false,false
2026-07-13T15:50:00.000Z,77,40,18,0,true,false
2026-07-13T15:52:30.000Z,18,0,18,0,false,false
2026-07-13T15:55:00.000Z,76,42,18,0,true,false
2026-07-13T15:57:30.000Z,18,0,98,129,false,true
2026-07-13T16:00:00.000Z,74,48,18,0,true,false
2026-07-13T16:02:30.000Z,18,0,18,0,false,false
2026-07-13T16:05:00.000Z,82,34,18,0,true,false
2026-07-13T16:07:30.000Z,18,0,18,0,false,false
2026-07-13T16:10:00.000Z,85,33,18,0,true,false
2026-07-13T16:12:30.000Z,18,0,94,121,false,true
2026-07-13T16:15:00.000Z,89,42,18,0,true,false
2026-07-13T16:17:30.000Z,18,0,18,0,false,false
2026-07-13T16:20:00.000Z,79,27,18,0,true,false
2026-07-13T16:22:30.000Z,18,0,18,0,false,false
2026-07-13T16:25:00.000Z,82,64,18,0,true,false
2026-07-13T16:27:30.000Z,18,0,96,132,false,true
2026-07-13T16:30:00.000Z,105,25,18,0,true,false
2026-07-13T16:32:30.000Z,18,0,18,0,false,false
2026-07-13T16:35:00.000Z,81,48,18,0,true,false
2026-07-13T16:37:30.000Z,18,0,18,0,false,false
2026-07-13T16:40:00.000Z,85,55,18,0,true,false
2026-07-13T16:42:30.000Z,18,0,18,0,false,false
2026-07-13T16:45:00.000Z,78,57,18,0,true,false
2026-07-13T16:47:30.000Z,18,0,18,0,false,false
2026-07-13T16:50:00.000Z,82,48,18,0,true,false
2026-07-13T16:52:30.000Z,18,0,98,130,false,true
2026-07-13T16:55:00.000Z,87,27,18,0,true,false
2026-07-13T16:57:30.000Z,18,0,18,0,false,false
2026-07-13T17:00:00.000Z,78,34,18,0,true,false
2026-07-13T17:02:30.000Z,18,0,18,0,false,false
2026-07-13T17:05:00.000Z,18,0,18,0,false,false
2026-07-13T17:07:30.000Z,18,0,96,119,false,true
2026-07-13T17:10:00.000Z,78,32,18,0,true,false
2026-07-13T17:12:30.000Z,18,0,18,0,false,false
2026-07-13T17:15:00.000Z,81,48,18,0,true,false
2026-07-13T17:17:30.000Z,18,0,18,0,false,false
2026-07-13T17:20:00.000Z,78,28,18,0,true,false
2026-07-13T17:22:30.000Z,18,0,18,0,false,false
2026-07-13T17:25:00.000Z,81,39,97,125,true,true
2026-07-13T17:27:30.000Z,18,0,18,0,false,false
2026-07-13T17:30:00.000Z,80,33,18,0,true,false
2026-07-13T17:32:30.000Z,18,0,18,0,false,false
2026-07-13T17:35:00.000Z,81,41,18,0,true,false
2026-07-13T17:37:30.000Z,18,0,18,0,false,false
2026-07-13T17:40:00.000Z,81,61,97,121,true,true
2026-07-13T17:42:30.000Z,18,0,18,0,false,false
2026-07-13T17:45:00.000Z,79,44,18,0,true,false
2026-07-13T17:47:30.000Z,18,0,18,0,false,false
2026-07-13T17:50:00.000Z,82,27,97,132,true,true
2026-07-13T17:52:30.000Z,18,0,18,0,false,false
2026-07-13T17:55:00.000Z,82,48,18,0,true,false
2026-07-13T17:57:30.000Z,18,0,18,0,false,false
2026-07-13T18:00:00.000Z,83,47,18,0,true,false
2026-07-13T18:02:30.000Z,18,0,18,0,false,false
2026-07-13T18:05:00.000Z,79,43,98,132,true,true
2026-07-13T18:07:30.000Z,18,0,18,0,false,false
2026-07-13T18:10:00.000Z,78,28,18,0,true,false
2026-07-13T18:12:30.000Z,18,0,18,0,false,false
2026-07-13T18:15:00.000Z,81,43,95,120,true,true
2026-07-13T18:17:30.000Z,18,0,18,0,false,false
2026-07-13T18:20:00.000Z,86,47,18,0,true,false
2026-07-13T18:22:30.000Z,18,0,18,0,false,false
2026-07-13T18:25:00.000Z,84,63,18,0,true,false
2026-07-13T18:27:30.000Z,18,0,99,132,false,true
2026-07-13T18:30:00.000Z,84,39,18,0,true,false
2026-07-13T18:32:30.000Z,18,0,18,0,false,false
2026-07-13T18:35:00.000Z,77,34,18,0,true,false
2026-07-13T18:37:30.000Z,18,0,18,0,false,false
2026-07-13T18:40:00.000Z,80,39,18,0,true,false
2026-07-13T18:42:30.000Z,18,0,18,0,false,false
2026-07-13T18:45:00.000Z,81,30,18,0,true,false
2026-07-13T18:47:30.000Z,18,0,18,0,false,false
2026-07-13T18:50:00.000Z,75,38,18,0,true,false
2026-07-13T18:52:30.000Z,18,0,18,0,false,false
2026-07-13T18:55:00.000Z,76,44,18,0,true,false
2026-07-13T18:57:30.000Z,18,0,99,109,false,true
2026-07-13T19:00:00.000Z,79,38,18,0,true,false
2026-07-13T19:02:30.000Z,18,0,18,0,false,false
2026-07-13T19:05:00.000Z,82,34,18,0,true,false
2026-07-13T19:07:30.000Z,18,0,18,0,false,false
2026-07-13T19:10:00.000Z,79,48,18,0,true,false
2026-07-13T19:12:30.000Z,18,0,18,0,false,false
2026-07-13T19:15:00.000Z,81,40,97,129,true,true
2026-07-13T19:17:30.000Z,18,0,18,0,false,false
2026-07-13T19:20:00.000Z,74,37,18,0,true,false
2026-07-13T19:22:30.000Z,18,0,18,0,false,false
2026-07-13T19:25:00.000Z,84,33,99,132,true,true
2026-07-13T19:27:30.000Z,18,0,18,0,false,false
2026-07-13T19:30:00.000Z,74,55,18,0,true,false
2026-07-13T19:32:30.000Z,18,0,18,0,false,false
2026-07-13T19:35:00.000Z,74,46,18,0,true,false
2026-07-13T19:37:30.000Z,18,0,18,0,false,false
2026-07-13T19:40:00.000Z,74,66,99,127,true,true
2026-07-13T19:42:30.000Z,18,0,18,0,false,false
2026-07-13T19:45:00.000Z,78,46,18,0,true,false
2026-07-13T19:47:30.000Z,18,0,18,0,false,false
2026-07-13T19:50:00.000Z,73,60,18,0,true,false
2026-07-13T19:52:30.000Z,18,0,96,129,false,true
2026-07-13T19:55:00.000Z,73,40,18,0,true,false
2026-07-13T19:57:30.000Z,18,0,18,0,false,false
2026-07-13T21:00:00.000Z,76,67,18,0,true,false
2026-07-13T21:02:30.000Z,18,0,96,116,false,true
2026-07-13T21:05:00.000Z,78,47,18,0,true,false
2026-07-13T21:07:30.000Z,18,0,18,0,false,false
2026-07-13T21:10:00.000Z,71,72,18,0,true,false
2026-07-13T21:12:30.000Z,18,0,18,0,false,false
2026-07-13T21:15:00.000Z,72,56,18,0,true,false
2026-07-13T21:17:30.000Z,18,0,97,118,false,true
2026-07-13T21:20:00.000Z,72,48,18,0,true,false
2026-07-13T21:22:30.000Z,18,0,18,0,false,false
2026-07-13T21:25:00.000Z,73,53,18,0,true,false
2026-07-13T21:27:30.000Z,18,0,18,0,false,false
2026-07-13T21:30:00.000Z,76,63,95,130,true,true
2026-07-13T21:32:30.000Z,18,0,18,0,false,false
2026-07-13T21:35:00.000Z,67,59,18,0,true,false
2026-07-13T21:37:30.000Z,18,0,18,0,false,false
2026-07-13T21:40:00.000Z,75,34,18,0,true,false
2026-07-13T21:42:30.000Z,18,0,18,0,false,false
2026-07-13T21:45:00.000Z,90,35,18,0,true,false
2026-07-13T21:47:30.000Z,18,0,18,0,false,false
2026-07-13T21:50:00.000Z,71,31,97,122,true,true
2026-07-13T21:52:30.000Z,18,0,18,0,false,false
2026-07-13T21:55:00.000Z,94,42,18,0,true,false
2026-07-13T21:57:30.000Z,18,0,18,0,false,false
2026-07-13T22:00:00.000Z,76,58,18,0,true,false
2026-07-13T22:02:30.000Z,18,0,18,0,false,false
2026-07-13T22:05:00.000Z,73,52,99,118,true,true
2026-07-13T22:07:30.000Z,18,0,18,0,false,false
2026-07-13T22:10:00.000Z,70,62,18,0,true,false
2026-07-13T22:12:30.000Z,18,0,18,0,false,false
2026-07-13T22:15:00.000Z,18,0,18,0,false,false
2026-07-13T22:17:30.000Z,18,0,18,0,false,false
2026-07-13T22:20:00.000Z,72,56,18,0,true,false
2026-07-13T22:22:30.000Z,18,0,96,125,false,true
2026-07-13T22:25:00.000Z,78,43,18,0,true,false
2026-07-13T22:27:30.000Z,18,0,18,0,false,false
2026-07-13T22:30:00.000Z,72,65,18,0,true,false
2026-07-13T22:32:30.000Z,18,0,18,0,false,false
2026-07-13T22:35:00.000Z,69,55,98,132,true,true
2026-07-13T22:37:30.000Z,18,0,18,0,false,false
2026-07-13T22:40:00.000Z,73,31,18,0,true,false
2026-07-13T22:42:30.000Z,18,0,18,0,false,false
2026-07-13T22:45:00.000Z,71,55,18,0,true,false
2026-07-13T22:47:30.000Z,18,0,18,0,false,false
2026-07-13T22:50:00.000Z,71,39,96,132,true,true
2026-07-13T22:52:30.000Z,18,0,18,0,false,false
2026-07-13T22:55:00.000Z,78,42,18,0,true,false
2026-07-13T22:57:30.000Z,18,0,18,0,false,false
2026-07-13T23:00:00.000Z,59,69,18,0,true,false
2026-07-13T23:02:30.000Z,18,0,18,0,false,false
2026-07-13T23:05:00.000Z,59,52,96,126,true,true
2026-07-13T23:07:30.000Z,18,0,18,0,false,false
2026-07-13T23:10:00.000Z,60,70,18,0,true,false
2026-07-13T23:12:30.000Z,18,0,18,0,false,false
2026-07-13T23:15:00.000Z,57,58,18,0,true,false
2026-07-13T23:17:30.000Z,18,0,18,0,false,false
2026-07-13T23:20:00.000Z,57,51,94,119,true,true
2026-07-13T23:22:30.000Z,18,0,18,0,false,false
2026-07-13T23:25:00.000Z,57,62,18,0,true,false
2026-07-13T23:27:30.000Z,18,0,18,0,false,false
2026-07-13T23:30:00.000Z,59,51,18,0,true,false
2026-07-13T23:32:30.000Z,18,0,18,0,false,false
2026-07-13T23:35:00.000Z,58,100,94,123,true,true
2026-07-13T23:37:30.000Z,18,0,18,0,false,false
2026-07-13T23:40:00.000Z,57,37,18,0,true,false
2026-07-13T23:42:30.000Z,18,0,18,0,false,false
2026-07-13T23:45:00.000Z,57,57,18,0,true,false
2026-07-13T23:47:30.000Z,18,0,18,0,false,false
2026-07-13T23:50:00.000Z,59,57,97,121,true,true
2026-07-13T23:52:30.000Z,18,0,18,0,false,false
2026-07-13T23:55:00.000Z,61,48,18,0,true,false
2026-07-13T23:57:30.000Z,18,0,18,0,false,false
2026-07-14T00:00:00.000Z,61,46,18,0,true,false
2026-07-14T00:02:30.000Z,18,0,18,0,false,false
2026-07-14T00:05:00.000Z,57,51,97,115,true,true
2026-07-14T00:07:30.000Z,18,0,18,0,false,false
2026-07-14T00:10:00.000Z,18,0,18,0,false,false
2026-07-14T00:12:30.000Z,18,0,18,0,false,false
2026-07-14T00:15:00.000Z,57,51,18,0,true,false
2026-07-14T00:17:30.000Z,18,0,18,0,false,false
2026-07-14T00:20:00.000Z,57,96,97,116,true,true
2026-07-14T00:22:30.000Z,18,0,18,0,false,false
2026-07-14T00:25:00.000Z,61,71,18,0,true,false
2026-07-14T00:27:30.000Z,18,0,18,0,false,false
2026-07-14T00:30:00.000Z,54,71,18,0,true,false
2026-07-14T00:32:30.000Z,18,0,18,0,false,false
2026-07-14T00:35:00.000Z,57,58,96,118,true,true
2026-07-14T00:37:30.000Z,18,0,18,0,false,false
2026-07-14T00:40:00.000Z,58,51,18,0,true,false
2026-07-14T00:42:30.000Z,18,0,18,0,false,false
2026-07-14T00:45:00.000Z,57,58,18,0,true,false
2026-07-14T00:47:30.000Z,18,0,18,0,false,false
2026-07-14T00:50:00.000Z,57,57,95,111,true,true
2026-07-14T00:52:30.000Z,18,0,18,0,false,false
2026-07-14T00:55:00.000Z,59,64,18,0,true,false
2026-07-14T00:57:30.000Z,18,0,18,0,false,false
2026-07-14T01:00:00.000Z,57,92,18,0,true,false
2026-07-14T01:02:30.000Z,18,0,18,0,false,false
2026-07-14T01:05:00.000Z,57,60,95,120,true,true
2026-07-14T01:07:30.000Z,18,0,18,0,false,false
2026-07-14T01:10:00.000Z,59,67,18,0,true,false
2026-07-14T01:12:30.000Z,18,0,18,0,false,false
2026-07-14T01:15:00.000Z,59,62,18,0,true,false
2026-07-14T01:17:30.000Z,18,0,18,0,false,false
2026-07-14T01:20:00.000Z,56,61,95,125,true,true
2026-07-14T01:22:30.000Z,18,0,18,0,false,false
2026-07-14T01:25:00.000Z,57,55,18,0,true,false
2026-07-14T01:27:30.000Z,18,0,18,0,false,false
2026-07-14T01:30:00.000Z,56,49,18,0,true,false
2026-07-14T01:32:30.000Z,18,0,18,0,false,false
2026-07-14T01:35:00.000Z,56,64,94,113,true,true
2026-07-14T01:37:30.000Z,18,0,18,0,false,false
2026-07-14T01:40:00.000Z,58,39,18,0,true,false
2026-07-14T01:42:30.000Z,18,0,18,0,false,false
2026-07-14T01:45:00.000Z,60,47,18,0,true,false
2026-07-14T01:47:30.000Z,18,0,18,0,false,false
2026-07-14T01:50:00.000Z,59,51,95,114,true,true
2026-07-14T01:52:30.000Z,18,0,18,0,false,false
2026-07-14T01:55:00.000Z,61,84,18,0,true,false
2026-07-14T01:57:30.000Z,18,0,18,0,false,false
2026-07-14T02:00:00.000Z,56,46,18,0,true,false
2026-07-14T02:02:30.000Z,18,0,18,0,false,false
2026-07-14T02:05:00.000Z,55,52,96,110,true,true
2026-07-14T02:07:30.000Z,18,0,18,0,false,false
2026-07-14T02:10:00.000Z,55,46,18,0,true,false
2026-07-14T02:12:30.000Z,18,0,18,0,false,false
2026-07-14T02:15:00.000Z,56,66,18,0,true,false
2026-07-14T02:17:30.000Z,18,0,18,0,false,false
2026-07-14T02:20:00.000Z,55,57,95,126,true,true
2026-07-14T02:22:30.000Z,18,0,18,0,false,false
2026-07-14T02:25:00.000Z,61,50,18,0,true,false
2026-07-14T02:27:30.000Z,18,0,18,0,false,false
2026-07-14T02:30:00.000Z,56,47,18,0,true,false
2026-07-14T02:32:30.000Z,18,0,18,0,false,false
2026-07-14T02:35:00.000Z,57,56,94,116,true,true
2026-07-14T02:37:30.000Z,18,0,18,0,false,false
2026-07-14T02:40:00.000Z,60,41,18,0,true,false
2026-07-14T02:42:30.000Z,18,0,18,0,false,false
2026-07-14T02:45:00.000Z,57,67,18,0,true,false
2026-07-14T02:47:30.000Z,18,0,18,0,false,false
2026-07-14T02:50:00.000Z,57,63,94,121,true,true
2026-07-14T02:52:30.000Z,18,0,18,0,false,false
2026-07-14T02:55:00.000Z,57,83,18,0,true,false
2026-07-14T02:57:30.000Z,18,0,18,0,false,false
2026-07-14T03:00:00.000Z,56,60,18,0,true,false
2026-07-14T03:02:30.000Z,18,0,18,0,false,false
2026-07-14T03:05:00.000Z,56,55,96,118,true,true
2026-07-14T03:07:30.000Z,18,0,18,0,false,false
2026-07-14T03:10:00.000Z,61,66,18,0,true,false
2026-07-14T03:12:30.000Z,18,0,18,0,false,false
2026-07-14T03:15:00.000Z,57,70,18,0,true,false
2026-07-14T03:17:30.000Z,18,0,18,0,false,false
2026-07-14T03:20:00.000Z,58,35,95,123,true,true
2026-07-14T03:22:30.000Z,18,0,18,0,false,false
2026-07-14T03:25:00.000Z,58,49,18,0,true,false
2026-07-14T03:27:30.000Z,18,0,18,0,false,false
2026-07-14T03:30:00.000Z,55,68,18,0,true,false
2026-07-14T03:32:30.000Z,18,0,18,0,false,false
2026-07-14T03:35:00.000Z,59,70,93,118,true,true
2026-07-14T03:37:30.000Z,18,0,18,0,false,false
2026-07-14T03:40:00.000Z,58,56,18,0,true,false
2026-07-14T03:42:30.000Z,18,0,18,0,false,false
2026-07-14T03:45:00.000Z,57,36,18,0,true,false
2026-07-14T03:47:30.000Z,18,0,18,0,false,false
2026-07-14T03:50:00.000Z,62,64,95,122,true,true
2026-07-14T03:52:30.000Z,18,0,18,0,false,false
2026-07-14T03:55:00.000Z,59,65,18,0,true,false
2026-07-14T03:57:30.000Z,18,0,18,0,false,false
2026-07-14T04:00:00.000Z,57,56,18,0,true,false
2026-07-14T04:02:30.000Z,18,0,18,0,false,false
2026-07-14T04:05:00.000Z,18,0,95,112,false,true
2026-07-14T04:07:30.000Z,18,0,18,0,false,false
2026-07-14T04:10:00.000Z,54,54,18,0,true,false
2026-07-14T04:12:30.000Z,18,0,18,0,false,false
2026-07-14T04:15:00.000Z,58,87,18,0,true,false
2026-07-14T04:17:30.000Z,18,0,18,0,false,false
2026-07-14T04:20:00.000Z,59,60,95,115,true,true
2026-07-14T04:22:30.000Z,18,0,18,0,false,false
2026-07-14T04:25:00.000Z,59,44,18,0,true,false
2026-07-14T04:27:30.000Z,18,0,18,0,false,false
2026-07-14T04:30:00.000Z,55,53,18,0,true,false
2026-07-14T04:32:30.000Z,18,0,18,0,false,false
2026-07-14T04:35:00.000Z,55,71,18,0,true,false
2026-07-14T04:37:30.000Z,18,0,18,0,false,false
2026-07-14T04:40:00.000Z,56,66,18,0,true,false
2026-07-14T04:42:30.000Z,18,0,18,0,false,false
2026-07-14T04:45:00.000Z,56,79,18,0,true,false
2026-07-14T04:47:30.000Z,18,0,18,0,false,false
2026-07-14T04:50:00.000Z,59,64,90,114,true,true
2026-07-14T04:52:30.000Z,18,0,18,0,false,false
2026-07-14T04:55:00.000Z,59,76,18,0,true,false
2026-07-14T04:57:30.000Z,18,0,18,0,false,false
2026-07-14T05:00:00.000Z,58,48,18,0,true,false
2026-07-14T05:02:30.000Z,18,0,18,0,false,false
2026-07-14T05:05:00.000Z,60,55,96,123,true,true
2026-07-14T05:07:30.000Z,18,0,18,0,false,false
2026-07-14T05:10:00.000Z,58,39,18,0,true,false
2026-07-14T05:12:30.000Z,18,0,18,0,false,false
2026-07-14T05:15:00.000Z,57,65,18,0,true,false
2026-07-14T05:17:30.000Z,18,0,18,0,false,false
2026-07-14T05:20:00.000Z,53,55,94,129,true,true
2026-07-14T05:22:30.000Z,18,0,18,0,false,false
2026-07-14T05:25:00.000Z,61,66,18,0,true,false
2026-07-14T05:27:30.000Z,18,0,18,0,false,false
2026-07-14T05:30:00.000Z,56,63,18,0,true,false
2026-07-14T05:32:30.000Z,18,0,18,0,false,false
2026-07-14T05:35:00.000Z,59,62,92,121,true,true
2026-07-14T05:37:30.000Z,18,0,18,0,false,false
2026-07-14T05:40:00.000Z,55,43,18,0,true,false
2026-07-14T05:42:30.000Z,18,0,18,0,false,false
2026-07-14T05:45:00.000Z,61,52,18,0,true,false
2026-07-14T05:47:30.000Z,18,0,18,0,false,false
2026-07-14T05:50:00.000Z,59,59,95,124,true,true
2026-07-14T05:52:30.000Z,18,0,18,0,false,false
2026-07-14T05:55:00.000Z,55,76,18,0,true,false
2026-07-14T05:57:30.000Z,18,0,18,0,false,false
2026-07-14T06:00:00.000Z,58,53,18,0,true,false
2026-07-14T06:02:30.000Z,18,0,18,0,false,false
2026-07-14T06:05:00.000Z,58,77,93,130,true,true
2026-07-14T06:07:30.000Z,18,0,18,0,false,false
2026-07-14T06:10:00.000Z,57,51,18,0,true,false
2026-07-14T06:12:30.000Z,18,0,18,0,false,false
2026-07-14T06:15:00.000Z,59,101,18,0,true,false
2026-07-14T06:17:30.000Z,18,0,18,0,false,false
2026-07-14T06:20:00.000Z,60,44,93,123,true,true
2026-07-14T06:22:30.000Z,18,0,18,0,false,false
2026-07-14T06:25:00.000Z,61,39,18,0,true,false
2026-07-14T06:27:30.000Z,18,0,18,0,false,false
2026-07-14T06:30:00.000Z,58,47,18,0,true,false
2026-07-14T06:32:30.000Z,18,0,18,0,false,false
2026-07-14T06:35:00.000Z,61,58,18,0,true,false
2026-07-14T06:37:30.000Z,18,0,18,0,false,false
2026-07-14T06:40:00.000Z,56,84,18,0,true,false
2026-07-14T06:42:30.000Z,18,0,18,0,false,false
2026-07-14T06:45:00.000Z,60,59,18,0,true,false
2026-07-14T06:47:30.000Z,18,0,18,0,false,false
2026-07-14T06:50:00.000Z,57,62,96,124,true,true
2026-07-14T06:52:30.000Z,18,0,18,0,false,false
2026-07-14T06:55:00.000Z,57,64,18,0,true,false
2026-07-14T06:57:30.000Z,18,0,18,0,false,false
2026-07-14T07:00:00.000Z,68,55,18,0,true,false
2026-07-14T07:02:30.000Z,18,0,18,0,false,false
2026-07-14T07:05:00.000Z,74,37,97,129,true,true
2026-07-14T07:07:30.000Z,18,0,18,0,false,false
2026-07-14T07:10:00.000Z,71,41,18,0,true,false
2026-07-14T07:12:30.000Z,18,0,18,0,false,false
2026-07-14T07:15:00.000Z,69,37,18,0,true,false
2026-07-14T07:17:30.000Z,18,0,18,0,false,false
2026-07-14T07:20:00.000Z,71,62,96,125,true,true
2026-07-14T07:22:30.000Z,18,0,18,0,false,false
2026-07-14T07:25:00.000Z,67,51,18,0,true,false
2026-07-14T07:27:30.000Z,18,0,18,0,false,false
2026-07-14T07:30:00.000Z,71,38,18,0,true,false
2026-07-14T07:32:30.000Z,18,0,18,0,false,false
2026-07-14T07:35:00.000Z,70,40,18,0,true,false
2026-07-14T07:37:30.000Z,18,0,97,126,false,true
2026-07-14T07:40:00.000Z,70,62,18,0,true,false
2026-07-14T07:42:30.000Z,18,0,18,0,false,false
2026-07-14T07:45:00.000Z,74,52,18,0,true,false
2026-07-14T07:47:30.000Z,18,0,18,0,false,false
2026-07-14T07:50:00.000Z,75,36,18,0,true,false
2026-07-14T07:52:30.000Z,18,0,18,0,false,false
2026-07-14T07:55:00.000Z,70,51,18,0,true,false
2026-07-14T07:57:30.000Z,18,0,97,123,false,true
2026-07-14T08:00:00.000Z,71,36,18,0,true,false
2026-07-14T08:02:30.000Z,18,0,18,0,false,false
2026-07-14T08:05:00.000Z,72,37,18,0,true,false
2026-07-14T08:07:30.000Z,18,0,18,0,false,false
2026-07-14T08:10:00.000Z,76,31,18,0,true,false
2026-07-14T08:12:30.000Z,18,0,18,0,false,false
2026-07-14T08:15:00.000Z,69,68,18,0,true,false
2026-07-14T08:17:30.000Z,18,0,96,127,false,true
2026-07-14T08:20:00.000Z,18,0,18,0,false,false
2026-07-14T08:22:30.000Z,18,0,18,0,false,false
2026-07-14T08:25:00.000Z,75,45,18,0,true,false
2026-07-14T08:27:30.000Z,18,0,18,0,false,false
2026-07-14T08:30:00.000Z,75,37,18,0,true,false
2026-07-14T08:32:30.000Z,18,0,18,0,false,false
2026-07-14T08:35:00.000Z,78,49,97,126,true,true
2026-07-14T08:37:30.000Z,18,0,18,0,false,false
2026-07-14T08:40:00.000Z,76,63,18,0,true,false
2026-07-14T08:42:30.000Z,18,0,18,0,false,false
2026-07-14T08:45:00.000Z,74,47,18,0,true,false
2026-07-14T08:47:30.000Z,18,0,18,0,false,false
2026-07-14T08:50:00.000Z,71,37,18,0,true,false
2026-07-14T08:52:30.000Z,18,0,95,121,false,true
2026-07-14T08:55:00.000Z,78,63,18,0,true,false
2026-07-14T08:57:30.000Z,18,0,18,0,false,false
2026-07-14T09:00:00.000Z,76,50,18,0,true,false
2026-07-14T09:02:30.000Z,18,0,18,0,false,false
2026-07-14T09:05:00.000Z,75,36,18,0,true,false
2026-07-14T09:07:30.000Z,18,0,97,138,false,true
2026-07-14T09:10:00.000Z,70,32,18,0,true,false
2026-07-14T09:12:30.000Z,18,0,18,0,false,false
2026-07-14T09:15:00.000Z,76,25,18,0,true,false
2026-07-14T09:17:30.000Z,18,0,18,0,false,false
2026-07-14T09:20:00.000Z,76,45,18,0,true,false
2026-07-14T09:22:30.000Z,18,0,18,0,false,false
2026-07-14T09:25:00.000Z,80,37,95,120,true,true
2026-07-14T09:27:30.000Z,18,0,18,0,false,false
2026-07-14T09:30:00.000Z,74,61,18,0,true,false
2026-07-14T09:32:30.000Z,18,0,18,0,false,false
2026-07-14T09:35:00.000Z,78,34,97,133,true,true
2026-07-14T09:37:30.000Z,18,0,18,0,false,false
2026-07-14T09:40:00.000Z,76,33,18,0,true,false
2026-07-14T09:42:30.000Z,18,0,18,0,false,false
2026-07-14T09:45:00.000Z,80,46,18,0,true,false
2026-07-14T09:47:30.000Z,18,0,18,0,false,false
2026-07-14T09:50:00.000Z,70,45,18,0,true,false
2026-07-14T09:52:30.000Z,18,0,18,0,false,false
2026-07-14T09:55:00.000Z,76,33,18,0,true,false
2026-07-14T09:57:30.000Z,18,0,18,0,false,false
2026-07-14T10:00:00.000Z,78,38,18,0,true,false
2026-07-14T10:02:30.000Z,18,0,18,0,false,false
2026-07-14T10:05:00.000Z,75,43,98,132,true,true
2026-07-14T10:07:30.000Z,18,0,18,0,false,false
2026-07-14T10:10:00.000Z,76,46,18,0,true,false
2026-07-14T10:12:30.000Z,18,0,18,0,false,false
2026-07-14T10:15:00.000Z,72,51,18,0,true,false
2026-07-14T10:17:30.000Z,18,0,18,0,false,false
2026-07-14T10:20:00.000Z,74,32,99,130,true,true
2026-07-14T10:22:30.000Z,18,0,18,0,false,false
2026-07-14T10:25:00.000Z,77,41,18,0,true,false
2026-07-14T10:27:30.000Z,18,0,18,0,false,false
2026-07-14T10:30:00.000Z,73,57,18,0,true,false
2026-07-14T10:32:30.000Z,18,0,18,0,false,false
2026-07-14T10:35:00.000Z,75,42,95,127,true,true
2026-07-14T10:37:30.000Z,18,0,18,0,false,false
2026-07-14T10:40:00.000Z,97,31,18,0,true,false
2026-07-14T10:42:30.000Z,18,0,18,0,false,false
2026-07-14T10:45:00.000Z,102,43,96,126,true,true
2026-07-14T10:47:30.000Z,18,0,18,0,false,false
2026-07-14T10:50:00.000Z,82,40,18,0,true,false
2026-07-14T10:52:30.000Z,18,0,18,0,false,false
2026-07-14T10:55:00.000Z,106,38,95,126,true,true
2026-07-14T10:57:30.000Z,18,0,18,0,false,false
2026-07-14T11:00:00.000Z,79,48,18,0,true,false
2026-07-14T11:02:30.000Z,18,0,18,0,false,false
2026-07-14T11:05:00.000Z,81,68,18,0,true,false
2026-07-14T11:07:30.000Z,18,0,18,0,false,false
2026-07-14T11:10:00.000Z,76,38,96,126,true,true
2026-07-14T11:12:30.000Z,18,0,18,0,false,false
2026-07-14T11:15:00.000Z,18,0,18,0,false,false
2026-07-14T11:17:30.000Z,18,0,18,0,false,false
2026-07-14T11:20:00.000Z,81,31,18,0,true,false
2026-07-14T11:22:30.000Z,18,0,18,0,false,false
2026-07-14T11:25:00.000Z,82,36,97,134,true,true
2026-07-14T11:27:30.000Z,18,0,18,0,false,false
2026-07-14T11:30:00.000Z,105,39,18,0,true,false
2026-07-14T11:32:30.000Z,18,0,18,0,false,false
2026-07-14T11:35:00.000Z,79,37,18,0,true,false
2026-07-14T11:37:30.000Z,18,0,18,0,false,false
2026-07-14T11:40:00.000Z,81,39,18,0,true,false
2026-07-14T11:42:30.000Z,18,0,18,0,false,false
2026-07-14T11:45:00.000Z,76,75,18,0,true,false
2026-07-14T11:47:30.000Z,18,0,18,0,false,false
2026-07-14T11:50:00.000Z,82,38,18,0,true,false
2026-07-14T11:52:30.000Z,18,0,96,122,false,true
2026-07-14T11:55:00.000Z,77,32,18,0,true,false
2026-07-14T11:57:30.000Z,18,0,18,0,false,false
2026-07-14T12:00:00.000Z,82,53,18,0,true,false
2026-07-14T12:02:30.000Z,18,0,18,0,false,false
2026-07-14T12:05:00.000Z,76,32,18,0,true,false
2026-07-14T12:07:30.000Z,18,0,18,0,false,false
2026-07-14T12:10:00.000Z,82,31,97,122,true,true
2026-07-14T12:12:30.000Z,18,0,18,0,false,false
2026-07-14T12:15:00.000Z,79,38,18,0,true,false
2026-07-14T12:17:30.000Z,18,0,18,0,false,false
2026-07-14T12:20:00.000Z,81,46,18,0,true,false
2026-07-14T12:22:30.000Z,18,0,18,0,false,false
2026-07-14T12:25:00.000Z,81,38,18,0,true,false
2026-07-14T12:27:30.000Z,18,0,97,123,false,true
2026-07-14T12:30:00.000Z,18,0,18,0,false,false
2026-07-14T12:32:30.000Z,18,0,18,0,false,false
2026-07-14T12:35:00.000Z,79,40,18,0,true,false
2026-07-14T12:37:30.000Z,18,0,18,0,false,false
2026-07-14T12:40:00.000Z,76,35,18,0,true,false
2026-07-14T12:42:30.000Z,18,0,18,0,false,false
2026-07-14T12:45:00.000Z,83,35,98,119,true,true
2026-07-14T12:47:30.000Z,18,0,18,0,false,false
2026-07-14T12:50:00.000Z,80,33,18,0,true,false
2026-07-14T12:52:30.000Z,18,0,18,0,false,false
2026-07-14T12:55:00.000Z,79,49,18,0,true,false
2026-07-14T12:57:30.000Z,18,0,18,0,false,false
2026-07-14T13:00:00.000Z,77,41,96,124,true,true
2026-07-14T13:02:30.000Z,18,0,18,0,false,false
2026-07-14T13:05:00.000Z,78,39,18,0,true,false
2026-07-14T13:07:30.000Z,18,0,18,0,false,false
2026-07-14T13:10:00.000Z,78,57,97,119,true,true
2026-07-14T13:12:30.000Z,18,0,18,0,false,false
2026-07-14T13:15:00.000Z,80,40,18,0,true,false
2026-07-14T13:17:30.000Z,18,0,18,0,false,false
2026-07-14T13:20:00.000Z,77,43,18,0,true,false
2026-07-14T13:22:30.000Z,18,0,18,0,false,false
2026-07-14T13:25:00.000Z,85,40,98,121,true,true
2026-07-14T13:27:30.000Z,18,0,18,0,false,false
2026-07-14T13:30:00.000Z,80,41,18,0,true,false
2026-07-14T13:32:30.000Z,18,0,18,0,false,false
2026-07-14T13:35:00.000Z,76,42,18,0,true,false
2026-07-14T13:37:30.000Z,18,0,18,0,false,false
2026-07-14T13:40:00.000Z,84,36,18,0,true,false
2026-07-14T13:42:30.000Z,18,0,93,134,false,true
2026-07-14T13:45:00.000Z,76,24,18,0,true,false
2026-07-14T13:47:30.000Z,18,0,18,0,false,false
2026-07-14T13:50:00.000Z,105,21,18,0,true,false
2026-07-14T13:52:30.000Z,18,0,94,127,false,true
2026-07-14T13:55:00.000Z,79,60,18,0,true,false
2026-07-14T13:57:30.000Z,18,0,18,0,false,false
2026-07-14T14:00:00.000Z,87,53,18,0,true,false
2026-07-14T14:02:30.000Z,18,0,18,0,false,false
2026-07-14T14:05:00.000Z,79,39,18,0,true,false
2026-07-14T14:07:30.000Z,18,0,97,127,false,true
2026-07-14T14:10:00.000Z,82,48,18,0,true,false
2026-07-14T14:12:30.000Z,18,0,18,0,false,false
2026-07-14T14:15:00.000Z,77,36,18,0,true,false
2026-07-14T14:17:30.000Z,18,0,18,0,false,false
2026-07-14T14:20:00.000Z,83,34,18,0,true,false
2026-07-14T14:22:30.000Z,18,0,18,0,false,false
2026-07-14T14:25:00.000Z,81,36,18,0,true,false
2026-07-14T14:27:30.000Z,18,0,96,120,false,true
2026-07-14T14:30:00.000Z,81,46,18,0,true,false
2026-07-14T14:32:30.000Z,18,0,18,0,false,false
2026-07-14T14:35:00.000Z,82,41,18,0,true,false
2026-07-14T14:37:30.000Z,18,0,18,0,false,false
2026-07-14T14:40:00.000Z,78,45,18,0,true,false
2026-07-14T14:42:30.000Z,18,0,96,122,false,true
2026-07-14T14:45:00.000Z,80,29,18,0,true,false
2026-07-14T14:47:30.000Z,18,0,18,0,false,false
2026-07-14T14:50:00.000Z,18,0,18,0,false,false
2026-07-14T14:52:30.000Z,18,0,18,0,false,false
2026-07-14T14:55:00.000Z,83,53,18,0,true,false
2026-07-14T14:57:30.000Z,18,0,98,125,false,true
2026-07-14T15:00:00.000Z,83,38,18,0,true,false
2026-07-14T15:02:30.000Z,18,0,18,0,false,false
2026-07-14T15:05:00.000Z,89,27,18,0,true,false
2026-07-14T15:07:30.000Z,18,0,18,0,false,false
2026-07-14T15:10:00.000Z,84,34,18,0,true,false
2026-07-14T15:12:30.000Z,18,0,18,0,false,false
2026-07-14T15:15:00.000Z,81,31,98,131,true,true
2026-07-14T15:17:30.000Z,18,0,18,0,false,false
2026-07-14T15:20:00.000Z,82,48,18,0,true,false
2026-07-14T15:22:30.000Z,18,0,18,0,false,false
2026-07-14T15:25:00.000Z,18,0,99,124,false,true
2026-07-14T15:27:30.000Z,18,0,18,0,false,false
2026-07-14T15:30:00.000Z,78,52,18,0,true,false
2026-07-14T15:32:30.000Z,18,0,18,0,false,false
2026-07-14T15:35:00.000Z,82,40,18,0,true,false
2026-07-14T15:37:30.000Z,18,0,18,0,false,false
2026-07-14T15:40:00.000Z,81,32,96,130,true,true
2026-07-14T15:42:30.000Z,18,0,18,0,false,false
2026-07-14T15:45:00.000Z,83,35,18,0,true,false
2026-07-14T15:47:30.000Z,18,0,18,0,false,false
2026-07-14T15:50:00.000Z,84,34,18,0,true,false
2026-07-14T15:52:30.000Z,18,0,18,0,false,false
2026-07-14T15:55:00.000Z,78,48,98,123,true,true
2026-07-14T15:57:30.000Z,18,0,18,0,false,false
2026-07-14T16:00:00.000Z,87,37,18,0,true,false
2026-07-14T16:02:30.000Z,18,0,18,0,false,false
2026-07-14T16:05:00.000Z,84,32,18,0,true,false
2026-07-14T16:07:30.000Z,18,0,18,0,false,false
2026-07-14T16:10:00.000Z,85,42,96,121,true,true
2026-07-14T16:12:30.000Z,18,0,18,0,false,false
2026-07-14T16:15:00.000Z,18,0,18,0,false,false
2026-07-14T16:17:30.000Z,18,0,18,0,false,false
2026-07-14T16:20:00.000Z,85,37,18,0,true,false
2026-07-14T16:22:30.000Z,18,0,18,0,false,false
2026-07-14T16:25:00.000Z,82,30,97,124,true,true
2026-07-14T16:27:30.000Z,18,0,18,0,false,false
2026-07-14T16:30:00.000Z,77,47,18,0,true,false
2026-07-14T16:32:30.000Z,18,0,18,0,false,false
2026-07-14T16:35:00.000Z,79,52,18,0,true,false
2026-07-14T16:37:30.000Z,18,0,18,0,false,false
2026-07-14T16:40:00.000Z,79,36,97,126,true,true
2026-07-14T16:42:30.000Z,18,0,18,0,false,false
2026-07-14T16:45:00.000Z,75,47,18,0,true,false
2026-07-14T16:47:30.000Z,18,0,18,0,false,false
2026-07-14T16:50:00.000Z,78,54,97,127,true,true
2026-07-14T16:52:30.000Z,18,0,18,0,false,false
2026-07-14T16:55:00.000Z,79,37,18,0,true,false
2026-07-14T16:57:30.000Z,18,0,18,0,false,false
2026-07-14T17:00:00.000Z,82,41,18,0,true,false
2026-07-14T17:02:30.000Z,18,0,18,0,false,false
2026-07-14T17:05:00.000Z,84,24,96,128,true,true
2026-07-14T17:07:30.000Z,18,0,18,0,false,false
2026-07-14T17:10:00.000Z,84,39,18,0,true,false
2026-07-14T17:12:30.000Z,18,0,18,0,false,false
2026-07-14T17:15:00.000Z,73,63,18,0,true,false
2026-07-14T17:17:30.000Z,18,0,18,0,false,false
2026-07-14T17:20:00.000Z,76,36,18,0,true,false
2026-07-14T17:22:30.000Z,18,0,97,125,false,true
2026-07-14T17:25:00.000Z,82,58,18,0,true,false
2026-07-14T17:27:30.000Z,18,0,18,0,false,false
2026-07-14T17:30:00.000Z,80,57,18,0,true,false
2026-07-14T17:32:30.000Z,18,0,18,0,false,false
2026-07-14T17:35:00.000Z,76,42,96,131,true,true
2026-07-14T17:37:30.000Z,18,0,18,0,false,false
2026-07-14T17:40:00.000Z,83,40,18,0,true,false
2026-07-14T17:42:30.000Z,18,0,18,0,false,false
2026-07-14T17:45:00.000Z,80,36,18,0,true,false
2026-07-14T17:47:30.000Z,18,0,18,0,false,false
2026-07-14T17:50:00.000Z,84,67,95,129,true,true
2026-07-14T17:52:30.000Z,18,0,18,0,false,false
2026-07-14T17:55:00.000Z,80,39,18,0,true,false
2026-07-14T17:57:30.000Z,18,0,18,0,false,false
2026-07-14T18:00:00.000Z,87,37,18,0,true,false
2026-07-14T18:02:30.000Z,18,0,18,0,false,false
2026-07-14T18:05:00.000Z,80,48,18,0,true,false
2026-07-14T18:07:30.000Z,18,0,18,0,false,false
2026-07-14T18:10:00.000Z,83,27,96,123,true,true
2026-07-14T18:12:30.000Z,18,0,18,0,false,false
2026-07-14T18:15:00.000Z,82,46,18,0,true,false
2026-07-14T18:17:30.000Z,18,0,18,0,false,false
2026-07-14T18:20:00.000Z,78,37,18,0,true,false
2026-07-14T18:22:30.000Z,18,0,18,0,false,false
2026-07-14T18:25:00.000Z,79,49,18,0,true,false
2026-07-14T18:27:30.000Z,18,0,95,130,false,true
2026-07-14T18:30:00.000Z,107,32,18,0,true,false
2026-07-14T18:32:30.000Z,18,0,18,0,false,false
2026-07-14T18:35:00.000Z,102,32,18,0,true,false
2026-07-14T18:37:30.000Z,18,0,18,0,false,false
2026-07-14T18:40:00.000Z,75,61,18,0,true,false
2026-07-14T18:42:30.000Z,18,0,96,132,false,true
2026-07-14T18:45:00.000Z,85,35,18,0,true,false
2026-07-14T18:47:30.000Z,18,0,18,0,false,false
2026-07-14T18:50:00.000Z,76,39,18,0,true,false
2026-07-14T18:52:30.000Z,18,0,18,0,false,false
2026-07-14T18:55:00.000Z,74,78,18,0,true,false
2026-07-14T18:57:30.000Z,18,0,18,0,false,false
2026-07-14T19:00:00.000Z,83,56,99,128,true,true
2026-07-14T19:02:30.000Z,18,0,18,0,false,false
2026-07-14T19:05:00.000Z,81,49,18,0,true,false
2026-07-14T19:07:30.000Z,18,0,18,0,false,false
2026-07-14T19:10:00.000Z,79,51,18,0,true,false
2026-07-14T19:12:30.000Z,18,0,18,0,false,false
2026-07-14T19:15:00.000Z,81,47,97,127,true,true
2026-07-14T19:17:30.000Z,18,0,18,0,false,false
2026-07-14T19:20:00.000Z,77,37,18,0,true,false
2026-07-14T19:22:30.000Z,18,0,18,0,false,false
2026-07-14T19:25:00.000Z,78,52,18,0,true,false
2026-07-14T19:27:30.000Z,18,0,18,0,false,false
2026-07-14T19:30:00.000Z,68,39,18,0,true,false
2026-07-14T19:32:30.000Z,18,0,18,0,false,false
2026-07-14T19:35:00.000Z,79,40,18,0,true,false
2026-07-14T19:37:30.000Z,18,0,96,125,false,true
2026-07-14T19:40:00.000Z,76,53,18,0,true,false
2026-07-14T19:42:30.000Z,18,0,18,0,false,false
2026-07-14T19:45:00.000Z,78,57,18,0,true,false
2026-07-14T19:47:30.000Z,18,0,18,0,false,false
2026-07-14T19:50:00.000Z,74,43,18,0,true,false
2026-07-14T19:52:30.000Z,18,0,18,0,false,false
2026-07-14T19:55:00.000Z,73,50,18,0,true,false
2026-07-14T19:57:30.000Z,18,0,98,123,false,true
2026-07-14T20:00:00.000Z,99,26,18,0,true,false
2026-07-14T20:02:30.000Z,18,0,18,0,false,false
2026-07-14T20:05:00.000Z,75,55,18,0,true,false
2026-07-14T20:07:30.000Z,18,0,97,124,false,true
2026-07-14T20:10:00.000Z,72,34,18,0,true,false
2026-07-14T20:12:30.000Z,18,0,18,0,false,false
2026-07-14T20:15:00.000Z,79,39,18,0,true,false
2026-07-14T20:17:30.000Z,18,0,18,0,false,false
2026-07-14T20:20:00.000Z,76,36,18,0,true,false
2026-07-14T20:22:30.000Z,18,0,96,130,false,true
2026-07-14T20:25:00.000Z,78,36,18,0,true,false
2026-07-14T20:27:30.000Z,18,0,18,0,false,false
2026-07-14T20:30:00.000Z,77,30,18,0,true,false
2026-07-14T20:32:30.000Z,18,0,18,0,false,false
2026-07-14T20:35:00.000Z,79,38,18,0,true,false
2026-07-14T20:37:30.000Z,18,0,96,119,false,true
2026-07-14T20:40:00.000Z,69,25,18,0,true,false
2026-07-14T20:42:30.000Z,18,0,18,0,false,false
2026-07-14T20:45:00.000Z,76,39,18,0,true,false
2026-07-14T20:47:30.000Z,18,0,18,0,false,false
2026-07-14T20:50:00.000Z,76,47,18,0,true,false
2026-07-14T20:52:30.000Z,18,0,97,121,false,true
2026-07-14T20:55:00.000Z,77,45,18,0,true,false
2026-07-14T20:57:30.000Z,18,0,18,0,false,false
2026-07-14T21:00:00.000Z,74,40,18,0,true,false
2026-07-14T21:02:30.000Z,18,0,18,0,false,false
2026-07-14T21:05:00.000Z,80,62,95,132,true,true
2026-07-14T21:07:30.000Z,18,0,18,0,false,false
2026-07-14T21:10:00.000Z,73,33,18,0,true,false
2026-07-14T21:12:30.000Z,18,0,18,0,false,false
2026-07-14T21:15:00.000Z,77,41,18,0,true,false
2026-07-14T21:17:30.000Z,18,0,96,135,false,true
2026-07-14T21:20:00.000Z,78,42,18,0,true,false
2026-07-14T21:22:30.000Z,18,0,18,0,false,false
2026-07-14T21:25:00.000Z,74,49,18,0,true,false
2026-07-14T21:27:30.000Z,18,0,18,0,false,false
2026-07-14T21:30:00.000Z,75,47,18,0,true,false
2026-07-14T21:32:30.000Z,18,0,95,130,false,true
2026-07-14T21:35:00.000Z,71,61,18,0,true,false
2026-07-14T21:37:30.000Z,18,0,18,0,false,false
2026-07-14T21:40:00.000Z,99,36,18,0,true,false
2026-07-14T21:42:30.000Z,18,0,18,0,false,false
2026-07-14T21:45:00.000Z,72,39,18,0,true,false
2026-07-14T21:47:30.000Z,18,0,97,118,false,true
2026-07-14T21:50:00.000Z,74,42,18,0,true,false
2026-07-14T21:52:30.000Z,18,0,18,0,false,false
2026-07-14T21:55:00.000Z,75,54,18,0,true,false
2026-07-14T21:57:30.000Z,18,0,18,0,false,false
2026-07-14T22:00:00.000Z,71,53,18,0,true,false
2026-07-14T22:02:30.000Z,18,0,97,132,false,true
2026-07-14T22:05:00.000Z,68,35,18,0,true,false
2026-07-14T22:07:30.000Z,18,0,18,0,false,false
2026-07-14T22:10:00.000Z,70,52,18,0,true,false
2026-07-14T22:12:30.000Z,18,0,98,134,false,true
2026-07-14T22:15:00.000Z,70,73,18,0,true,false
2026-07-14T22:17:30.000Z,18,0,18,0,false,false
2026-07-14T22:20:00.000Z,62,44,18,0,true,false
2026-07-14T22:22:30.000Z,18,0,18,0,false,false
2026-07-14T22:25:00.000Z,72,55,18,0,true,false
2026-07-14T22:27:30.000Z,18,0,95,125,false,true
2026-07-14T22:30:00.000Z,71,47,18,0,true,false
2026-07-14T22:32:30.000Z,18,0,18,0,false,false
2026-07-14T22:35:00.000Z,70,51,18,0,true,false
2026-07-14T22:37:30.000Z,18,0,18,0,false,false
2026-07-14T22:40:00.000Z,71,65,18,0,true,false
2026-07-14T22:42:30.000Z,18,0,97,124,false,true
2026-07-14T22:45:00.000Z,71,42,18,0,true,false
2026-07-14T22:47:30.000Z,18,0,18,0,false,false
2026-07-14T22:50:00.000Z,73,69,18,0,true,false
2026-07-14T22:52:30.000Z,18,0,18,0,false,false
2026-07-14T22:55:00.000Z,70,42,18,0,true,false
2026-07-14T22:57:30.000Z,18,0,98,128,false,true
2026-07-14T23:00:00.000Z,60,81,18,0,true,false
2026-07-14T23:02:30.000Z,18,0,18,0,false,false
2026-07-14T23:05:00.000Z,60,56,18,0,true,false
2026-07-14T23:07:30.000Z,18,0,18,0,false,false
2026-07-14T23:10:00.000Z,52,67,18,0,true,false
2026-07-14T23:12:30.000Z,18,0,96,120,false,true
2026-07-14T23:15:00.000Z,59,48,18,0,true,false
2026-07-14T23:17:30.000Z,18,0,18,0,false,false
2026-07-14T23:20:00.000Z,57,41,18,0,true,false
2026-07-14T23:22:30.000Z,18,0,18,0,false,false
2026-07-14T23:25:00.000Z,60,62,18,0,true,false
2026-07-14T23:27:30.000Z,18,0,90,115,false,true
2026-07-14T23:30:00.000Z,60,56,18,0,true,false
2026-07-14T23:32:30.000Z,18,0,18,0,false,false
2026-07-14T23:35:00.000Z,56,84,18,0,true,false
2026-07-14T23:37:30.000Z,18,0,18,0,false,false
2026-07-14T23:40:00.000Z,58,67,18,0,true,false
2026-07-14T23:42:30.000Z,18,0,95,116,false,true
2026-07-14T23:45:00.000Z,56,69,18,0,true,false
2026-07-14T23:47:30.000Z,18,0,18,0,false,false
2026-07-14T23:50:00.000Z,61,61,18,0,true,false
2026-07-14T23:52:30.000Z,18,0,18,0,false,false
2026-07-14T23:55:00.000Z,61,76,18,0,true,false
2026-07-14T23:57:30.000Z,18,0,96,117,false,true
