time,batteryPercent,steps,activeSeconds,temperaturesC
2026-07-01T00:00:00.000Z,91,10,11,34.5;34.3;33.9;34.3;34.2;34.6;34.3;34.8;34.2;34.2;34.1;34.7;33.5;34.2;34.8
2026-07-01T00:15:00.000Z,90,0,0,34.3;34.2;34.5;34.5;34.2;34.1;35.1;34.2;34.1;33.8;34.8;33.9;34.0;34.4;33.7
2026-07-01T00:30:00.000Z,89,0,0,33.9;33.9;34.8;33.6;34.5;34.4;34.8;33.5;34.3;34.6;34.2;34.3;34.4;33.7;34.2
2026-07-01T00:45:00.000Z,88,10,24,34.4;34.4;34.5;34.4;34.4;33.9;34.0;33.4;34.1;34.3;33.9;34.1;34.6;34.6;34.2
2026-07-01T01:00:00.000Z,87,12,28,34.3;34.1;34.5;33.8;34.4;34.3;34.0;34.4;34.0;34.6;33.5;33.8;34.0;34.2;34.3
2026-07-01T01:15:00.000Z,87,0,0,34.4;34.4;34.3;34.1;34.9;34.3;33.8;33.9;33.5;34.0;34.0;34.3;34.5;34.3;34.2
2026-07-01T01:30:00.000Z,86,3,7,34.0;34.3;34.1;33.8;34.2;33.8;33.4;33.8;34.5;34.4;33.9;34.8;34.6;33.2;34.1
2026-07-01T01:45:00.000Z,85,1,22,34.4;33.8;34.4;34.1;34.3;33.8;34.3;35.0;34.1;34.0;34.3;33.7;34.8;34.2;34.3
2026-07-01T02:00:00.000Z,84,0,0,34.4;34.5;34.8;34.5;34.0;34.4;33.9;34.0;34.1;34.3;34.3;33.9;34.3;34.1;34.4
2026-07-01T02:15:00.000Z,83,0,0,33.7;34.1;34.2;33.9;34.5;34.1;34.1;33.9;33.8;34.2;33.9;33.7;34.0;34.4;34.5
2026-07-01T02:30:00.000Z,82,0,0,34.1;34.0;34.9;33.9;34.2;33.4;34.1;34.1;34.2;33.9;34.4;34.6;33.9;33.9;33.8
2026-07-01T02:45:00.000Z,81,0,0,33.4;34.0;34.0;34.2;34.4;34.2;34.2;34.1;34.2;34.4;33.9;34.5;33.5;34.4;34.1
2026-07-01T03:00:00.000Z,80,7,16,35.1;33.9;34.7;34.3;33.9;33.9;34.4;34.1;33.9;34.5;33.8;34.4;34.8;34.6;34.1
2026-07-01T03:15:00.000Z,79,0,0,34.0;34.5;33.4;34.0;34.2;33.7;34.6;34.1;33.8;34.0;33.7;34.1;34.5;33.7;33.7
2026-07-01T03:30:00.000Z,78,0,0,33.7;34.5;33.5;33.8;34.4;34.0;34.1;33.7;34.5;34.0;34.1;34.4;33.7;33.8;34.1
2026-07-01T03:45:00.000Z,78,10,35,34.2;34.3;33.7;34.1;34.7;33.5;34.0;34.1;33.2;34.0;34.0;34.3;34.1;34.0;33.3
2026-07-01T04:00:00.000Z,77,0,0,34.5;33.8;34.5;34.0;33.9;34.3;35.0;34.6;34.2;35.0;34.5;34.2;34.4;34.7;34.3
2026-07-01T04:15:00.000Z,76,0,0,34.8;34.4;34.1;34.7;34.8;34.2;34.3;34.3;33.8;34.0;34.2;34.4;33.9;34.4;33.7
2026-07-01T04:30:00.000Z,75,0,0,34.2;34.5;34.3;34.3;33.9;34.0;33.9;34.4;35.3;33.7;34.2;34.2;34.2;34.3;34.8
2026-07-01T04:45:00.000Z,74,0,0,34.7;34.8;34.7;33.7;34.5;34.6;34.2;34.5;34.0;34.2;34.3;34.3;34.6;34.0;34.0
2026-07-01T05:00:00.000Z,73,9,3,34.2;34.6;34.8;33.6;33.6;34.5;33.9;34.9;34.0;34.0;34.5;33.5;34.3;34.0;34.1
2026-07-01T05:15:00.000Z,72,1,5,34.2;34.0;34.2;34.9;34.0;34.2;34.5;34.5;34.7;34.0;33.8;34.8;34.0;33.9;34.3
2026-07-01T05:30:00.000Z,71,3,4,34.1;33.3;34.4;34.4;34.4;33.9;34.1;34.5;34.3;34.0;34.6;34.5;33.7;34.4;33.3
2026-07-01T05:45:00.000Z,70,0,0,34.5;33.8;34.1;33.9;34.1;33.7;33.7;34.7;34.4;34.1;34.4;34.1;34.0;34.7;34.7
2026-07-01T06:00:00.000Z,69,0,0,34.3;34.3;34.8;34.5;34.2;34.1;34.7;33.7;33.8;33.9;33.8;33.9;35.0;34.3;34.2
2026-07-01T06:15:00.000Z,69,0,0,34.8;34.3;34.0;34.1;34.3;34.4;34.4;34.2;34.2;34.3;34.6;33.3;35.0;34.3;33.7
2026-07-01T06:30:00.000Z,68,0,0,33.9;34.4;34.1;34.7;33.6;34.5;34.8;34.4;34.7;33.6;34.1;34.6;33.9;34.3;34.3
2026-07-01T06:45:00.000Z,67,0,0,33.9;34.0;33.9;33.7;33.7;34.0;34.2;34.2;34.0;33.7;33.9;34.5;34.4;34.2;34.1
2026-07-01T07:00:00.000Z,66,8,31,33.3;33.4;33.0;33.2;33.3;32.8;34.0;33.0;33.3;33.1;33.6;33.9;33.4;33.0;32.9
2026-07-01T07:15:00.000Z,65,4,7,33.3;33.4;33.0;33.5;32.8;32.8;32.8;33.4;33.8;33.0;33.4;33.6;33.0;32.9;33.5
2026-07-01T07:30:00.000Z,64,9,52,32.6;32.9;33.3;33.3;33.6;32.6;33.3;33.2;33.1;32.5;33.5;33.2;33.0;33.2;33.4
2026-07-01T07:45:00.000Z,63,998,825,33.3;33.5;33.5;33.7;32.6;33.1;33.6;32.7;33.5;32.5;32.5;33.4;32.9;33.0;33.5
2026-07-01T08:00:00.000Z,62,18,19,33.2;33.8;32.7;33.6;33.2;33.5;32.6;32.9;33.0;33.3;32.7;34.0;33.2;33.4;33.2
2026-07-01T08:15:00.000Z,61,10,86,32.9;33.5;33.6;32.9;33.4;33.2;32.9;33.2;33.8;33.2;33.8;33.1;33.2;32.6;33.2
2026-07-01T08:30:00.000Z,60,13,12,33.4;33.1;32.9;34.0;33.2;32.8;32.7;33.5;32.5;32.7;33.2;32.9;32.8;33.3;33.1
2026-07-01T08:45:00.000Z,60,9,29,33.0;33.5;33.0;33.4;32.7;32.8;32.8;33.2;33.5;33.4;33.7;33.3;33.1;33.0;33.1
2026-07-01T09:00:00.000Z,59,9,83,33.5;33.1;33.6;33.5;33.5;33.4;33.2;33.5;33.3;33.4;33.5;32.8;33.7;33.2;32.9
2026-07-01T09:15:00.000Z,58,351,89,33.5;33.2;32.7;33.5;33.5;33.4;33.4;33.0;33.4;34.3;32.9;33.0;33.0;32.8;32.7
2026-07-01T09:30:00.000Z,57,5,54,33.5;33.2;33.4;33.4;33.3;33.5;33.6;33.0;33.1;33.0;33.7;33.3;33.2;33.5;33.2
2026-07-01T09:45:00.000Z,56,1189,851,33.2;32.8;33.6;33.3;33.5;33.3;33.4;33.5;32.6;33.1;33.0;33.2;32.9;33.1;33.3
2026-07-01T10:00:00.000Z,55,50,68,32.9;33.4;33.0;33.3;33.2;33.7;33.0;33.0;33.4;33.5;33.4;32.2;32.2;33.1;32.8
2026-07-01T10:15:00.000Z,54,24,50,33.1;33.1;33.3;33.0;33.4;33.3;32.8;32.8;33.3;33.1;33.6;33.4;32.9;33.7;32.5
2026-07-01T10:30:00.000Z,53,39,17,33.2;33.3;33.1;32.9;33.1;33.5;33.7;32.7;32.8;32.8;33.6;33.6;33.3;33.4;33.2
2026-07-01T10:45:00.000Z,52,23,5,33.1;33.3;33.6;33.2;33.1;33.2;33.2;33.4;33.1;33.4;33.9;32.9;33.2;33.0;32.5
2026-07-01T11:00:00.000Z,51,20,41,33.9;33.2;32.9;33.0;33.0;32.9;32.8;33.3;33.6;33.4;32.7;32.6;33.4;33.2;33.5
2026-07-01T11:15:00.000Z,51,1327,388,32.4;32.8;33.0;33.0;33.0;32.9;33.1;33.4;33.4;33.1;32.8;33.5;33.1;33.0;33.7
2026-07-01T11:30:00.000Z,50,13,48,34.3;33.5;33.3;33.5;33.1;33.1;33.3;33.8;33.2;33.1;33.3;33.2;33.2;33.1;32.9
2026-07-01T11:45:00.000Z,49,59,68,33.3;33.2;32.8;32.9;33.5;33.0;33.2;33.3;33.0;33.1;33.2;33.1;32.9;33.1;32.8
2026-07-01T12:00:00.000Z,48,43,33,33.9;33.1;33.0;33.6;33.2;33.3;33.4;32.9;33.5;33.4;33.4;33.3;33.3;33.3;33.4
2026-07-01T12:15:00.000Z,47,926,613,33.6;33.5;33.1;33.5;33.6;33.1;33.1;33.3;33.2;32.9;32.8;33.6;33.5;33.0;33.0
2026-07-01T12:30:00.000Z,46,704,677,33.3;33.1;33.1;33.3;33.1;33.1;33.1;33.8;33.0;33.3;32.8;33.4;33.0;33.5;33.3
2026-07-01T12:45:00.000Z,45,24,6,33.2;32.6;33.1;33.2;32.9;33.2;33.5;33.7;32.3;33.3;33.5;33.1;33.0;33.5;33.2
2026-07-01T13:00:00.000Z,44,51,27,33.1;33.7;32.9;33.7;33.1;32.9;32.9;33.5;33.4;33.2;33.3;33.4;33.1;33.2;33.1
2026-07-01T13:15:00.000Z,43,221,149,33.3;33.5;33.6;32.8;33.8;33.1;33.3;33.3;32.9;33.7;32.5;33.7;32.9;33.2;33.7
2026-07-01T13:30:00.000Z,42,36,74,33.2;33.4;33.7;33.7;32.9;33.4;32.8;34.1;33.0;33.6;33.2;33.3;33.5;33.4;33.3
2026-07-01T13:45:00.000Z,42,743,823,33.1;32.8;32.6;33.3;32.8;33.2;33.4;33.4;33.1;33.0;33.2;33.7;32.9;33.3;33.5
2026-07-01T14:00:00.000Z,41,249,242,32.7;32.6;33.4;33.7;33.5;33.5;33.7;33.2;33.6;33.5;32.6;33.0;33.8;33.1;33.2
2026-07-01T14:15:00.000Z,40,60,9,32.8;33.6;32.9;33.0;32.9;33.5;32.4;33.3;33.0;33.3;33.6;33.0;33.1;33.4;33.2
2026-07-01T14:30:00.000Z,39,32,34,33.1;32.8;33.3;33.7;33.4;33.1;33.1;32.9;33.2;33.1;33.2;32.7;33.5;33.4;33.5
2026-07-01T14:45:00.000Z,38,263,194,33.0;32.8;33.4;33.2;33.1;33.5;32.9;33.2;33.4;33.1;33.9;33.4;33.5;33.6;32.8
2026-07-01T15:00:00.000Z,37,36,10,33.2;33.5;32.7;33.1;32.7;33.7;33.0;33.3;33.1;33.1;33.5;33.0;33.3;32.9;32.9
2026-07-01T15:15:00.000Z,36,1154,751,33.1;33.2;32.7;33.1;33.3;33.0;33.3;32.6;33.4;33.6;33.4;33.1;33.6;32.9;33.2
2026-07-01T15:30:00.000Z,35,34,11,32.7;33.7;32.3;33.2;33.4;33.2;33.2;32.9;33.4;33.4;32.5;33.6;33.4;33.1;32.7
2026-07-01T15:45:00.000Z,34,9,58,32.6;33.1;34.0;33.2;32.9;33.2;33.1;33.7;32.6;33.6;32.9;33.3;33.1;33.1;33.0
2026-07-01T16:00:00.000Z,33,24,74,31.9;33.8;33.4;32.8;32.9;33.3;33.1;33.1;33.8;34.4;32.9;33.5;33.3;33.1;32.9
2026-07-01T16:15:00.000Z,33,28,41,33.5;32.5;32.8;32.8;33.1;33.7;33.0;32.9;33.7;32.8;33.1;33.3;32.4;33.4;33.6
2026-07-01T16:30:00.000Z,32,256,64,33.2;33.0;33.2;33.0;32.7;33.1;32.6;33.4;33.2;32.9;33.9;33.2;33.5;33.6;33.1
2026-07-01T16:45:00.000Z,31,149,85,33.1;33.1;33.7;33.3;33.6;33.3;32.9;33.3;33.4;32.8;33.1;32.9;32.7;33.2;33.2
2026-07-01T17:00:00.000Z,30,30,56,33.6;33.2;33.9;32.8;33.3;33.0;32.9;33.1;33.1;33.6;33.9;33.2;33.2;32.9;32.6
2026-07-01T17:15:00.000Z,29,30,83,33.7;33.0;33.0;33.5;33.4;33.2;33.1;32.7;32.8;33.3;33.2;33.0;33.7;33.8;33.0
2026-07-01T17:30:00.000Z,28,142,106,33.7;33.4;33.5;33.2;32.8;33.3;33.3;32.9;33.7;33.2;33.4;33.3;33.3;33.6;32.9
2026-07-01T17:45:00.000Z,27,2,11,33.0;32.8;33.1;33.1;34.1;32.9;34.0;32.7;33.2;33.9;33.6;33.6;33.5;33.1;32.9
2026-07-01T18:00:00.000Z,26,21,79,32.9;33.3;33.7;33.3;32.9;32.5;33.1;32.2;32.9;33.6;33.3;32.6;32.7;33.6;33.3
2026-07-01T18:15:00.000Z,25,49,26,33.1;32.3;33.2;33.2;32.9;33.4;33.3;33.1;33.7;32.8;33.2;33.2;32.7;33.2;33.4
2026-07-01T18:30:00.000Z,24,26,80,33.4;33.6;33.8;33.1;32.9;33.4;33.2;32.8;32.7;33.8;33.1;32.6;33.2;33.6;33.2
2026-07-01T18:45:00.000Z,24,30,6,33.2;33.7;33.1;32.9;33.3;32.5;33.9;33.2;33.1;32.9;33.2;33.6;33.7;33.4;33.9
2026-07-01T19:00:00.000Z,23,49,57,33.5;33.0;33.0;33.4;33.3;34.1;33.5;33.4;32.7;33.1;32.9;33.8;33.4;33.5;33.3
2026-07-01T19:15:00.000Z,22,32,16,33.4;32.6;33.4;32.9;33.4;33.3;32.5;33.0;32.9;33.2;32.7;33.1;33.1;32.8;32.9
2026-07-01T19:30:00.000Z,21,54,79,33.4;33.3;33.3;33.1;33.2;33.3;33.3;33.5;33.0;32.7;33.5;33.5;32.5;32.6;32.9
2026-07-01T19:45:00.000Z,20,47,15,33.1;33.2;33.6;33.2;33.2;33.3;33.0;32.7;33.9;33.5;33.2;33.6;33.6;33.1;33.1
2026-07-01T20:00:00.000Z,50,0,0,24.5;24.6;24.3;23.9;23.8;23.6;24.0;24.1;24.5;23.8;23.9;24.0;23.5;24.3;23.6
2026-07-01T20:15:00.000Z,80,0,0,23.9;24.2;23.3;24.0;24.1;24.2;23.8;24.3;23.9;23.9;23.8;24.4;23.8;23.3;24.0
2026-07-01T20:30:00.000Z,100,0,0,24.2;23.8;23.7;23.9;24.1;23.8;23.6;23.7;24.0;23.6;23.8;24.0;23.8;24.0;24.5
2026-07-01T20:45:00.000Z,100,0,0,24.2;24.0;24.0;24.3;24.0;23.6;23.5;24.0;24.5;24.3;23.8;24.1;24.1;23.5;24.4
2026-07-01T21:00:00.000Z,99,1379,840,33.3;33.1;32.6;33.7;33.3;33.1;33.3;32.8;32.9;32.5;32.6;33.0;33.1;33.6;33.3
2026-07-01T21:15:00.000Z,98,23,21,33.0;33.3;33.9;33.7;33.4;33.3;32.8;33.2;33.0;34.0;33.0;33.1;33.1;33.1;33.0
2026-07-01T21:30:00.000Z,97,16,7,33.2;33.1;33.1;33.2;33.1;32.8;33.4;33.3;33.3;33.0;33.2;33.0;33.2;33.7;33.4
2026-07-01T21:45:00.000Z,96,9,22,33.0;33.3;33.7;33.7;32.8;33.6;33.5;33.5;33.5;34.0;33.3;33.3;32.6;33.4;33.4
2026-07-01T22:00:00.000Z,95,25,66,33.3;33.3;33.1;33.3;33.4;33.2;33.4;33.3;33.0;33.3;33.2;33.1;33.3;33.2;33.8
2026-07-01T22:15:00.000Z,95,41,22,33.1;33.7;33.6;33.0;33.2;33.9;33.2;33.4;33.1;33.0;33.4;32.4;32.7;33.7;33.4
2026-07-01T22:30:00.000Z,94,564,841,33.4;33.2;32.9;33.7;33.2;33.7;33.0;33.3;32.9;32.8;33.2;33.1;33.0;33.0;33.1
2026-07-01T22:45:00.000Z,93,0,88,33.1;33.7;33.0;33.0;33.4;33.3;33.0;33.4;33.5;32.6;33.0;33.3;33.4;33.4;32.5
2026-07-01T23:00:00.000Z,92,0,0,34.4;34.9;34.1;34.1;34.4;34.1;34.0;33.8;34.2;33.6;34.5;34.3;34.4;34.6;34.2
2026-07-01T23:15:00.000Z,91,0,0,34.5;34.2;34.1;33.8;34.1;34.3;33.9;34.9;34.2;33.9;33.9;34.5;34.5;34.8;33.5
2026-07-01T23:30:00.000Z,90,2,30,34.1;34.2;33.8;34.2;34.4;33.6;34.0;34.5;34.4;34.5;34.4;33.6;34.4;33.9;34.6
2026-07-01T23:45:00.000Z,89,0,0,33.9;34.6;33.9;34.2;34.2;34.1;34.2;34.0;34.1;33.9;34.2;34.3;34.2;34.1;34.6
2026-07-02T00:00:00.000Z,88,0,0,34.0;33.7;33.8;34.0;34.5;34.4;34.2;34.4;34.2;34.2;34.5;33.9;34.4;34.5;34.7
2026-07-02T00:15:00.000Z,87,10,11,34.8;33.8;34.1;34.1;33.9;34.2;34.5;34.2;34.4;34.5;34.2;34.3;34.2;34.6;33.9
2026-07-02T00:30:00.000Z,86,0,0,33.5;33.8;34.0;34.5;34.2;34.0;34.3;34.8;33.6;34.1;33.7;34.6;34.2;34.3;34.1
2026-07-02T00:45:00.000Z,86,0,0,34.4;34.0;34.1;34.4;34.6;34.1;34.3;33.9;34.2;33.7;33.9;33.9;34.5;34.2;34.3
2026-07-02T01:00:00.000Z,85,0,0,34.9;34.0;34.0;33.3;34.4;34.4;34.3;34.0;33.7;34.2;34.5;33.8;34.7;34.2;35.0
2026-07-02T01:15:00.000Z,84,8,13,34.4;34.3;33.9;34.1;34.5;33.8;33.9;34.2;33.9;34.2;34.0;34.3;34.2;34.0;33.6
2026-07-02T01:30:00.000Z,83,0,0,33.6;34.3;34.6;33.9;34.3;33.8;34.3;34.4;33.9;34.9;34.5;34.2;34.6;34.6;33.6
2026-07-02T01:45:00.000Z,82,0,0,34.7;34.6;34.3;34.5;34.1;34.1;34.2;35.0;34.3;33.9;33.6;34.5;34.5;34.3;34.1
2026-07-02T02:00:00.000Z,81,0,0,34.4;34.1;33.6;34.1;34.9;34.1;34.4;34.2;34.3;34.6;34.1;34.3;34.6;33.8;34.6
2026-07-02T02:15:00.000Z,80,3,33,33.8;34.0;34.1;34.7;34.2;33.4;34.3;34.9;33.9;33.8;34.0;34.3;34.1;34.3;33.8
2026-07-02T02:30:00.000Z,79,0,0,33.9;33.9;34.3;34.3;34.2;34.5;34.3;33.9;34.1;34.3;34.7;34.2;33.9;34.2;34.5
2026-07-02T02:45:00.000Z,78,0,0,34.4;34.8;33.3;33.7;33.9;33.9;33.7;34.5;34.4;34.2;34.5;33.5;34.3;33.9;33.9
2026-07-02T03:00:00.000Z,77,0,0,34.0;34.6;34.1;34.3;33.9;34.6;34.3;34.2;34.8;34.8;34.0;33.9;34.0;34.3;33.9
2026-07-02T03:15:00.000Z,77,0,0,34.1;34.0;33.7;33.8;34.1;34.1;34.5;33.9;34.3;34.1;34.7;34.0;33.6;34.1;34.0
2026-07-02T03:30:00.000Z,76,3,38,33.4;34.5;34.3;33.5;34.1;34.4;33.8;34.4;34.1;34.6;34.3;34.4;34.2;34.1;34.1
2026-07-02T03:45:00.000Z,75,0,0,34.0;33.9;35.1;33.8;33.7;34.6;34.4;34.4;33.9;34.2;34.1;33.8;34.5;33.8;35.2
2026-07-02T04:00:00.000Z,74,0,0,34.1;33.9;34.2;34.3;34.8;34.2;34.3;34.5;34.2;34.3;34.3;34.1;34.4;34.5;34.1
2026-07-02T04:15:00.000Z,73,0,0,34.4;34.3;34.2;34.2;34.1;34.2;34.5;34.8;34.0;33.8;34.3;34.0;34.3;33.9;34.3
2026-07-02T04:30:00.000Z,72,2,35,34.7;34.3;34.8;34.3;34.4;33.4;34.6;35.2;34.4;34.4;33.9;34.2;33.9;34.2;34.0
2026-07-02T04:45:00.000Z,71,0,0,34.1;34.6;34.8;34.1;34.1;34.1;34.5;34.5;34.4;34.5;34.1;34.6;33.9;35.0;33.9
2026-07-02T05:00:00.000Z,70,0,0,34.4;33.8;34.6;34.5;34.8;33.6;34.4;34.7;34.2;33.7;34.1;34.2;34.3;34.1;34.8
2026-07-02T05:15:00.000Z,69,0,0,34.1;34.4;34.6;35.1;34.5;33.2;34.2;33.7;34.2;34.3;33.7;34.1;34.2;34.5;34.0
2026-07-02T05:30:00.000Z,68,1,32,34.4;34.0;34.1;33.6;33.5;34.4;35.0;34.3;34.7;33.6;34.5;34.1;34.4;34.5;33.7
2026-07-02T05:45:00.000Z,68,3,36,34.0;34.5;34.8;34.2;34.0;33.8;34.4;33.9;33.9;34.3;34.3;34.1;34.0;34.9;34.9
2026-07-02T06:00:00.000Z,67,0,0,34.2;34.0;34.0;34.6;34.7;34.0;34.9;34.4;33.4;33.7;34.3;33.9;34.3;33.9;34.2
2026-07-02T06:15:00.000Z,66,8,32,34.2;33.9;33.8;34.8;33.8;33.8;33.8;34.8;34.9;33.8;33.9;34.4;33.8;34.0;33.9
2026-07-02T06:30:00.000Z,65,0,0,34.7;34.8;33.6;34.2;33.9;34.5;34.3;34.4;34.9;34.3;34.0;34.5;34.1;34.1;34.4
2026-07-02T06:45:00.000Z,64,0,0,34.3;33.5;33.7;34.4;33.9;34.8;33.6;34.2;34.7;33.5;34.0;33.5;34.2;34.0;33.8
2026-07-02T07:00:00.000Z,63,37,17,32.4;33.4;33.9;32.9;33.1;33.6;33.0;33.5;33.0;33.7;33.3;32.7;33.2;32.8;32.7
2026-07-02T07:15:00.000Z,62,33,45,32.8;33.1;33.2;33.4;33.8;33.2;33.2;32.7;33.0;32.8;33.0;33.2;32.9;33.9;33.5
2026-07-02T07:30:00.000Z,61,45,30,32.9;33.2;33.2;33.2;33.1;33.1;33.1;33.6;33.2;33.2;33.3;33.3;33.2;33.0;33.0
2026-07-02T07:45:00.000Z,60,3,66,33.9;33.4;32.4;33.2;33.1;32.6;32.6;33.5;33.5;32.5;33.2;33.4;33.1;32.7;32.9
2026-07-02T08:00:00.000Z,59,16,8,33.6;33.2;32.9;33.4;33.6;32.5;32.9;33.4;33.0;32.5;33.0;33.2;33.5;33.0;32.6
2026-07-02T08:15:00.000Z,59,50,10,32.8;32.9;34.0;33.3;33.4;33.3;33.4;32.7;33.2;33.0;33.4;32.9;33.3;33.2;32.5
2026-07-02T08:30:00.000Z,58,54,69,33.2;33.1;32.8;33.0;33.3;33.4;32.6;33.4;33.3;33.8;33.2;33.2;33.0;33.0;33.4
2026-07-02T08:45:00.000Z,57,1127,788,32.9;33.7;32.7;33.7;33.4;33.1;32.9;33.2;33.1;33.6;33.5;33.1;32.5;32.6;32.9
2026-07-02T09:00:00.000Z,56,24,25,32.8;33.8;33.5;33.1;33.5;33.2;33.3;33.5;33.1;32.6;33.3;33.2;33.0;32.9;33.1
2026-07-02T09:15:00.000Z,55,52,73,32.7;33.2;32.8;33.4;33.6;33.4;33.0;33.2;33.2;32.9;32.9;33.4;33.2;33.3;33.5
2026-07-02T09:30:00.000Z,54,37,28,33.1;33.7;33.2;34.1;33.0;33.3;33.7;32.6;32.8;34.0;33.3;33.3;33.3;32.9;32.9
2026-07-02T09:45:00.000Z,53,15,45,33.3;33.2;33.5;32.6;34.0;33.5;33.4;32.8;33.3;33.8;32.9;33.4;32.7;33.3;33.0
2026-07-02T10:00:00.000Z,52,48,72,33.1;32.8;33.2;33.4;33.5;33.2;33.2;33.1;32.9;33.1;33.5;34.0;33.2;33.4;33.3
2026-07-02T10:15:00.000Z,51,2,72,33.6;33.4;33.7;33.4;32.9;33.3;33.4;33.0;33.3;33.0;32.8;33.1;33.2;33.0;33.0
2026-07-02T10:30:00.000Z,50,52,40,33.2;32.5;33.8;33.7;32.9;33.4;32.9;32.8;33.0;34.0;33.5;32.6;33.5;33.5;33.2
2026-07-02T10:45:00.000Z,50,0,36,33.0;33.9;33.0;32.7;33.2;33.5;33.4;33.7;33.2;33.1;33.2;33.3;32.8;32.7;33.6
2026-07-02T11:00:00.000Z,49,35,88,32.8;33.9;33.5;33.1;33.1;33.5;33.8;33.2;33.3;33.5;33.9;34.0;33.0;33.6;32.6
2026-07-02T11:15:00.000Z,48,51,24,32.5;33.5;33.1;32.9;33.5;33.2;33.2;33.0;33.3;33.3;33.4;32.6;33.7;32.7;33.0
2026-07-02T11:30:00.000Z,47,34,9,33.0;32.9;32.9;33.8;33.4;32.9;33.5;33.1;33.3;33.3;32.9;32.9;32.8;33.8;33.0
2026-07-02T11:45:00.000Z,46,394,121,33.7;33.3;33.2;33.7;33.2;33.3;32.9;33.6;32.9;33.0;33.1;33.4;33.4;33.4;32.8
2026-07-02T12:00:00.000Z,45,30,17,33.5;33.4;32.9;33.3;33.5;33.6;33.7;33.5;33.1;32.6;33.2;33.4;32.9;33.5;33.6
2026-07-02T12:15:00.000Z,44,9,89,33.2;32.7;33.1;34.1;32.7;33.3;33.1;33.4;33.2;32.9;33.2;33.1;33.1;33.4;33.3
2026-07-02T12:30:00.000Z,43,14,24,32.9;32.7;33.0;33.8;33.8;32.7;33.1;32.8;33.6;33.2;34.3;34.0;33.4;32.9;33.6
2026-07-02T12:45:00.000Z,42,10,63,33.2;32.7;33.5;33.6;32.5;33.4;33.4;33.9;33.6;33.6;33.0;33.5;33.1;32.9;33.4
2026-07-02T13:00:00.000Z,41,25,88,33.1;33.0;33.3;33.3;33.9;32.4;32.4;33.0;33.5;33.5;33.0;33.4;33.4;33.3;33.0
2026-07-02T13:15:00.000Z,41,382,137,33.1;33.2;33.1;33.1;32.6;32.7;33.0;33.0;33.0;32.9;33.5;33.1;33.4;32.7;33.4
2026-07-02T13:30:00.000Z,40,283,238,33.2;32.7;33.7;32.9;33.4;33.7;33.4;33.2;33.1;33.0;33.2;33.7;33.6;33.0;33.1
2026-07-02T13:45:00.000Z,39,55,20,33.1;33.0;33.3;33.4;33.5;32.7;33.2;33.5;33.1;33.1;32.6;32.8;33.1;33.3;34.0
2026-07-02T14:00:00.000Z,38,224,201,32.7;33.6;33.1;33.2;32.8;33.2;33.0;33.3;33.0;33.1;33.5;33.2;32.9;33.8;33.8
2026-07-02T14:15:00.000Z,37,11,42,33.1;32.8;32.9;33.1;33.2;33.3;33.6;33.7;33.0;32.9;33.5;33.2;33.8;33.4;32.3
2026-07-02T14:30:00.000Z,36,52,13,32.9;33.3;33.0;33.1;32.8;32.8;33.6;33.4;33.0;33.1;33.8;33.4;33.3;33.3;33.8
2026-07-02T14:45:00.000Z,35,34,36,33.3;33.0;33.3;33.9;32.9;33.0;33.0;33.0;33.3;33.0;33.7;33.2;32.4;33.1;33.3
2026-07-02T15:00:00.000Z,34,174,248,33.0;32.8;32.4;33.7;33.7;34.1;33.3;33.5;33.5;32.8;32.8;33.6;32.5;33.2;33.3
2026-07-02T15:15:00.000Z,33,792,758,33.4;33.1;33.0;33.3;33.0;33.3;34.0;33.3;32.9;33.2;33.7;33.0;32.7;32.8;33.0
2026-07-02T15:30:00.000Z,32,189,231,33.8;33.5;33.6;33.0;33.1;33.2;33.1;33.3;33.3;33.5;32.9;33.1;33.1;33.2;32.5
2026-07-02T15:45:00.000Z,32,245,124,33.5;33.1;33.3;33.3;32.8;33.6;32.9;32.8;33.6;33.1;33.0;33.0;32.8;33.2;33.0
2026-07-02T16:00:00.000Z,31,2,83,33.3;33.3;33.2;33.0;33.3;33.0;33.0;33.6;33.5;33.6;33.6;32.8;32.8;33.5;33.5
2026-07-02T16:15:00.000Z,30,1,12,33.0;32.8;32.3;32.9;33.6;33.3;33.0;33.3;33.1;33.2;33.4;33.5;32.8;33.5;33.5
2026-07-02T16:30:00.000Z,29,185,201,33.7;33.5;33.1;33.4;33.5;32.9;33.4;33.3;33.5;33.8;32.4;32.9;33.2;33.1;33.1
2026-07-02T16:45:00.000Z,28,1287,783,33.5;33.8;33.5;33.6;32.9;33.3;33.0;33.0;33.3;32.6;33.1;33.9;32.7;33.1;33.6
2026-07-02T17:00:00.000Z,27,1,67,33.1;33.8;33.0;33.0;33.5;33.4;33.3;33.4;33.1;32.8;33.4;33.1;32.8;33.6;33.3
2026-07-02T17:15:00.000Z,26,49,6,32.6;33.1;33.4;33.5;33.1;33.6;33.2;33.1;33.5;33.2;33.3;33.2;33.0;32.9;33.4
2026-07-02T17:30:00.000Z,25,31,20,33.8;33.9;33.3;33.3;33.7;33.1;33.2;33.6;32.8;32.9;32.9;33.1;32.5;33.3;33.8
2026-07-02T17:45:00.000Z,24,12,81,33.6;33.5;33.6;32.7;32.9;33.1;33.1;33.2;33.0;33.4;33.1;32.9;33.1;32.8;32.8
2026-07-02T18:00:00.000Z,23,32,67,32.4;33.2;33.4;33.3;32.5;33.4;33.4;33.3;33.4;33.6;32.8;33.1;33.2;33.3;33.4
2026-07-02T18:15:00.000Z,23,7,90,33.5;33.6;33.0;33.6;33.3;33.6;33.5;33.9;33.8;33.1;33.0;33.5;32.6;33.3;33.1
2026-07-02T18:30:00.000Z,22,617,789,33.2;33.3;33.0;32.8;33.0;33.1;33.0;33.1;33.2;33.3;33.6;33.0;33.1;33.5;33.2
2026-07-02T18:45:00.000Z,21,1314,367,32.3;33.0;33.2;33.7;33.0;32.8;32.8;32.7;33.4;32.7;34.1;33.8;33.4;33.5;33.4
2026-07-02T19:00:00.000Z,20,41,63,33.7;33.4;33.6;33.0;32.9;33.3;32.8;33.1;32.9;32.7;33.7;33.4;33.2;33.2;32.7
2026-07-02T19:15:00.000Z,19,1369,492,32.1;33.5;33.1;33.5;33.2;33.4;33.3;32.6;33.8;33.7;33.4;33.4;33.2;32.8;33.1
2026-07-02T19:30:00.000Z,18,30,16,33.4;33.6;33.4;32.9;33.1;33.2;33.6;33.1;32.8;33.4;33.0;32.7;32.8;33.5;33.9
2026-07-02T19:45:00.000Z,17,24,27,32.5;33.0;33.2;33.8;33.1;33.4;33.3;33.5;33.4;33.5;33.2;33.6;33.3;33.7;33.5
2026-07-02T20:00:00.000Z,16,34,1,33.2;32.5;32.7;33.1;33.6;33.3;33.3;33.5;33.6;33.3;32.7;33.1;33.6;33.3;33.2
2026-07-02T20:15:00.000Z,15,40,80,33.6;33.9;33.1;33.5;32.8;33.5;33.3;33.4;33.8;33.0;33.7;33.1;33.2;32.9;33.0
2026-07-02T20:30:00.000Z,15,36,82,33.5;33.4;33.1;33.4;33.1;33.2;33.4;33.8;33.4;33.1;33.1;33.5;33.3;33.3;33.2
2026-07-02T20:45:00.000Z,15,59,67,33.2;33.5;33.1;33.3;33.1;33.6;33.8;33.4;33.3;33.5;33.4;33.5;32.7;33.1;33.1
2026-07-02T21:00:00.000Z,15,48,34,32.9;33.0;33.0;33.3;32.9;33.9;33.5;33.4;33.4;33.5;33.0;33.4;33.2;33.0;32.9
2026-07-02T21:15:00.000Z,15,903,474,33.6;33.4;32.5;33.4;33.2;33.3;33.3;33.2;32.3;33.2;32.9;33.1;33.0;32.8;33.0
2026-07-02T21:30:00.000Z,15,20,85,33.3;33.6;33.5;33.0;32.8;33.5;33.9;33.8;33.3;33.7;33.2;33.1;32.9;33.2;33.1
2026-07-02T21:45:00.000Z,15,42,1,32.6;33.4;32.7;33.5;33.3;33.4;32.5;33.3;33.3;33.3;33.0;32.9;33.6;32.4;33.3
2026-07-02T22:00:00.000Z,15,59,37,32.7;32.9;33.8;33.5;33.2;33.0;32.9;32.6;33.0;33.1;33.8;33.0;33.3;33.1;32.6
2026-07-02T22:15:00.000Z,15,50,32,33.4;33.4;33.3;32.7;33.5;32.9;33.2;33.9;32.9;33.2;33.4;32.5;33.4;33.4;32.9
2026-07-02T22:30:00.000Z,15,9,78,32.6;33.0;33.5;33.4;32.5;33.1;33.3;33.3;33.2;33.5;33.0;33.4;33.2;33.8;32.8
2026-07-02T22:45:00.000Z,15,33,78,32.9;33.6;33.0;33.5;32.7;33.6;32.8;32.5;32.6;33.5;33.4;33.0;33.4;32.7;32.8
2026-07-02T23:00:00.000Z,15,0,0,34.4;34.3;33.9;34.3;34.6;34.4;34.5;34.4;33.6;34.0;34.2;34.0;34.2;34.2;33.9
2026-07-02T23:15:00.000Z,15,0,0,34.3;34.5;34.4;33.8;33.7;34.3;34.7;34.9;34.4;34.0;34.9;33.9;33.3;34.4;34.0
2026-07-02T23:30:00.000Z,15,7,29,34.4;34.3;33.6;34.9;34.1;34.4;33.5;34.3;34.6;35.1;33.6;34.4;33.8;34.6;34.2
2026-07-02T23:45:00.000Z,15,0,0,34.5;34.5;33.8;34.0;33.8;34.9;34.2;33.7;34.1;34.1;34.7;33.8;34.7;34.5;34.3
2026-07-03T00:00:00.000Z,15,0,0,33.6;34.0;34.4;33.9;34.0;34.3;34.2;34.1;34.4;34.3;33.5;34.7;34.1;33.8;34.4
2026-07-03T00:15:00.000Z,15,11,8,33.6;33.6;34.3;34.5;34.5;34.2;34.2;33.8;34.1;33.5;34.3;34.6;34.8;33.9;33.9
2026-07-03T00:30:00.000Z,15,12,6,33.9;34.0;34.4;33.8;34.1;34.7;34.6;34.4;34.1;34.0;33.4;34.0;34.0;33.6;34.6
2026-07-03T00:45:00.000Z,15,0,0,34.5;33.9;34.1;33.9;34.5;34.6;33.8;33.8;34.1;34.1;33.8;34.0;33.9;34.5;33.6
2026-07-03T01:00:00.000Z,15,0,0,33.9;34.4;34.0;34.7;34.5;34.4;34.4;34.0;33.8;33.9;34.3;34.2;34.5;34.4;34.0
2026-07-03T01:15:00.000Z,15,0,0,33.9;34.2;33.9;33.8;34.4;33.8;34.5;34.1;34.2;35.3;34.1;34.0;34.4;34.0;34.6
2026-07-03T01:30:00.000Z,15,0,0,34.4;34.7;34.1;33.7;34.7;34.1;34.3;34.3;34.1;34.8;34.1;33.5;34.3;34.7;33.6
2026-07-03T01:45:00.000Z,15,0,0,34.7;34.4;33.6;34.1;34.4;34.7;34.5;33.9;34.1;34.1;34.5;34.2;34.0;34.2;34.2
2026-07-03T02:00:00.000Z,15,0,0,34.5;34.5;34.2;33.9;34.5;34.7;34.0;34.2;33.7;33.7;33.9;34.4;33.7;34.5;34.0
2026-07-03T02:15:00.000Z,15,11,1,34.5;33.5;33.7;33.6;34.1;34.4;34.8;34.1;34.4;34.4;33.6;34.2;34.4;34.0;34.6
2026-07-03T02:30:00.000Z,15,4,37,33.8;34.4;34.5;33.8;33.9;34.0;33.9;33.9;34.1;34.2;34.1;33.9;34.6;34.5;33.8
2026-07-03T02:45:00.000Z,15,0,0,34.3;34.3;34.4;34.3;33.7;34.3;34.6;34.3;35.0;34.0;34.4;34.8;34.7;34.4;33.9
2026-07-03T03:00:00.000Z,15,0,0,33.8;34.0;34.4;34.8;34.4;34.2;33.8;34.8;34.1;33.5;34.6;34.1;34.2;33.9;33.6
2026-07-03T03:15:00.000Z,15,3,29,34.4;34.2;34.4;33.3;34.3;33.9;34.9;34.7;34.1;34.1;34.4;34.0;33.9;34.5;34.2
2026-07-03T03:30:00.000Z,15,0,0,34.4;34.1;34.5;34.4;33.9;33.9;33.9;33.9;34.8;33.7;34.4;34.3;34.1;34.6;34.1
2026-07-03T03:45:00.000Z,15,0,0,34.8;34.3;34.2;34.2;34.5;34.6;34.3;33.9;34.5;34.3;34.5;34.3;33.9;34.4;34.4
2026-07-03T04:00:00.000Z,15,6,8,34.6;34.3;33.9;34.6;34.2;34.9;34.3;34.1;33.8;34.0;34.2;34.2;34.4;33.7;34.1
2026-07-03T04:15:00.000Z,15,0,0,33.9;34.2;34.3;34.7;34.4;34.3;34.0;34.7;33.8;34.5;34.3;34.4;34.2;34.2;34.3
2026-07-03T04:30:00.000Z,15,0,0,34.8;33.8;35.0;33.6;33.8;33.6;34.0;34.0;34.4;34.6;34.9;33.4;34.2;34.1;33.8
2026-07-03T04:45:00.000Z,15,0,0,34.5;34.1;34.3;34.1;34.0;34.0;34.2;34.4;33.7;34.4;34.4;34.3;34.1;34.0;34.1
2026-07-03T05:00:00.000Z,15,0,0,34.2;34.6;34.0;34.4;34.2;34.0;34.4;34.1;34.0;34.4;34.9;33.9;34.8;34.2;34.3
2026-07-03T05:15:00.000Z,15,0,0,33.9;34.0;34.0;34.0;33.9;34.4;34.1;34.4;34.2;34.0;34.1;34.5;34.3;33.9;34.3
2026-07-03T05:30:00.000Z,15,0,0,33.8;34.9;33.9;34.1;34.7;34.1;34.1;33.3;34.3;34.0;34.6;34.0;34.3;35.1;34.7
2026-07-03T05:45:00.000Z,15,0,0,33.9;34.6;33.6;33.8;34.2;34.4;34.1;34.2;34.3;34.4;34.6;34.4;34.1;34.0;34.1
2026-07-03T06:00:00.000Z,15,0,0,34.6;34.1;34.1;34.8;34.1;34.6;34.7;34.2;34.2;34.4;33.5;34.5;34.0;34.1;33.8
2026-07-03T06:15:00.000Z,15,12,16,34.0;34.3;34.7;33.8;34.2;34.4;34.7;34.1;33.9;33.9;33.8;34.0;33.8;34.5;34.3
2026-07-03T06:30:00.000Z,15,0,0,34.2;34.6;34.2;34.5;34.0;33.8;33.9;34.5;34.2;34.4;33.5;34.3;34.3;34.2;34.5
2026-07-03T06:45:00.000Z,15,0,0,34.1;34.5;34.0;34.4;34.4;34.1;34.7;34.4;34.8;33.6;34.1;34.4;34.2;34.2;33.7
2026-07-03T07:00:00.000Z,15,58,68,33.3;32.9;33.4;33.5;33.0;32.8;33.4;33.3;32.6;33.0;32.8;33.2;33.5;32.9;33.1
2026-07-03T07:15:00.000Z,15,32,83,32.8;33.0;33.2;33.1;32.5;33.5;33.2;32.8;33.3;33.3;32.8;32.8;32.7;33.0;32.8
2026-07-03T07:30:00.000Z,15,39,39,33.2;33.6;33.4;32.8;33.5;33.7;33.0;33.0;33.1;33.4;32.9;32.5;33.6;33.3;33.6
2026-07-03T07:45:00.000Z,15,152,269,33.5;33.5;33.8;33.3;33.5;32.9;32.7;32.9;33.7;33.4;33.1;32.7;33.3;33.2;33.2
2026-07-03T08:00:00.000Z,15,44,19,33.2;33.1;32.9;33.0;33.0;33.0;33.5;32.9;33.3;33.7;33.6;33.0;33.5;33.1;33.3
2026-07-03T08:15:00.000Z,15,5,78,33.9;33.3;33.6;32.8;33.0;33.2;33.1;32.9;32.9;32.9;33.5;33.3;33.3;33.0;33.4
2026-07-03T08:30:00.000Z,15,593,447,33.3;33.4;33.2;33.2;33.0;33.5;33.5;33.9;33.5;33.5;33.4;32.8;33.3;33.1;32.9
2026-07-03T08:45:00.000Z,15,88,152,33.4;33.1;32.9;32.4;33.2;33.3;33.6;32.9;33.4;33.9;33.7;33.3;33.7;33.5;32.8
2026-07-03T09:00:00.000Z,15,23,13,33.3;33.0;33.3;32.8;33.6;33.1;33.7;33.2;33.6;33.3;33.2;32.6;33.9;33.5;33.4
2026-07-03T09:15:00.000Z,15,36,25,32.6;33.1;33.0;33.4;33.7;33.1;32.9;32.6;32.9;33.2;33.1;33.9;32.9;33.5;32.7
2026-07-03T09:30:00.000Z,15,1017,886,33.4;34.0;32.9;33.0;33.5;32.8;33.3;32.8;33.0;33.5;33.1;33.2;33.0;32.8;33.0
2026-07-03T09:45:00.000Z,15,99,202,33.4;33.4;33.6;33.2;33.1;33.5;33.3;33.5;34.0;33.4;32.9;33.9;33.3;32.6;33.3
2026-07-03T10:00:00.000Z,15,58,35,33.2;32.4;32.6;33.3;33.8;33.8;33.0;33.6;32.4;32.8;33.3;33.2;33.3;33.6;32.9
2026-07-03T10:15:00.000Z,15,535,815,33.4;34.0;33.4;32.8;33.2;33.2;33.3;32.9;33.6;32.9;33.1;33.6;33.7;32.7;33.4
2026-07-03T10:30:00.000Z,15,41,29,33.5;33.4;33.5;33.4;33.3;33.6;33.1;33.6;33.1;33.6;32.8;33.0;33.3;33.2;32.9
2026-07-03T10:45:00.000Z,15,8,64,33.7;33.5;33.9;33.7;32.9;33.4;32.8;33.2;34.1;33.1;33.2;33.1;33.2;32.9;33.0
2026-07-03T11:00:00.000Z,15,29,72,32.6;32.6;33.2;33.6;33.6;33.0;33.3;33.7;33.5;33.3;33.0;33.4;33.8;33.3;33.4
2026-07-03T11:15:00.000Z,15,324,287,33.6;33.3;33.4;32.9;33.0;32.7;32.9;33.1;33.4;32.8;33.6;33.2;32.8;33.5;33.8
2026-07-03T11:30:00.000Z,15,45,40,33.4;33.1;32.5;33.6;33.3;33.1;33.3;33.1;33.4;32.9;33.3;33.4;33.3;33.3;33.4
2026-07-03T11:45:00.000Z,15,131,185,32.7;33.4;33.4;33.2;32.7;33.1;33.1;33.0;33.3;33.0;34.1;33.4;33.2;33.3;33.2
2026-07-03T12:00:00.000Z,15,32,13,32.5;33.3;32.9;32.5;33.2;33.5;32.6;33.0;32.8;33.4;33.1;32.6;33.0;33.4;32.7
2026-07-03T12:15:00.000Z,15,242,223,32.8;32.6;33.2;32.9;33.2;33.1;33.8;32.6;32.9;33.6;32.7;33.2;32.8;33.1;32.6
2026-07-03T12:30:00.000Z,15,1023,400,33.5;33.0;33.4;33.6;33.0;33.2;33.2;33.1;32.9;33.0;33.3;33.6;33.1;33.2;33.2
2026-07-03T12:45:00.000Z,15,55,73,32.8;32.6;33.8;33.4;33.3;32.8;33.1;33.6;33.3;33.2;33.0;33.7;32.8;33.1;32.6
2026-07-03T13:00:00.000Z,15,40,84,33.6;32.9;32.9;32.9;33.2;32.7;32.6;32.9;33.1;33.1;33.1;32.7;32.7;32.7;33.3
2026-07-03T13:15:00.000Z,15,565,451,33.1;32.8;33.4;32.9;33.0;33.5;33.0;33.6;32.7;33.7;33.2;33.8;33.4;33.4;32.9
2026-07-03T13:30:00.000Z,15,5,59,32.4;33.1;33.0;33.4;33.3;33.6;33.4;32.6;33.0;33.4;33.4;33.6;32.8;32.7;33.0
2026-07-03T13:45:00.000Z,15,15,57,33.4;34.0;33.6;32.9;33.0;33.9;33.1;33.0;33.2;33.3;33.3;33.3;33.2;33.3;33.2
2026-07-03T14:00:00.000Z,15,20,81,32.6;33.4;33.4;32.6;32.8;33.3;33.2;33.5;33.4;32.8;33.1;33.2;33.0;33.1;33.1
2026-07-03T14:15:00.000Z,15,2,37,33.0;33.3;33.4;33.1;33.1;33.5;33.1;33.0;32.9;33.8;33.4;32.6;33.0;32.7;33.7
2026-07-03T14:30:00.000Z,15,36,8,33.9;32.8;33.3;32.5;32.9;33.4;33.0;33.8;32.7;33.1;32.2;33.1;33.4;33.3;33.2
2026-07-03T14:45:00.000Z,15,38,36,33.5;32.8;32.9;33.4;33.2;33.5;33.1;33.1;33.1;33.5;33.4;33.6;32.9;33.1;33.0
2026-07-03T15:00:00.000Z,15,46,70,32.4;33.4;32.9;33.3;33.2;32.7;33.0;33.6;33.1;32.7;33.3;33.1;33.7;33.2;32.7
2026-07-03T15:15:00.000Z,15,15,42,33.4;33.3;33.1;33.0;33.0;33.5;32.7;33.7;33.1;33.5;33.0;33.2;33.1;33.0;32.7
2026-07-03T15:30:00.000Z,15,9,85,33.6;33.1;33.4;33.4;33.2;33.6;33.1;32.9;33.9;32.9;33.6;33.7;33.6;33.1;33.2
2026-07-03T15:45:00.000Z,15,1,11,33.4;33.2;33.2;32.7;33.6;33.5;33.1;33.5;33.3;32.8;32.3;33.8;33.4;32.8;32.9
2026-07-03T16:00:00.000Z,15,715,300,32.6;33.4;33.3;33.4;33.4;33.2;33.5;33.2;32.5;32.5;32.9;32.6;33.2;33.0;33.5
2026-07-03T16:15:00.000Z,15,54,28,33.1;32.4;32.5;33.2;32.9;33.2;33.5;33.2;33.0;33.4;33.3;33.1;33.4;33.0;33.3
2026-07-03T16:30:00.000Z,15,128,201,33.4;33.0;33.5;33.9;33.3;33.4;32.7;33.1;33.7;33.3;33.4;33.3;34.0;33.2;33.5
2026-07-03T16:45:00.000Z,15,10,33,33.3;33.1;33.6;32.8;34.0;32.7;32.8;32.8;32.8;33.3;33.3;33.1;33.3;32.9;33.5
2026-07-03T17:00:00.000Z,15,29,28,33.1;32.7;32.7;33.6;32.8;33.6;33.3;32.5;33.0;32.5;32.7;32.5;34.0;33.0;33.0
2026-07-03T17:15:00.000Z,15,14,76,33.9;32.7;33.2;33.3;33.1;33.1;33.1;33.3;32.9;33.0;32.6;33.6;32.9;32.9;33.4
2026-07-03T17:30:00.000Z,15,23,66,33.4;33.3;33.1;33.5;32.7;33.1;33.0;33.3;33.6;33.3;32.9;32.8;33.1;33.6;32.5
2026-07-03T17:45:00.000Z,15,215,233,33.1;32.7;32.6;33.0;33.7;33.1;33.7;32.5;33.1;33.4;32.5;32.6;33.4;33.4;32.9
2026-07-03T18:00:00.000Z,15,706,350,33.3;33.2;33.0;33.0;33.5;33.0;32.6;32.9;33.1;32.9;32.9;33.8;32.9;33.4;32.7
2026-07-03T18:15:00.000Z,15,16,26,33.6;33.4;32.9;33.1;32.7;33.4;33.3;33.1;33.1;33.0;33.2;32.8;33.0;33.1;33.2
2026-07-03T18:30:00.000Z,15,19,66,33.8;33.4;33.0;33.0;33.9;33.0;33.5;32.9;33.0;32.9;33.2;33.1;32.8;33.3;33.6
2026-07-03T18:45:00.000Z,15,7,79,33.4;33.2;33.0;33.7;33.5;33.5;33.5;33.2;33.7;33.7;33.1;33.3;33.5;33.7;32.9
2026-07-03T19:00:00.000Z,15,47,84,33.6;33.0;32.9;33.3;33.7;32.7;32.8;33.1;33.2;33.6;32.9;33.3;33.2;33.0;33.6
2026-07-03T19:15:00.000Z,15,35,40,33.8;32.9;33.0;33.3;32.9;33.1;33.1;33.0;33.0;33.3;33.2;32.8;32.9;32.9;33.0
2026-07-03T19:30:00.000Z,15,23,84,33.6;33.0;33.0;32.8;32.9;32.8;32.8;33.4;32.8;33.2;33.1;33.6;33.0;33.5;33.1
2026-07-03T19:45:00.000Z,15,32,45,33.3;32.8;33.2;32.9;33.3;32.7;33.5;32.9;33.7;33.2;33.5;33.6;32.9;33.5;32.8
2026-07-03T20:00:00.000Z,45,0,0,23.8;24.8;24.1;23.8;24.3;23.9;24.0;25.0;23.8;24.0;23.4;23.5;24.1;24.1;23.3
2026-07-03T20:15:00.000Z,75,0,0,24.6;23.4;24.2;23.8;23.9;23.7;23.8;24.4;24.1;24.7;23.9;24.3;24.4;24.2;24.2
2026-07-03T20:30:00.000Z,100,0,0,24.0;24.0;24.8;24.4;23.6;24.2;24.4;24.2;24.5;23.8;24.1;23.5;24.0;24.1;23.7
2026-07-03T20:45:00.000Z,100,0,0,23.6;23.9;24.0;24.3;24.4;23.8;23.7;23.7;24.5;23.9;23.3;24.2;24.1;24.1;23.9
2026-07-03T21:00:00.000Z,99,8,30,33.2;33.6;32.9;33.0;32.7;33.1;33.8;33.4;33.2;32.7;33.5;33.4;33.0;33.5;33.3
2026-07-03T21:15:00.000Z,98,18,54,32.8;33.5;33.6;33.0;33.2;32.9;33.4;33.7;32.8;33.0;32.8;33.5;33.0;33.0;33.6
2026-07-03T21:30:00.000Z,97,45,58,33.8;33.8;33.3;33.6;33.1;33.4;33.0;32.9;33.3;33.3;33.4;33.0;33.6;32.3;33.4
2026-07-03T21:45:00.000Z,96,356,107,33.2;33.0;32.8;32.9;33.0;33.5;33.3;33.3;33.4;32.9;33.5;32.7;33.1;33.1;33.5
2026-07-03T22:00:00.000Z,95,12,61,33.3;33.7;33.3;32.7;33.4;33.2;33.1;32.8;33.5;33.4;33.7;32.9;33.8;32.6;32.6
2026-07-03T22:15:00.000Z,95,269,165,32.7;33.2;33.0;32.8;33.8;33.0;33.5;33.1;33.4;33.2;32.8;32.7;32.6;33.3;33.3
2026-07-03T22:30:00.000Z,94,7,17,33.1;33.6;33.0;33.4;33.3;32.9;33.6;32.9;33.3;33.4;33.0;33.6;33.5;33.2;33.5
2026-07-03T22:45:00.000Z,93,207,281,33.2;33.3;33.0;33.9;32.8;33.2;32.8;33.5;33.1;33.2;32.7;33.0;33.3;33.2;33.3
2026-07-03T23:00:00.000Z,92,0,0,34.2;33.8;34.2;34.4;34.7;35.0;34.6;34.5;34.2;34.8;34.2;33.9;33.7;33.7;34.5
2026-07-03T23:15:00.000Z,91,12,0,33.5;34.2;34.3;33.8;34.6;34.0;34.5;33.8;34.3;33.9;34.2;34.5;34.3;33.8;34.4
2026-07-03T23:30:00.000Z,90,0,0,33.7;34.6;34.3;34.2;34.3;34.6;34.9;34.1;34.4;34.1;33.8;34.4;34.0;34.0;34.7
2026-07-03T23:45:00.000Z,89,9,35,34.0;34.1;34.5;34.2;34.8;34.5;34.7;33.9;33.9;33.5;34.5;34.2;33.9;34.6;34.0
2026-07-04T00:00:00.000Z,88,0,0,33.9;34.6;33.8;34.2;34.1;34.3;33.8;34.6;34.5;34.4;33.6;34.4;34.7;34.4;34.3
2026-07-04T00:15:00.000Z,87,0,0,34.0;34.6;35.4;34.6;34.4;34.3;33.9;34.0;34.1;34.3;34.8;33.9;34.5;34.5;34.5
2026-07-04T00:30:00.000Z,86,0,0,34.6;34.5;35.3;34.1;34.7;33.6;34.3;34.1;34.0;34.4;33.5;34.3;34.1;33.6;33.7
2026-07-04T00:45:00.000Z,86,0,0,34.1;33.9;34.2;34.1;34.3;33.5;33.8;34.1;35.9;34.3;33.7;33.9;34.5;33.5;33.6
2026-07-04T01:00:00.000Z,85,11,17,34.3;34.3;33.9;34.4;33.9;33.4;35.1;34.5;34.8;34.2;34.4;34.3;34.7;34.2;34.1
2026-07-04T01:15:00.000Z,84,0,0,34.3;34.2;33.9;34.2;34.7;34.4;34.1;34.3;34.1;34.2;33.9;34.1;34.8;34.1;34.9
2026-07-04T01:30:00.000Z,83,0,0,34.1;34.4;34.5;34.3;34.2;34.2;34.0;34.1;34.0;34.3;34.9;34.3;34.4;33.8;33.9
2026-07-04T01:45:00.000Z,82,0,0,34.3;34.3;33.9;34.1;34.4;33.8;34.1;34.4;34.6;34.3;34.7;34.5;34.0;34.5;33.9
2026-07-04T02:00:00.000Z,81,0,0,34.1;33.4;33.6;34.1;34.6;34.5;34.0;34.0;34.2;34.1;34.3;33.7;34.9;33.9;34.3
2026-07-04T02:15:00.000Z,80,0,0,34.1;34.1;34.8;34.1;34.1;33.8;34.4;34.4;34.5;34.3;34.2;34.3;33.6;34.0;34.0
2026-07-04T02:30:00.000Z,79,0,0,33.8;34.1;33.9;34.7;33.9;34.1;34.6;34.3;33.5;34.5;34.5;34.5;34.4;34.2;34.3
2026-07-04T02:45:00.000Z,78,4,5,33.8;34.2;34.4;33.9;33.8;33.8;34.3;34.2;34.3;33.7;34.2;34.4;34.3;33.6;35.0
2026-07-04T03:00:00.000Z,77,0,0,34.3;34.0;34.4;34.0;33.8;34.4;34.4;33.7;34.1;33.5;34.2;34.5;33.9;34.1;34.5
2026-07-04T03:15:00.000Z,77,10,33,34.0;34.9;33.5;34.1;33.4;34.5;33.6;34.1;34.1;33.9;34.5;34.3;34.6;34.6;35.1
2026-07-04T03:30:00.000Z,76,0,0,34.7;34.0;34.2;33.7;34.6;33.7;33.9;34.4;33.7;34.1;34.7;33.8;34.7;34.6;34.8
2026-07-04T03:45:00.000Z,75,0,0,34.1;33.8;34.3;34.1;34.3;33.3;33.6;33.8;34.3;34.4;33.4;33.9;33.7;34.4;33.9
2026-07-04T04:00:00.000Z,74,0,0,34.2;34.1;34.4;34.3;34.5;34.7;34.1;34.3;33.5;33.6;34.4;34.4;33.5;33.7;34.1
2026-07-04T04:15:00.000Z,73,0,0,34.5;33.4;34.3;34.6;34.4;34.6;34.1;34.8;34.8;33.8;33.8;34.3;34.3;34.3;34.4
2026-07-04T04:30:00.000Z,72,0,0,34.4;34.3;33.7;34.7;34.4;34.2;33.7;33.3;33.9;34.1;34.5;34.1;34.3;34.8;34.0
2026-07-04T04:45:00.000Z,71,0,0,33.2;34.0;34.8;34.9;34.7;34.4;34.5;33.4;33.7;34.5;33.8;34.7;34.3;33.6;33.7
2026-07-04T05:00:00.000Z,70,0,0,34.3;33.9;34.3;34.7;33.7;33.9;34.0;34.5;34.5;33.9;34.5;34.8;33.6;34.0;34.2
2026-07-04T05:15:00.000Z,69,0,0,34.4;33.6;33.7;34.5;34.8;34.1;34.2;34.0;33.9;34.1;34.2;34.9;33.8;34.1;34.2
2026-07-04T05:30:00.000Z,68,0,0,34.0;34.2;34.4;34.5;33.9;33.9;35.1;34.0;34.1;33.8;33.8;34.8;34.2;34.2;34.0
2026-07-04T05:45:00.000Z,68,0,0,34.8;33.8;34.4;34.8;34.2;34.4;34.4;34.0;34.8;33.8;34.1;34.3;33.2;34.2;34.0
2026-07-04T06:00:00.000Z,67,0,0,33.5;34.0;34.0;34.3;34.4;34.0;35.0;34.0;34.2;34.5;34.0;34.0;34.0;33.9;34.0
2026-07-04T06:15:00.000Z,66,0,0,34.3;33.7;34.3;33.9;34.0;34.6;33.8;33.6;35.2;34.1;34.4;33.8;34.3;33.8;34.1
2026-07-04T06:30:00.000Z,65,0,0,34.8;34.2;34.2;34.6;34.4;33.6;34.0;34.0;34.2;34.1;33.8;34.1;34.3;34.1;34.2
2026-07-04T06:45:00.000Z,64,0,0,34.7;34.2;34.3;34.0;33.9;33.6;33.6;34.6;34.2;33.5;34.0;33.4;34.2;34.6;34.6
2026-07-04T07:00:00.000Z,63,36,25,33.3;33.0;33.2;33.3;33.2;33.4;33.9;32.8;33.5;33.2;33.0;33.4;33.3;32.7;33.3
2026-07-04T07:15:00.000Z,62,35,38,33.0;33.6;33.4;33.8;33.1;33.6;32.9;33.3;33.3;33.5;32.4;32.8;33.2;33.1;33.1
2026-07-04T07:30:00.000Z,61,48,13,33.3;32.6;33.3;33.1;33.5;33.2;33.6;33.4;33.3;33.5;33.2;33.2;32.9;33.1;34.0
2026-07-04T07:45:00.000Z,60,144,207,33.7;33.2;32.5;32.6;32.7;33.8;33.0;33.2;34.1;33.1;33.2;32.9;33.0;33.0;33.6
2026-07-04T08:00:00.000Z,59,21,7,33.8;33.2;33.0;32.6;33.0;33.4;32.8;32.8;33.0;33.3;33.2;33.3;33.2;32.9;32.9
2026-07-04T08:15:00.000Z,59,5,40,32.7;33.3;33.1;33.0;33.2;33.3;33.4;32.6;32.6;33.5;32.8;33.4;33.1;33.0;33.9
2026-07-04T08:30:00.000Z,58,6,51,33.2;32.9;33.1;33.1;32.8;32.9;33.3;32.9;33.9;33.2;33.2;33.9;33.2;33.2;32.9
2026-07-04T08:45:00.000Z,57,6,69,33.2;32.6;33.2;33.1;33.4;33.1;32.9;33.3;33.5;33.1;32.8;33.2;33.9;33.1;32.8
2026-07-04T09:00:00.000Z,56,33,49,33.3;32.9;33.1;33.9;32.9;32.9;33.6;32.8;33.5;33.2;32.8;33.1;33.7;33.3;33.0
2026-07-04T09:15:00.000Z,55,277,174,33.3;33.0;33.3;33.7;33.7;33.0;33.2;33.3;33.6;32.6;33.1;33.3;33.0;33.6;32.4
2026-07-04T09:30:00.000Z,54,10,73,33.1;33.5;33.8;33.0;33.2;33.0;33.4;33.9;33.0;32.9;33.9;33.1;33.2;33.4;33.1
2026-07-04T09:45:00.000Z,53,37,4,33.3;33.1;33.6;33.1;33.2;33.1;33.3;33.1;33.1;32.8;33.2;33.2;33.5;33.4;33.3
2026-07-04T10:00:00.000Z,52,41,88,33.1;33.3;33.6;33.3;33.2;33.1;33.1;33.2;32.9;33.0;33.3;32.8;33.0;33.5;33.1
2026-07-04T10:15:00.000Z,51,564,534,33.5;33.2;32.8;33.4;33.2;32.9;32.9;33.2;33.6;32.5;33.9;33.9;33.4;33.6;33.0
2026-07-04T10:30:00.000Z,50,34,37,33.5;33.5;33.2;33.4;33.4;33.5;33.4;33.0;33.1;32.9;33.1;34.0;33.2;33.7;32.8
2026-07-04T10:45:00.000Z,50,239,94,33.1;33.6;32.9;33.2;32.4;33.0;32.6;33.1;32.8;33.6;33.1;32.9;33.3;33.9;32.6
2026-07-04T11:00:00.000Z,49,35,9,33.5;32.3;33.4;33.4;33.8;33.0;33.5;33.3;33.4;33.5;32.9;32.4;33.8;33.5;32.3
2026-07-04T11:15:00.000Z,48,13,9,33.4;33.3;33.3;32.7;32.8;33.7;33.4;33.2;33.1;33.4;33.2;33.5;33.1;33.4;33.7
2026-07-04T11:30:00.000Z,47,49,44,32.4;33.2;34.2;33.0;33.6;32.7;33.2;32.8;33.0;33.2;33.5;33.4;33.6;33.5;32.8
2026-07-04T11:45:00.000Z,46,1208,325,33.1;33.4;32.7;33.0;33.0;32.9;32.8;33.2;33.4;33.1;33.0;33.0;32.9;33.4;33.5
2026-07-04T12:00:00.000Z,45,2,26,33.3;33.5;33.4;32.6;33.4;33.7;33.5;33.1;33.2;33.8;32.7;33.4;33.5;33.5;33.4
2026-07-04T12:15:00.000Z,44,18,56,33.0;33.0;33.3;33.1;32.6;32.6;33.1;32.7;32.9;33.2;33.3;33.3;33.6;33.1;33.1
2026-07-04T12:30:00.000Z,43,122,280,33.0;32.6;33.5;33.5;33.9;33.3;33.4;33.0;33.2;32.1;33.4;33.7;33.5;33.4;33.3
2026-07-04T12:45:00.000Z,42,12,46,33.5;33.3;32.6;33.0;33.0;33.0;33.0;32.5;32.8;33.5;32.7;32.7;33.1;33.0;33.2
2026-07-04T13:00:00.000Z,41,14,35,33.0;33.5;32.9;33.4;32.5;33.7;33.2;33.7;33.1;32.9;33.1;33.4;33.6;33.4;33.3
2026-07-04T13:15:00.000Z,41,51,43,33.2;33.4;33.4;33.4;33.1;33.0;33.5;34.0;33.0;33.2;33.0;33.4;33.5;34.0;33.0
2026-07-04T13:30:00.000Z,40,35,46,33.5;33.2;32.9;33.1;33.5;33.3;33.5;33.5;33.3;32.9;33.1;33.1;33.6;33.4;32.9
2026-07-04T13:45:00.000Z,39,39,54,33.0;32.4;34.1;33.1;32.9;33.1;33.5;33.7;33.7;32.8;33.1;33.6;32.8;33.3;33.7
2026-07-04T14:00:00.000Z,38,42,88,32.8;32.0;33.5;33.6;33.2;33.8;33.4;33.3;32.7;32.8;33.4;32.6;32.9;33.3;33.0
2026-07-04T14:15:00.000Z,37,180,275,33.5;33.0;33.7;33.3;33.2;33.5;32.7;32.7;33.1;33.4;33.3;32.8;33.7;33.4;33.3
2026-07-04T14:30:00.000Z,36,249,123,33.6;33.1;33.1;33.2;33.5;33.7;33.3;33.6;33.6;33.1;34.0;33.1;33.3;33.2;32.9
2026-07-04T14:45:00.000Z,35,56,45,33.2;33.5;33.5;32.8;33.0;32.8;33.6;33.1;33.5;33.8;33.2;32.6;33.2;33.1;33.5
2026-07-04T15:00:00.000Z,34,25,9,33.5;33.0;32.7;33.0;33.1;32.8;33.4;33.1;33.4;33.4;33.8;33.4;32.9;33.5;32.8
2026-07-04T15:15:00.000Z,33,32,78,33.1;33.6;33.1;32.7;33.8;33.3;33.2;32.8;32.9;33.4;32.8;32.9;33.3;32.6;32.9
2026-07-04T15:30:00.000Z,32,359,79,33.9;33.5;33.2;33.0;33.2;32.9;33.1;33.0;33.6;33.3;34.1;33.2;33.6;33.9;33.0
2026-07-04T15:45:00.000Z,32,34,15,32.6;33.4;32.5;33.0;33.1;32.8;33.4;33.6;33.2;33.1;32.8;33.2;32.8;33.5;33.1
2026-07-04T16:00:00.000Z,31,48,26,33.7;33.7;33.3;33.0;33.4;33.2;33.6;32.7;33.0;33.4;33.0;32.6;33.0;33.4;33.0
2026-07-04T16:15:00.000Z,30,291,191,33.4;33.6;33.7;33.8;33.0;33.0;33.9;33.4;33.0;33.1;33.4;33.0;33.0;32.9;33.1
2026-07-04T16:30:00.000Z,29,125,124,33.0;33.4;33.4;33.1;33.1;33.3;33.6;33.2;33.3;33.6;32.6;33.1;33.3;33.7;33.3
2026-07-04T16:45:00.000Z,28,39,14,33.9;33.0;33.3;33.5;33.2;33.4;33.1;32.5;32.9;33.5;32.8;33.2;32.8;32.8;33.4
2026-07-04T17:00:00.000Z,27,28,22,33.7;33.4;32.6;33.2;33.5;33.0;32.9;33.0;33.5;33.3;32.8;32.8;33.1;33.5;33.3
2026-07-04T17:15:00.000Z,26,48,9,33.6;32.8;33.4;33.8;33.0;32.4;33.5;32.8;32.5;33.2;33.3;33.3;33.1;33.3;33.4
2026-07-04T17:30:00.000Z,25,9,80,33.8;33.6;32.5;33.4;33.3;33.3;33.4;33.1;33.2;33.2;33.1;32.8;33.9;32.7;33.2
2026-07-04T17:45:00.000Z,24,47,6,32.4;33.1;33.5;33.5;32.5;33.4;33.1;33.6;32.7;32.8;33.5;33.0;34.0;33.0;33.3
2026-07-04T18:00:00.000Z,23,180,108,33.3;33.2;33.2;33.4;33.2;33.5;33.1;33.8;33.2;33.0;32.9;33.2;33.2;33.1;33.6
2026-07-04T18:15:00.000Z,23,54,11,33.5;32.8;32.9;33.0;33.4;33.1;33.0;33.7;32.5;33.7;32.6;33.6;33.1;33.2;33.8
2026-07-04T18:30:00.000Z,22,14,21,33.6;32.8;33.6;33.5;33.0;33.0;33.0;32.7;33.4;33.3;33.7;33.0;33.6;33.0;33.1
2026-07-04T18:45:00.000Z,21,19,68,33.6;33.0;33.0;33.2;32.9;33.0;33.2;33.1;32.9;33.6;33.9;33.7;33.0;33.2;33.6
2026-07-04T19:00:00.000Z,20,42,31,33.4;33.8;32.7;33.0;33.2;33.0;33.4;32.8;33.7;33.1;33.2;33.8;33.6;33.6;32.9
2026-07-04T19:15:00.000Z,19,60,2,32.7;32.4;32.8;33.2;33.3;32.8;33.4;33.2;32.7;33.2;33.3;32.4;33.2;33.0;33.5
2026-07-04T19:30:00.000Z,18,52,70,33.1;32.8;33.2;33.3;33.1;33.1;33.9;33.4;33.4;33.2;33.1;33.1;33.6;33.3;33.2
2026-07-04T19:45:00.000Z,17,267,78,33.3;33.1;33.8;33.2;33.0;33.0;33.5;32.7;33.0;33.5;33.1;33.1;33.4;32.9;32.8
2026-07-04T20:00:00.000Z,16,28,3,33.0;33.5;33.7;33.4;33.1;32.6;33.1;32.8;33.7;33.2;33.3;33.4;32.7;33.2;33.1
2026-07-04T20:15:00.000Z,15,42,74,32.8;32.8;33.1;33.2;33.7;33.6;33.3;33.5;33.4;32.3;33.0;33.1;32.8;33.2;32.7
2026-07-04T20:30:00.000Z,15,6,27,32.7;33.2;33.1;32.8;33.4;33.0;32.4;33.3;33.2;33.6;34.2;33.3;33.4;33.4;33.3
2026-07-04T20:45:00.000Z,15,36,41,33.1;33.4;33.9;33.1;33.4;32.8;33.2;33.2;33.1;33.8;33.0;32.8;33.7;33.1;33.3
2026-07-04T21:00:00.000Z,15,310,242,32.9;33.4;33.4;34.0;33.2;32.7;33.2;33.3;33.2;33.1;34.0;33.9;33.1;33.4;33.3
2026-07-04T21:15:00.000Z,15,12,31,33.3;33.2;32.6;33.3;33.1;33.7;33.8;33.3;32.6;33.2;33.1;33.5;33.4;33.1;33.1
2026-07-04T21:30:00.000Z,15,25,36,33.1;32.8;33.4;33.4;33.3;33.3;32.9;33.3;32.6;33.3;33.3;33.7;32.9;33.6;33.2
2026-07-04T21:45:00.000Z,15,28,60,33.3;33.4;33.7;33.2;32.9;33.2;33.5;32.9;32.7;32.9;33.3;32.9;33.3;32.4;33.6
2026-07-04T22:00:00.000Z,15,0,28,33.3;33.2;33.2;33.1;33.2;33.0;33.4;32.8;33.6;32.8;32.7;33.6;33.5;32.5;32.5
2026-07-04T22:15:00.000Z,15,60,43,33.4;33.5;33.0;32.9;32.8;33.1;33.1;33.2;32.9;33.1;32.9;33.2;32.7;32.3;33.1
2026-07-04T22:30:00.000Z,15,165,189,32.7;33.6;33.9;33.0;34.0;32.8;33.6;33.3;33.2;32.8;32.8;32.8;33.4;33.7;33.4
2026-07-04T22:45:00.000Z,15,13,75,32.9;33.9;33.3;33.1;33.2;33.3;32.7;32.7;33.6;33.7;33.1;33.2;33.4;33.4;33.4
2026-07-04T23:00:00.000Z,15,8,3,34.1;34.5;34.4;34.6;33.4;34.3;34.5;34.3;34.4;34.2;34.2;34.9;34.4;34.0;34.1
2026-07-04T23:15:00.000Z,15,0,0,34.5;34.6;34.2;34.7;34.5;34.4;34.2;34.4;33.8;34.0;33.7;34.2;34.2;33.9;34.5
2026-07-04T23:30:00.000Z,15,0,0,34.7;34.0;34.5;33.7;34.3;34.1;34.1;33.9;34.1;33.9;34.6;34.2;33.5;34.2;33.9
2026-07-04T23:45:00.000Z,15,3,29,34.5;33.5;34.3;34.5;34.7;34.6;34.3;34.4;34.7;35.0;34.4;33.4;33.5;34.3;34.1
2026-07-05T00:00:00.000Z,15,0,0,33.8;34.5;34.5;34.0;34.3;34.4;34.2;34.5;34.4;34.1;33.9;33.6;34.2;34.4;34.1
2026-07-05T00:15:00.000Z,15,0,0,34.5;34.1;34.0;33.7;34.4;34.1;33.7;34.1;33.4;34.7;34.1;34.4;34.0;34.4;34.2
2026-07-05T00:30:00.000Z,15,5,18,34.3;34.1;34.7;34.3;33.9;34.3;34.4;33.4;34.3;33.6;34.2;33.8;33.5;34.2;34.5
2026-07-05T00:45:00.000Z,15,0,0,35.5;33.8;33.8;34.5;34.5;34.0;34.5;34.2;34.0;34.4;34.1;34.1;34.2;34.3;33.9
2026-07-05T01:00:00.000Z,15,0,0,34.2;34.0;34.2;34.2;34.5;34.0;34.4;34.7;34.7;33.5;33.8;34.6;33.8;34.6;34.0
2026-07-05T01:15:00.000Z,15,0,0,34.8;33.5;33.9;34.3;34.5;33.8;34.2;34.3;34.2;33.9;34.3;34.4;34.0;34.0;34.7
2026-07-05T01:30:00.000Z,15,0,0,34.1;33.6;34.2;34.0;33.5;33.7;34.1;34.2;34.6;33.7;33.8;34.3;34.9;33.9;34.1
2026-07-05T01:45:00.000Z,15,0,0,33.9;34.0;33.9;34.7;34.0;34.3;33.9;34.2;34.3;34.9;33.7;34.5;34.7;34.4;34.2
2026-07-05T02:00:00.000Z,15,0,0,34.4;33.6;34.4;33.7;34.3;34.4;33.8;34.2;33.7;34.9;34.5;33.9;33.9;34.2;34.4
2026-07-05T02:15:00.000Z,15,0,0,33.8;34.1;33.4;34.8;34.4;34.4;34.8;34.2;34.1;34.1;34.3;34.4;33.4;33.7;34.5
2026-07-05T02:30:00.000Z,15,0,0,33.7;34.8;35.1;33.8;34.7;34.4;33.8;33.9;34.2;33.5;34.2;34.5;34.3;34.4;34.3
2026-07-05T02:45:00.000Z,15,0,0,34.6;34.3;34.6;34.2;34.6;34.6;34.5;34.7;34.4;34.7;34.1;33.7;34.6;33.7;33.8
2026-07-05T03:00:00.000Z,15,0,0,34.1;33.8;34.8;34.2;34.2;33.9;34.4;34.3;33.6;33.8;34.2;34.3;34.2;34.2;34.4
2026-07-05T03:15:00.000Z,15,0,0,34.4;34.0;33.9;34.2;34.5;34.4;34.0;33.9;34.0;34.6;33.9;34.4;34.5;34.2;33.6
2026-07-05T03:30:00.000Z,15,0,0,34.1;34.4;34.2;34.2;34.3;33.9;34.7;34.2;33.9;34.4;33.9;34.5;34.1;34.5;34.0
2026-07-05T03:45:00.000Z,15,0,0,34.6;34.8;34.1;34.8;34.2;34.4;34.2;34.3;34.2;34.8;34.2;34.6;34.6;34.1;33.8
2026-07-05T04:00:00.000Z,15,0,0,34.8;33.8;34.3;34.6;34.0;34.3;33.8;33.9;34.3;33.7;34.0;34.7;34.2;33.9;33.7
2026-07-05T04:15:00.000Z,15,0,0,33.5;33.7;33.7;34.0;34.2;34.7;34.4;34.3;34.0;33.4;33.9;34.5;33.8;33.9;34.3
2026-07-05T04:30:00.000Z,15,0,0,34.4;33.9;34.3;34.2;34.0;34.1;34.5;34.3;34.2;34.7;34.2;34.3;34.5;34.2;34.7
2026-07-05T04:45:00.000Z,15,5,17,34.0;34.5;34.4;34.6;34.0;34.0;34.6;33.9;34.1;34.4;33.9;34.6;34.2;34.5;34.4
2026-07-05T05:00:00.000Z,15,0,0,34.8;34.5;34.6;34.4;34.4;34.2;34.4;34.6;34.2;34.6;33.7;33.9;34.4;34.1;34.9
2026-07-05T05:15:00.000Z,15,0,0,34.5;34.2;33.7;33.9;33.9;34.4;34.5;34.3;34.4;34.2;34.6;33.8;34.0;34.0;34.6
2026-07-05T05:30:00.000Z,15,0,0,34.3;34.5;34.0;34.0;34.6;34.0;35.0;35.0;34.4;34.5;34.1;34.1;34.3;33.9;34.5
2026-07-05T05:45:00.000Z,15,0,0,34.4;33.8;34.1;34.2;34.3;34.7;34.1;34.2;34.4;34.4;34.1;34.1;33.8;34.3;33.9
2026-07-05T06:00:00.000Z,15,0,0,33.3;34.2;34.5;34.0;34.3;33.8;34.0;34.3;33.8;34.0;34.5;33.8;34.5;33.9;34.2
2026-07-05T06:15:00.000Z,15,0,0,34.4;33.5;34.1;34.3;34.0;33.7;34.9;34.4;34.6;34.1;33.8;34.0;33.6;34.2;33.8
2026-07-05T06:30:00.000Z,15,0,0,34.0;34.5;34.3;33.7;34.8;33.9;34.2;34.9;34.3;34.1;34.4;34.2;34.0;33.6;34.1
2026-07-05T06:45:00.000Z,15,0,0,34.4;33.7;34.0;34.6;34.4;33.9;34.0;34.3;34.1;33.9;34.0;33.7;34.5;33.5;34.1
2026-07-05T07:00:00.000Z,15,8,84,32.6;33.7;33.5;33.6;32.8;32.7;33.4;32.9;33.2;33.6;33.0;33.8;33.1;33.2;33.4
2026-07-05T07:15:00.000Z,15,1025,381,33.3;33.3;33.4;33.1;33.1;33.0;33.0;33.5;32.6;33.2;33.1;33.7;32.8;32.8;32.8
2026-07-05T07:30:00.000Z,15,25,13,33.0;33.5;33.0;33.9;33.7;33.3;33.0;33.2;33.0;32.7;32.5;33.2;33.6;33.0;33.1
2026-07-05T07:45:00.000Z,15,276,119,33.2;33.1;32.5;33.5;33.0;33.0;32.8;33.4;33.4;33.3;33.6;33.4;33.3;33.2;33.4
2026-07-05T08:00:00.000Z,15,30,29,33.5;33.2;33.0;32.9;33.1;32.7;32.8;33.1;34.0;33.1;33.5;33.6;33.5;33.4;33.5
2026-07-05T08:15:00.000Z,15,39,85,32.9;33.3;33.1;33.0;33.5;33.7;33.3;33.1;33.4;32.7;32.9;33.7;33.2;34.0;33.1
2026-07-05T08:30:00.000Z,15,8,83,33.3;33.2;33.3;32.5;33.5;33.1;32.8;33.8;33.1;33.0;33.1;33.1;32.8;32.7;33.2
2026-07-05T08:45:00.000Z,15,92,75,33.4;32.8;33.4;32.6;33.1;33.5;33.7;33.1;33.8;33.3;33.4;33.3;33.9;32.8;32.5
2026-07-05T09:00:00.000Z,15,35,57,33.6;33.4;33.2;33.3;33.8;33.2;33.8;33.1;33.9;33.0;33.0;33.4;33.2;33.3;33.3
2026-07-05T09:15:00.000Z,15,30,34,33.0;33.6;33.1;33.2;33.2;32.5;33.5;33.8;33.3;32.9;33.5;32.6;33.6;33.3;32.9
2026-07-05T09:30:00.000Z,15,17,11,32.6;32.8;33.0;33.4;33.0;33.3;33.7;32.9;33.5;32.3;33.5;32.9;32.9;33.2;33.2
2026-07-05T09:45:00.000Z,15,17,46,33.0;32.8;33.3;33.1;32.8;32.9;32.6;32.7;32.9;33.1;32.7;33.1;33.3;32.9;33.7
2026-07-05T10:00:00.000Z,15,27,84,32.8;33.5;33.4;33.5;32.3;33.4;33.4;32.5;33.5;33.2;32.9;32.8;32.9;33.0;32.7
2026-07-05T10:15:00.000Z,15,272,144,32.7;33.4;34.1;33.2;33.4;32.5;33.1;33.4;33.1;33.6;33.5;34.1;33.0;32.7;32.5
2026-07-05T10:30:00.000Z,15,376,107,33.1;33.5;33.3;33.6;33.1;33.3;33.5;34.0;33.0;33.5;33.7;33.5;32.9;33.5;33.4
2026-07-05T10:45:00.000Z,15,58,89,33.6;33.3;33.3;33.4;33.4;32.3;33.8;33.7;33.7;32.7;32.6;33.5;33.1;33.0;32.7
2026-07-05T11:00:00.000Z,15,49,21,32.9;32.8;33.5;33.3;33.0;33.2;33.2;33.7;33.5;33.2;33.3;33.7;33.4;33.1;33.3
2026-07-05T11:15:00.000Z,15,45,79,33.0;33.3;33.7;33.4;32.9;32.7;32.7;33.1;34.0;33.1;33.4;33.5;33.0;33.4;33.7
2026-07-05T11:30:00.000Z,15,44,41,32.8;32.9;32.6;33.5;33.3;33.1;33.5;33.5;33.5;33.6;33.0;32.9;32.9;33.2;32.7
2026-07-05T11:45:00.000Z,15,36,47,33.4;33.1;33.0;32.9;32.5;33.3;33.3;33.7;33.1;33.5;33.1;33.3;33.2;33.1;33.1
2026-07-05T12:00:00.000Z,15,27,51,34.0;33.0;33.6;33.0;33.5;33.5;33.3;33.4;33.0;32.8;33.1;33.7;33.6;33.9;32.7
2026-07-05T12:15:00.000Z,15,41,90,33.5;33.0;32.8;33.0;33.1;33.8;33.3;32.8;33.0;32.9;33.2;32.9;33.5;33.0;32.7
2026-07-05T12:30:00.000Z,15,50,70,33.4;33.1;33.7;33.1;33.1;33.4;32.7;33.1;33.4;33.0;32.5;32.7;33.1;33.7;33.3
2026-07-05T12:45:00.000Z,15,909,447,33.6;32.7;33.2;33.2;33.5;32.9;33.4;33.6;33.3;33.2;32.8;32.9;33.6;33.3;33.2
2026-07-05T13:00:00.000Z,15,1257,347,33.1;33.0;33.5;33.7;33.3;33.0;32.7;33.0;33.4;32.8;33.0;33.1;33.6;33.1;33.8
2026-07-05T13:15:00.000Z,15,58,56,33.2;33.5;33.2;33.3;33.4;33.1;33.6;33.2;33.2;32.8;33.1;32.9;33.4;33.2;33.2
2026-07-05T13:30:00.000Z,15,47,78,33.5;33.5;33.2;32.6;33.0;33.4;33.7;33.2;33.3;33.3;33.0;32.9;32.8;33.7;33.2
2026-07-05T13:45:00.000Z,15,45,58,33.4;34.0;33.1;32.9;33.0;32.3;32.8;33.4;33.6;33.3;33.8;32.3;32.9;33.6;33.3
2026-07-05T14:00:00.000Z,15,15,60,32.8;33.1;33.3;33.8;33.2;33.4;33.5;33.1;33.7;33.5;32.7;33.6;32.9;33.6;33.2
2026-07-05T14:15:00.000Z,15,168,174,33.0;33.5;33.8;33.2;32.9;33.5;33.3;33.3;33.4;33.1;33.4;33.2;32.9;33.4;33.4
2026-07-05T14:30:00.000Z,15,57,37,32.8;33.9;33.2;33.6;33.4;33.5;33.5;33.4;33.1;34.0;33.2;33.1;33.1;33.8;32.8
2026-07-05T14:45:00.000Z,15,39,40,32.8;33.1;32.3;32.8;32.4;33.6;33.6;33.3;33.6;33.4;33.4;32.8;33.5;33.6;33.0
2026-07-05T15:00:00.000Z,15,17,30,32.9;33.4;33.1;33.5;33.2;32.7;33.0;33.2;33.4;33.1;33.2;33.2;33.6;32.7;33.4
2026-07-05T15:15:00.000Z,15,232,125,33.0;33.1;33.5;33.0;32.8;32.8;33.2;33.5;32.9;33.9;33.3;33.7;33.7;32.6;32.9
2026-07-05T15:30:00.000Z,15,19,45,32.7;33.1;33.4;32.6;33.4;32.6;32.7;33.1;32.7;33.4;33.8;33.5;33.0;33.4;32.8
2026-07-05T15:45:00.000Z,15,1,41,33.4;33.3;33.4;33.4;33.0;33.0;33.7;33.1;33.3;33.4;33.3;33.5;33.6;33.9;32.6
2026-07-05T16:00:00.000Z,15,266,259,33.4;33.1;32.7;33.3;32.9;33.4;33.4;33.8;33.4;32.3;33.0;32.9;34.0;33.1;33.0
2026-07-05T16:15:00.000Z,15,53,71,33.6;33.3;33.1;33.3;33.5;33.0;33.0;32.8;34.2;33.3;33.8;33.2;33.5;33.5;33.9
2026-07-05T16:30:00.000Z,15,1,72,32.3;33.2;34.0;33.3;33.3;33.4;33.1;32.8;33.1;33.1;33.2;33.9;33.4;33.2;32.6
2026-07-05T16:45:00.000Z,15,37,62,33.3;32.8;32.6;33.0;33.0;33.2;33.7;33.5;33.0;33.8;33.3;32.8;32.9;32.7;33.2
2026-07-05T17:00:00.000Z,15,5,74,33.7;32.4;33.5;33.9;33.3;32.9;32.7;33.1;33.4;33.1;32.3;33.4;32.7;33.4;32.8
2026-07-05T17:15:00.000Z,15,42,47,33.2;33.2;33.1;33.1;33.0;33.0;33.4;32.9;33.1;33.5;33.2;33.2;33.2;33.1;33.7
2026-07-05T17:30:00.000Z,15,52,27,33.2;32.8;33.4;32.7;33.1;33.3;33.6;32.6;33.2;32.7;33.5;33.1;33.0;33.5;32.9
2026-07-05T17:45:00.000Z,15,3,70,33.1;33.9;33.4;33.9;33.4;33.3;33.8;33.1;33.6;33.9;33.1;33.5;33.3;33.3;33.0
2026-07-05T18:00:00.000Z,15,25,32,33.7;33.0;32.9;33.3;33.4;33.1;33.3;32.5;32.8;33.1;32.8;33.4;32.9;33.5;33.2
2026-07-05T18:15:00.000Z,15,175,191,33.2;33.1;32.8;33.5;33.2;32.8;33.5;33.1;33.0;33.0;33.5;33.3;33.3;33.3;32.4
2026-07-05T18:30:00.000Z,15,46,76,33.7;33.4;33.0;33.4;33.1;33.1;33.2;33.1;33.3;33.2;33.1;33.1;33.3;33.1;33.0
2026-07-05T18:45:00.000Z,15,113,168,33.0;33.1;33.2;34.0;33.0;33.3;33.5;32.9;33.1;33.2;33.7;33.0;33.9;33.3;33.4
2026-07-05T19:00:00.000Z,15,38,58,33.0;32.4;32.9;33.0;33.2;33.5;33.6;33.5;33.3;33.4;33.7;33.5;33.1;33.1;33.4
2026-07-05T19:15:00.000Z,15,28,20,33.2;33.1;33.4;33.7;33.3;33.4;32.9;33.8;33.8;33.2;33.2;32.9;33.0;33.5;33.4
2026-07-05T19:30:00.000Z,15,21,63,33.6;32.7;33.5;33.0;33.1;33.1;33.3;33.5;33.0;32.7;33.0;33.4;33.3;33.2;32.9
2026-07-05T19:45:00.000Z,15,34,77,33.5;33.6;33.0;33.1;33.4;32.9;32.9;32.5;32.7;33.2;33.0;33.2;32.9;33.3;32.8
2026-07-05T20:00:00.000Z,45,0,0,24.6;24.3;24.5;23.7;24.1;23.6;24.0;24.2;24.3;24.0;23.9;23.7;23.8;23.6;24.5
2026-07-05T20:15:00.000Z,75,0,0,24.3;23.3;24.1;24.0;24.8;24.0;23.0;24.4;24.1;23.3;23.9;24.3;23.6;24.1;24.5
2026-07-05T20:30:00.000Z,100,0,0,23.7;24.1;23.7;24.5;23.9;24.0;24.6;23.5;24.0;24.1;23.9;24.0;23.9;24.2;23.9
2026-07-05T20:45:00.000Z,100,0,0,23.7;23.5;23.9;23.6;24.3;23.5;24.1;23.6;23.8;23.9;23.5;24.0;24.1;24.2;24.0
2026-07-05T21:00:00.000Z,99,282,204,33.6;33.8;32.7;33.0;32.7;32.7;33.4;33.3;33.0;33.8;33.4;33.3;33.3;33.1;32.7
2026-07-05T21:15:00.000Z,98,39,72,33.2;32.8;33.9;33.2;33.2;32.6;33.1;33.3;32.9;33.1;33.5;33.7;32.7;33.4;32.6
2026-07-05T21:30:00.000Z,97,12,69,33.0;33.3;32.8;33.5;33.0;33.1;33.6;33.4;33.3;33.4;33.7;33.0;33.0;33.6;32.9
2026-07-05T21:45:00.000Z,96,26,7,33.2;33.3;32.9;33.8;32.7;33.4;33.2;33.0;33.4;33.0;33.5;33.1;33.3;33.4;34.1
2026-07-05T22:00:00.000Z,95,8,1,33.2;33.0;33.3;33.4;33.2;33.3;33.5;33.1;33.8;33.4;33.1;33.3;33.1;33.2;32.9
2026-07-05T22:15:00.000Z,95,48,57,33.3;33.6;33.2;33.1;33.6;33.6;32.9;33.2;33.9;32.9;33.1;33.3;33.5;32.3;33.3
2026-07-05T22:30:00.000Z,94,146,65,33.0;33.0;33.2;32.7;33.5;33.3;32.9;32.4;33.2;33.7;32.7;33.2;32.5;33.7;33.4
2026-07-05T22:45:00.000Z,93,47,83,33.1;33.4;33.6;33.1;33.5;33.3;33.4;32.8;32.4;33.2;32.8;33.8;33.9;33.1;33.6
2026-07-05T23:00:00.000Z,92,0,0,34.2;34.4;34.0;33.8;34.4;34.2;34.4;33.6;34.3;34.7;34.5;34.4;34.0;34.1;34.8
2026-07-05T23:15:00.000Z,91,0,0,34.1;33.9;34.3;34.6;34.7;34.0;34.3;35.1;34.4;33.9;34.1;34.5;33.6;34.1;34.2
2026-07-05T23:30:00.000Z,90,0,0,34.3;34.3;34.5;34.5;34.2;34.3;34.0;34.6;34.6;34.1;34.6;33.7;34.1;34.4;34.6
2026-07-05T23:45:00.000Z,89,0,0,34.6;34.5;34.0;34.2;34.4;34.5;35.1;34.1;34.4;35.1;33.8;34.6;34.0;33.1;34.6
2026-07-06T00:00:00.000Z,88,0,0,34.2;34.0;34.2;34.4;34.0;33.9;33.6;34.8;34.3;33.7;34.4;34.8;34.5;34.3;34.3
2026-07-06T00:15:00.000Z,87,0,0,33.8;34.3;34.4;33.9;34.7;34.1;33.8;35.2;34.3;34.5;34.8;34.2;33.9;34.0;33.9
2026-07-06T00:30:00.000Z,86,5,13,34.2;33.8;34.3;34.2;34.8;34.3;34.0;34.9;34.8;33.8;33.5;34.8;34.3;34.4;34.5
2026-07-06T00:45:00.000Z,86,0,0,34.1;34.3;34.5;33.7;34.3;35.1;34.1;34.1;34.4;34.2;34.5;34.5;34.4;34.5;34.5
2026-07-06T01:00:00.000Z,85,0,0,34.5;33.9;33.8;33.7;33.5;34.4;34.3;34.2;34.3;34.4;34.0;34.9;34.3;34.0;34.5
2026-07-06T01:15:00.000Z,84,11,35,33.8;34.4;34.3;33.9;34.1;34.1;34.4;34.0;34.2;34.2;34.2;34.0;34.7;33.7;33.6
2026-07-06T01:30:00.000Z,83,0,0,34.2;34.9;34.1;34.3;34.2;34.3;34.8;34.3;34.2;34.1;34.7;34.8;34.4;34.0;34.0
2026-07-06T01:45:00.000Z,82,0,0,34.7;33.7;34.0;34.2;33.9;34.2;34.4;34.3;34.1;34.6;33.7;34.1;33.8;35.0;34.6
2026-07-06T02:00:00.000Z,81,8,14,34.1;34.2;34.7;34.5;34.5;34.6;33.8;34.3;34.2;34.1;34.2;34.1;33.7;34.1;33.9
2026-07-06T02:15:00.000Z,80,0,0,34.4;34.2;34.5;34.2;34.0;34.5;34.2;33.8;34.2;33.9;34.4;34.8;34.8;34.2;34.1
2026-07-06T02:30:00.000Z,79,0,0,33.9;33.8;34.5;34.6;34.3;34.5;34.3;34.1;34.3;33.9;34.3;34.4;33.9;34.8;33.9
2026-07-06T02:45:00.000Z,78,0,0,33.7;33.9;34.6;34.5;34.2;33.8;34.4;34.3;34.3;33.5;34.2;34.2;34.2;34.6;34.3
2026-07-06T03:00:00.000Z,77,7,5,34.4;34.1;33.9;33.8;33.7;34.7;34.2;34.2;34.3;34.4;33.8;33.7;34.9;34.2;34.3
2026-07-06T03:15:00.000Z,77,0,0,34.0;33.1;34.2;34.0;34.7;34.4;34.3;34.4;35.1;34.8;33.9;34.2;34.4;34.1;34.1
2026-07-06T03:30:00.000Z,76,0,0,34.8;33.9;33.8;34.3;33.8;34.1;33.9;34.0;34.0;34.2;34.2;33.8;34.3;34.5;34.4
2026-07-06T03:45:00.000Z,75,0,0,33.9;34.4;34.4;34.7;34.5;33.9;34.7;34.4;34.6;34.4;34.3;34.1;34.4;34.3;33.9
2026-07-06T04:00:00.000Z,74,2,31,33.7;34.1;34.5;34.3;34.4;34.0;34.1;34.1;34.6;34.2;34.6;33.7;35.0;34.0;34.2
2026-07-06T04:15:00.000Z,73,0,0,34.1;34.0;33.6;34.3;34.9;34.0;34.7;35.0;34.4;34.0;33.7;33.9;34.6;34.7;34.6
2026-07-06T04:30:00.000Z,72,0,0,34.0;34.0;33.8;34.3;35.0;34.2;34.1;33.2;33.9;34.2;34.0;33.6;34.0;33.8;34.4
2026-07-06T04:45:00.000Z,71,0,0,34.8;34.4;34.2;34.2;33.9;33.9;34.2;34.5;34.4;34.3;34.7;34.1;33.8;34.6;33.9
2026-07-06T05:00:00.000Z,70,3,33,34.6;34.6;34.6;35.0;34.9;34.8;34.2;34.3;34.9;34.7;34.0;34.0;34.3;34.9;34.2
2026-07-06T05:15:00.000Z,69,0,0,34.2;33.5;34.5;34.7;34.2;34.5;34.0;34.6;33.9;34.6;34.4;34.8;34.7;34.5;33.8
2026-07-06T05:30:00.000Z,68,7,16,35.0;33.8;33.7;34.5;33.8;34.4;34.2;34.5;34.8;34.5;35.0;34.0;34.3;33.9;33.6
2026-07-06T05:45:00.000Z,68,11,34,34.0;34.4;34.5;33.5;33.9;34.5;34.1;34.9;33.6;34.4;34.3;34.6;34.3;34.7;33.7
2026-07-06T06:00:00.000Z,67,6,21,34.3;34.1;34.5;33.8;34.0;33.9;34.0;34.5;34.2;33.8;34.1;34.5;34.0;34.6;33.9
2026-07-06T06:15:00.000Z,66,0,0,34.6;34.2;34.6;34.4;34.2;34.0;33.8;34.6;34.5;34.5;34.2;34.2;34.6;34.4;34.1
2026-07-06T06:30:00.000Z,65,0,0,34.4;34.6;34.2;33.9;34.1;34.6;34.2;34.3;33.9;34.0;34.0;34.0;34.7;34.7;34.3
2026-07-06T06:45:00.000Z,64,0,0,34.2;33.9;34.3;33.8;34.1;34.1;34.2;34.4;33.7;34.1;34.3;34.2;33.9;34.5;34.4
2026-07-06T07:00:00.000Z,63,330,136,32.6;33.1;33.1;32.8;33.1;32.9;33.2;32.9;33.4;33.4;33.5;32.7;33.7;33.4;33.1
2026-07-06T07:15:00.000Z,62,33,74,33.3;33.6;33.4;33.9;33.2;33.2;33.5;33.1;33.2;32.8;32.4;33.0;32.8;32.7;33.1
2026-07-06T07:30:00.000Z,61,32,7,33.3;33.5;33.1;33.1;33.1;33.5;32.4;33.1;33.4;33.2;33.3;32.8;33.3;33.5;33.5
2026-07-06T07:45:00.000Z,60,50,13,33.2;33.8;33.2;33.5;33.0;33.1;33.5;33.2;33.3;33.2;33.0;33.2;32.8;33.1;33.2
2026-07-06T08:00:00.000Z,59,31,2,33.0;33.0;33.3;33.0;32.9;33.0;33.1;32.9;32.9;32.9;33.1;33.0;32.7;33.3;32.9
2026-07-06T08:15:00.000Z,59,21,52,32.8;33.3;33.2;33.7;33.6;33.4;33.3;33.2;33.1;32.6;33.0;32.5;33.8;32.9;33.0
2026-07-06T08:30:00.000Z,58,32,88,33.4;33.2;33.0;32.6;33.2;33.4;33.4;33.4;33.5;32.7;33.1;33.1;32.7;33.2;33.9
2026-07-06T08:45:00.000Z,57,53,27,33.7;33.1;32.4;33.1;33.3;32.9;33.8;33.7;32.7;33.6;33.1;32.8;33.5;33.5;33.5
2026-07-06T09:00:00.000Z,56,55,36,33.9;33.0;32.6;33.0;33.1;32.9;32.9;32.9;32.7;33.1;33.5;32.8;33.3;33.6;32.6
2026-07-06T09:15:00.000Z,55,328,238,33.3;32.9;33.5;33.9;32.3;33.7;33.4;33.5;32.8;33.6;33.0;33.5;32.4;33.6;33.2
2026-07-06T09:30:00.000Z,54,299,93,33.1;33.7;33.3;32.6;32.7;33.5;33.1;33.3;33.0;33.5;33.8;33.3;32.8;33.0;33.2
2026-07-06T09:45:00.000Z,53,1113,811,33.2;32.9;32.8;32.9;33.8;33.9;32.9;33.0;33.5;32.8;33.7;32.8;32.8;33.2;33.1
2026-07-06T10:00:00.000Z,52,33,59,33.3;32.8;33.8;33.0;33.1;32.4;33.1;33.1;33.1;33.1;34.1;33.2;33.5;33.8;33.6
2026-07-06T10:15:00.000Z,51,48,19,33.3;33.5;33.0;33.4;33.5;33.1;33.6;33.5;32.5;33.6;33.6;33.3;33.1;32.9;33.5
2026-07-06T10:30:00.000Z,50,48,24,32.6;33.5;32.6;33.6;33.2;33.3;33.3;33.2;33.7;32.9;33.4;33.1;33.1;32.9;33.0
2026-07-06T10:45:00.000Z,50,12,32,32.6;32.6;33.5;33.1;33.4;33.4;33.1;33.4;33.1;32.3;33.1;33.6;32.9;33.8;33.5
2026-07-06T11:00:00.000Z,49,44,45,33.2;33.4;33.2;33.1;32.6;32.6;33.4;33.6;33.5;32.7;33.3;33.4;33.9;33.6;33.4
2026-07-06T11:15:00.000Z,48,314,170,33.4;33.3;33.7;33.6;33.5;33.2;33.5;33.2;32.7;32.9;33.3;33.8;33.2;33.2;33.0
2026-07-06T11:30:00.000Z,47,333,73,33.3;32.7;33.2;32.7;33.1;32.8;33.2;32.9;32.8;32.8;33.6;32.7;33.1;33.2;33.1
2026-07-06T11:45:00.000Z,46,12,59,33.6;33.6;33.5;32.8;33.3;32.9;33.5;33.4;33.6;33.2;33.5;33.8;33.1;32.7;33.2
2026-07-06T12:00:00.000Z,45,10,10,33.1;32.6;32.3;33.1;33.2;33.1;33.3;33.5;34.1;33.4;33.0;33.3;32.8;33.4;33.2
2026-07-06T12:15:00.000Z,44,50,9,33.0;33.0;33.6;33.6;32.9;32.7;33.6;33.4;33.5;33.2;33.1;32.9;32.9;33.3;34.1
2026-07-06T12:30:00.000Z,43,4,53,33.2;32.7;33.2;33.2;33.1;32.8;33.1;33.3;33.2;33.8;33.0;33.6;33.2;33.0;33.7
2026-07-06T12:45:00.000Z,42,51,13,33.6;34.0;33.6;33.0;33.4;33.0;33.2;32.9;33.3;33.6;33.7;32.9;33.1;32.8;32.9
2026-07-06T13:00:00.000Z,41,129,169,33.4;32.6;33.0;32.6;33.6;33.1;32.9;33.1;33.0;33.4;32.4;33.4;32.7;33.5;32.9
2026-07-06T13:15:00.000Z,41,1219,344,32.8;33.3;32.8;33.2;32.8;33.3;32.7;32.7;32.9;33.3;33.2;33.5;33.1;33.7;33.5
2026-07-06T13:30:00.000Z,40,21,65,33.1;33.6;33.1;33.0;33.6;33.8;33.4;33.6;32.9;32.6;33.1;33.4;33.3;33.4;32.9
2026-07-06T13:45:00.000Z,39,35,12,33.3;33.8;33.7;33.2;32.7;33.6;33.6;33.3;33.2;34.2;33.1;33.7;33.6;33.1;33.4
2026-07-06T14:00:00.000Z,38,13,56,32.8;33.0;33.2;33.3;32.8;33.3;33.0;32.4;33.2;33.6;32.9;32.6;33.2;32.6;33.9
2026-07-06T14:15:00.000Z,37,26,72,32.7;32.9;33.2;32.9;32.4;33.1;33.0;32.7;33.2;32.9;32.9;33.2;33.3;33.1;33.5
2026-07-06T14:30:00.000Z,36,201,111,33.0;33.8;33.2;33.5;32.8;33.4;33.2;32.9;33.4;33.3;33.0;33.0;33.1;33.2;33.7
2026-07-06T14:45:00.000Z,35,59,17,32.2;33.3;33.7;33.4;32.9;33.6;33.3;33.1;33.2;32.7;33.1;33.7;33.7;32.6;33.5
2026-07-06T15:00:00.000Z,34,37,36,31.8;32.9;32.9;33.3;33.6;32.4;33.4;33.5;33.7;32.4;33.2;33.8;33.6;33.6;33.3
2026-07-06T15:15:00.000Z,33,45,60,33.5;32.9;33.3;33.2;33.0;33.2;33.3;33.6;33.2;33.0;33.4;33.0;33.5;33.3;33.3
2026-07-06T15:30:00.000Z,32,250,143,32.7;33.5;33.1;33.6;33.1;32.9;32.8;34.0;33.3;33.2;33.5;32.9;33.2;33.3;32.9
2026-07-06T15:45:00.000Z,32,11,52,33.8;33.1;33.2;32.9;34.2;33.2;33.0;32.9;33.2;33.0;33.2;32.7;33.9;33.5;33.7
2026-07-06T16:00:00.000Z,31,3,10,33.9;33.7;33.0;33.0;33.1;33.1;32.9;33.1;32.3;33.5;33.1;33.5;32.6;32.9;33.0
2026-07-06T16:15:00.000Z,30,35,77,33.2;32.7;33.2;32.8;33.5;33.4;32.9;33.2;33.8;32.7;33.5;33.3;33.5;33.4;33.1
2026-07-06T16:30:00.000Z,29,10,18,33.5;33.2;33.2;33.4;33.7;33.1;33.5;33.4;33.2;32.9;33.3;33.0;33.2;33.4;33.4
2026-07-06T16:45:00.000Z,28,58,21,32.9;33.0;33.6;32.4;33.4;32.7;32.5;33.6;32.5;33.1;33.2;33.3;33.1;33.3;33.5
2026-07-06T17:00:00.000Z,27,343,254,33.8;33.0;33.3;32.9;33.9;33.3;33.4;32.9;33.5;33.6;32.9;33.1;33.0;33.3;33.3
2026-07-06T17:15:00.000Z,26,54,58,33.1;33.3;33.7;33.2;32.8;33.3;33.5;32.8;33.2;33.1;33.1;33.2;32.9;33.0;32.6
2026-07-06T17:30:00.000Z,25,29,26,32.7;33.2;33.4;32.7;33.1;32.9;33.4;33.4;32.9;32.9;33.5;32.2;32.7;33.0;33.5
2026-07-06T17:45:00.000Z,24,40,70,33.1;33.2;33.3;33.1;33.4;33.7;33.7;33.0;32.9;32.9;32.9;33.0;33.5;33.4;33.7
2026-07-06T18:00:00.000Z,23,48,17,32.6;33.5;33.5;32.9;32.9;33.5;33.6;33.1;33.8;33.3;33.2;32.9;33.3;32.9;33.0
2026-07-06T18:15:00.000Z,23,10,71,32.8;32.8;32.8;33.6;32.9;33.5;33.3;33.4;32.9;33.2;33.3;33.9;32.9;32.7;32.9
2026-07-06T18:30:00.000Z,22,11,34,33.2;33.4;33.1;33.8;33.4;33.5;32.7;33.0;33.6;33.2;33.5;33.1;32.8;32.7;32.6
2026-07-06T18:45:00.000Z,21,0,23,33.6;33.6;32.4;32.9;33.3;33.1;33.8;32.5;33.1;32.6;32.9;33.4;33.9;32.9;33.3
2026-07-06T19:00:00.000Z,20,9,13,33.2;33.1;33.4;33.6;33.2;33.1;33.2;33.0;33.4;32.9;33.9;32.9;32.8;33.0;32.9
2026-07-06T19:15:00.000Z,19,385,104,32.9;33.4;33.3;32.3;33.3;33.2;33.3;32.7;34.0;33.3;33.2;33.3;34.0;33.3;32.9
2026-07-06T19:30:00.000Z,18,244,292,33.1;33.1;33.0;32.7;33.3;33.3;32.5;33.6;32.8;33.5;33.2;33.6;33.3;33.4;33.4
2026-07-06T19:45:00.000Z,17,33,18,33.2;33.1;33.3;32.8;33.3;33.0;33.3;32.8;33.1;33.0;32.9;32.9;33.1;32.8;33.9
2026-07-06T20:00:00.000Z,16,784,665,32.7;33.2;32.0;33.5;33.5;33.3;32.7;32.8;33.6;33.1;33.0;33.2;32.9;33.2;33.7
2026-07-06T20:15:00.000Z,15,9,27,33.5;32.8;33.5;33.1;32.7;33.2;33.5;33.3;33.9;33.2;33.0;33.2;33.4;32.8;33.5
2026-07-06T20:30:00.000Z,15,43,31,33.4;33.1;32.4;33.1;33.1;32.8;33.0;32.7;33.6;33.1;32.9;33.5;33.5;33.0;33.9
2026-07-06T20:45:00.000Z,15,32,26,33.3;33.0;33.4;33.1;32.9;32.7;33.5;33.1;33.3;32.7;32.9;33.5;33.1;33.4;33.3
2026-07-06T21:00:00.000Z,15,215,178,33.1;33.4;33.6;33.2;33.4;33.0;33.1;33.3;33.1;32.9;33.0;33.0;33.2;33.4;33.5
2026-07-06T21:15:00.000Z,15,49,15,33.5;33.4;32.6;33.5;33.0;33.3;33.6;33.3;32.6;33.4;32.8;33.1;33.2;33.1;33.5
2026-07-06T21:30:00.000Z,15,43,57,32.4;34.0;33.4;33.2;33.5;33.7;32.9;33.5;33.0;32.8;33.1;33.5;33.1;33.3;33.5
2026-07-06T21:45:00.000Z,15,315,277,33.4;33.2;33.0;33.6;33.3;32.8;33.4;32.9;33.3;33.1;33.2;33.3;32.6;32.5;32.4
2026-07-06T22:00:00.000Z,15,58,74,32.8;32.9;33.1;33.6;33.1;33.5;33.7;33.5;33.6;32.7;33.0;33.4;33.5;33.2;32.4
2026-07-06T22:15:00.000Z,15,3,31,32.6;33.2;33.7;32.9;32.9;32.8;32.8;32.9;33.2;33.7;33.5;33.5;33.3;34.1;32.9
2026-07-06T22:30:00.000Z,15,32,84,33.0;33.3;33.9;33.2;33.4;33.4;32.5;33.1;33.0;32.9;33.2;32.8;32.8;33.4;33.5
2026-07-06T22:45:00.000Z,15,33,46,33.4;33.1;33.3;33.3;33.6;32.9;32.5;33.0;33.2;32.8;33.8;33.2;33.4;33.2;33.1
2026-07-06T23:00:00.000Z,15,0,0,33.5;34.2;33.8;34.3;33.8;34.5;34.5;34.0;33.5;34.5;34.0;34.2;34.0;33.8;34.2
2026-07-06T23:15:00.000Z,15,0,0,33.9;34.7;34.2;34.0;34.5;33.8;34.1;34.3;34.3;33.9;34.1;34.4;34.2;34.7;34.3
2026-07-06T23:30:00.000Z,15,0,0,33.8;33.9;33.6;35.0;33.5;33.8;34.2;34.4;34.5;34.4;34.3;35.0;33.7;34.2;34.8
2026-07-06T23:45:00.000Z,15,0,0,34.0;34.9;34.5;34.5;34.2;34.8;34.3;34.2;34.5;34.4;34.3;34.7;34.4;34.5;33.9
2026-07-07T00:00:00.000Z,15,0,0,34.4;34.5;35.1;34.9;34.3;34.0;34.2;34.1;34.5;34.3;33.6;35.0;34.0;34.5;34.6
2026-07-07T00:15:00.000Z,15,0,0,34.2;34.5;34.4;33.9;33.6;33.3;34.4;35.0;34.6;34.3;33.9;33.9;34.5;34.5;34.0
2026-07-07T00:30:00.000Z,15,0,0,34.1;34.3;34.2;34.0;34.0;34.2;34.2;33.6;34.6;34.3;33.7;34.4;34.5;34.1;33.8
2026-07-07T00:45:00.000Z,15,0,0,33.9;34.1;34.5;33.7;33.4;34.3;34.7;34.2;33.7;34.3;33.9;35.2;33.9;34.4;33.5
2026-07-07T01:00:00.000Z,15,0,0,34.6;33.6;34.4;34.2;34.7;34.5;34.6;34.4;34.5;34.9;34.3;34.8;33.8;33.7;34.5
2026-07-07T01:15:00.000Z,15,0,0,34.4;34.5;33.8;34.6;34.4;34.1;34.1;34.2;34.1;33.7;34.6;34.7;34.1;33.8;34.4
2026-07-07T01:30:00.000Z,15,10,3,34.8;34.5;34.3;34.3;34.2;34.9;34.0;34.2;33.9;34.4;34.0;34.2;34.4;34.2;33.5
2026-07-07T01:45:00.000Z,15,0,0,34.5;33.9;33.9;33.9;33.9;33.9;34.3;34.1;33.8;33.6;34.1;34.2;34.6;34.3;34.3
2026-07-07T02:00:00.000Z,15,0,0,34.6;33.7;34.4;34.4;34.0;33.9;34.0;34.4;34.5;34.7;33.6;33.8;34.9;34.7;34.0
2026-07-07T02:15:00.000Z,15,0,0,34.0;34.1;34.3;34.0;33.5;33.8;34.2;34.1;33.8;34.4;34.6;34.0;34.3;34.0;34.8
2026-07-07T02:30:00.000Z,15,0,0,34.7;34.0;33.8;34.1;34.3;33.8;33.4;34.8;34.5;34.1;34.6;34.5;34.5;34.2;34.4
2026-07-07T02:45:00.000Z,15,0,0,34.7;33.7;33.9;34.6;33.9;34.2;34.1;34.3;33.6;34.6;34.6;34.3;34.5;33.7;34.8
2026-07-07T03:00:00.000Z,15,0,0,33.8;34.9;34.4;34.0;34.5;34.3;34.6;34.3;33.9;34.2;33.4;34.4;34.2;33.9;34.3
2026-07-07T03:15:00.000Z,15,0,0,34.4;34.7;33.9;33.9;33.7;33.9;35.1;33.1;34.1;34.1;34.6;33.7;34.2;34.7;33.8
2026-07-07T03:30:00.000Z,15,0,0,33.6;34.2;34.6;34.5;34.3;33.5;34.1;33.5;34.0;34.6;34.4;34.5;34.2;34.1;33.8
2026-07-07T03:45:00.000Z,15,0,0,34.3;34.0;33.6;34.2;33.9;33.8;34.5;34.0;34.0;34.6;34.5;34.4;34.7;34.5;33.5
2026-07-07T04:00:00.000Z,15,0,0,33.8;34.1;34.8;33.8;33.9;34.1;34.0;34.0;34.0;34.4;34.4;34.6;34.7;34.0;34.4
2026-07-07T04:15:00.000Z,15,0,0,34.2;34.0;34.2;33.4;34.1;34.6;34.0;34.6;34.4;34.0;34.1;33.9;34.5;34.6;34.6
2026-07-07T04:30:00.000Z,15,0,0,34.7;34.0;34.8;34.4;34.6;34.0;33.9;34.3;34.4;34.0;34.7;34.6;34.0;34.1;34.5
2026-07-07T04:45:00.000Z,15,8,25,33.7;34.9;34.0;33.9;34.6;34.5;34.6;33.8;33.4;34.1;34.5;34.6;34.6;34.4;34.7
2026-07-07T05:00:00.000Z,15,0,0,34.5;33.7;34.3;34.0;34.3;34.8;33.3;33.9;33.9;34.1;34.4;34.4;34.6;34.4;34.2
2026-07-07T05:15:00.000Z,15,2,30,34.2;33.9;34.2;34.2;34.6;34.5;34.2;34.1;34.2;33.9;34.5;34.2;34.5;34.6;34.5
2026-07-07T05:30:00.000Z,15,0,0,34.4;33.7;34.0;34.4;34.6;34.9;33.6;33.9;33.5;34.2;34.0;34.2;33.9;34.3;34.4
2026-07-07T05:45:00.000Z,15,4,11,33.2;34.1;34.6;34.0;33.5;34.4;34.1;34.7;34.0;34.2;33.6;34.1;33.5;34.4;34.1
2026-07-07T06:00:00.000Z,15,10,30,34.6;33.7;33.8;34.5;33.9;34.5;34.3;34.8;33.9;34.7;33.9;34.6;33.7;34.3;33.8
2026-07-07T06:15:00.000Z,15,10,18,33.8;34.4;34.1;34.1;34.7;34.5;34.0;33.8;33.8;34.1;34.7;34.3;33.5;33.3;33.9
2026-07-07T06:30:00.000Z,15,0,0,34.8;34.2;34.0;33.9;34.2;34.5;34.0;33.8;34.2;33.8;34.3;34.6;33.6;34.3;33.7
2026-07-07T06:45:00.000Z,15,0,0,34.2;34.0;33.3;34.1;34.2;34.0;34.5;33.7;33.9;34.3;33.7;34.1;34.1;34.0;34.3
2026-07-07T07:00:00.000Z,15,39,47,33.4;33.2;33.1;32.9;33.3;33.2;33.2;32.4;32.6;33.1;34.0;33.4;33.7;33.5;33.2
2026-07-07T07:15:00.000Z,15,11,12,33.4;33.0;32.8;33.4;33.3;33.2;32.9;33.4;33.0;33.5;33.3;33.3;33.4;33.3;34.0
2026-07-07T07:30:00.000Z,15,49,30,33.5;33.4;33.5;32.9;33.1;33.5;33.4;32.9;33.8;33.1;33.3;33.4;33.5;33.5;33.1
2026-07-07T07:45:00.000Z,15,57,75,32.9;33.4;33.2;33.4;33.9;33.9;33.4;33.3;32.8;33.1;33.4;32.5;32.9;33.1;32.9
2026-07-07T08:00:00.000Z,15,9,90,33.1;33.1;33.2;33.1;33.5;32.9;33.4;33.2;33.3;33.3;33.0;32.9;33.0;33.8;32.7
2026-07-07T08:15:00.000Z,15,18,7,32.7;33.7;33.0;33.3;33.4;32.7;33.2;33.3;33.3;32.9;32.9;32.8;32.5;33.1;33.2
2026-07-07T08:30:00.000Z,15,26,14,33.1;32.8;32.5;33.1;33.8;32.8;32.6;32.8;33.0;33.1;33.5;33.4;32.9;33.0;32.9
2026-07-07T08:45:00.000Z,15,42,6,33.4;32.9;33.2;32.9;33.2;33.0;32.9;33.6;33.5;32.8;33.6;32.8;33.4;33.3;33.4
2026-07-07T09:00:00.000Z,15,321,104,32.5;32.3;33.0;33.1;33.3;33.0;33.3;33.3;33.8;32.9;33.1;33.7;33.6;33.5;33.2
2026-07-07T09:15:00.000Z,15,0,90,33.3;33.4;32.7;33.1;32.7;32.5;33.5;33.1;33.0;33.8;33.4;33.3;33.3;33.4;33.5
2026-07-07T09:30:00.000Z,15,10,35,33.5;33.4;33.3;33.1;33.9;33.4;33.5;32.7;32.6;33.5;32.9;32.9;33.0;32.9;32.9
2026-07-07T09:45:00.000Z,15,137,82,32.8;33.4;32.8;33.8;33.2;33.0;33.3;32.8;33.3;33.1;32.8;33.1;32.9;32.8;34.0
2026-07-07T10:00:00.000Z,15,15,57,33.6;33.5;33.3;33.2;33.4;33.4;33.1;33.3;33.5;33.6;33.5;33.0;33.4;33.4;33.0
2026-07-07T10:15:00.000Z,15,1,66,33.4;33.3;33.3;33.4;33.0;33.3;32.9;33.5;33.5;32.9;33.2;32.8;33.1;33.2;32.8
2026-07-07T10:30:00.000Z,15,45,59,33.4;33.6;33.1;32.7;32.5;33.0;32.9;33.1;33.5;33.2;33.6;32.9;33.0;33.0;33.3
2026-07-07T10:45:00.000Z,15,780,798,32.5;33.5;32.9;33.2;33.2;33.3;32.6;32.7;33.4;33.2;33.6;33.1;33.1;33.1;33.2
2026-07-07T11:00:00.000Z,15,14,15,33.2;33.3;33.2;33.9;32.8;32.7;33.3;32.9;33.3;33.2;33.1;33.5;33.4;33.0;33.2
2026-07-07T11:15:00.000Z,15,131,120,33.6;33.2;33.1;33.4;33.6;32.7;33.5;32.7;33.3;33.1;32.9;32.9;33.2;33.4;33.8
2026-07-07T11:30:00.000Z,15,37,55,33.5;33.5;33.0;32.9;32.7;33.4;32.6;33.4;33.5;32.8;33.3;33.3;33.0;32.9;33.6
2026-07-07T11:45:00.000Z,15,6,24,33.1;33.0;33.5;33.3;33.6;33.3;33.6;33.6;33.6;32.7;33.6;33.1;32.9;33.4;33.3
2026-07-07T12:00:00.000Z,15,153,261,33.2;33.2;33.2;33.6;33.1;32.6;33.4;33.3;33.9;33.0;33.4;33.2;33.2;33.7;33.4
2026-07-07T12:15:00.000Z,15,45,37,33.4;33.8;33.0;33.4;33.3;32.6;34.0;33.2;32.8;33.0;33.2;33.1;33.9;33.4;33.0
2026-07-07T12:30:00.000Z,15,182,250,33.3;33.3;32.2;32.6;33.1;33.5;33.1;32.9;33.8;33.5;33.4;33.5;33.4;32.9;33.7
2026-07-07T12:45:00.000Z,15,60,11,33.0;33.3;33.1;33.0;33.6;33.1;32.9;33.2;33.7;33.6;33.2;32.8;32.8;33.1;33.1
2026-07-07T13:00:00.000Z,15,49,20,33.3;33.3;33.5;34.1;33.7;33.0;32.6;33.1;33.5;32.9;33.5;33.0;32.7;33.0;33.1
2026-07-07T13:15:00.000Z,15,15,45,33.2;33.2;33.4;33.9;33.4;33.4;33.0;33.6;32.7;33.3;33.2;33.2;33.4;33.4;33.3
2026-07-07T13:30:00.000Z,15,54,21,33.2;33.0;33.3;34.0;33.2;33.2;33.5;33.5;33.5;33.4;32.8;33.0;33.4;33.1;33.4
2026-07-07T13:45:00.000Z,15,34,74,32.9;33.2;32.6;32.9;32.8;33.4;33.6;32.9;33.1;33.2;33.8;32.5;34.1;33.4;33.0
2026-07-07T14:00:00.000Z,15,19,17,33.8;33.3;33.3;33.6;33.8;33.4;33.6;33.1;33.7;33.6;32.9;33.4;33.4;33.1;32.6
2026-07-07T14:15:00.000Z,15,36,15,33.0;32.7;33.5;33.6;33.0;33.5;32.7;33.3;33.2;33.8;33.2;33.5;33.3;33.1;33.0
2026-07-07T14:30:00.000Z,15,39,24,33.2;33.0;33.3;33.2;32.7;33.0;32.7;33.4;33.8;33.0;33.2;32.5;33.0;33.5;33.0
2026-07-07T14:45:00.000Z,15,42,78,33.0;33.1;33.4;32.8;33.2;33.0;32.7;33.9;33.0;33.2;32.9;33.1;33.0;33.1;33.2
2026-07-07T15:00:00.000Z,15,43,70,33.8;32.7;32.3;33.2;33.0;33.4;32.7;33.5;33.6;33.5;32.7;32.9;33.3;32.6;33.1
2026-07-07T15:15:00.000Z,15,41,82,33.0;33.4;32.9;32.8;33.6;33.6;33.4;33.2;33.3;32.8;32.8;33.7;33.0;33.4;33.2
2026-07-07T15:30:00.000Z,15,1141,871,33.9;33.4;33.1;32.9;33.4;33.1;33.2;33.3;33.4;33.8;33.2;33.4;33.4;33.1;33.8
2026-07-07T15:45:00.000Z,15,324,261,32.8;33.0;33.0;32.7;33.0;33.8;32.3;33.1;33.7;32.8;32.9;33.0;33.4;33.1;33.0
2026-07-07T16:00:00.000Z,15,34,49,33.3;32.5;32.9;33.1;33.6;33.6;33.5;33.6;33.1;33.0;33.3;33.2;33.7;33.5;33.0
2026-07-07T16:15:00.000Z,15,51,85,33.4;33.4;33.4;33.2;32.8;33.4;33.3;33.2;33.3;32.7;33.4;33.2;33.0;33.3;33.2
2026-07-07T16:30:00.000Z,15,200,141,32.9;33.3;33.7;33.4;33.2;33.4;33.1;33.3;33.4;33.4;32.9;33.0;33.4;32.8;33.4
2026-07-07T16:45:00.000Z,15,194,294,33.3;33.2;34.2;33.4;33.5;33.1;33.2;32.6;32.7;32.8;33.6;33.4;32.6;32.8;32.8
2026-07-07T17:00:00.000Z,15,34,59,34.1;33.0;33.2;33.2;33.3;32.9;33.5;33.6;33.5;33.4;33.4;33.0;33.4;33.0;33.6
2026-07-07T17:15:00.000Z,15,41,14,33.2;33.6;33.4;33.1;33.1;32.7;33.0;33.2;33.3;32.9;33.2;33.1;33.3;33.9;33.6
2026-07-07T17:30:00.000Z,15,22,13,33.1;33.1;33.6;33.0;33.8;32.7;33.2;33.7;33.2;33.0;33.4;33.6;33.2;32.8;32.8
2026-07-07T17:45:00.000Z,15,343,97,33.6;33.8;33.0;33.1;33.0;33.6;32.5;33.8;33.1;32.5;33.5;32.7;33.7;32.7;32.9
2026-07-07T18:00:00.000Z,15,257,88,33.2;32.9;32.2;33.2;33.8;33.0;33.6;33.3;32.9;33.7;32.8;33.3;33.0;33.0;33.4
2026-07-07T18:15:00.000Z,15,197,239,33.2;33.3;33.9;32.8;33.1;33.6;33.8;33.4;33.5;33.1;33.1;33.0;33.2;33.1;33.8
2026-07-07T18:30:00.000Z,15,1376,563,33.0;32.7;33.2;32.9;33.8;32.9;32.9;33.5;32.8;33.1;33.5;33.3;32.6;32.7;33.6
2026-07-07T18:45:00.000Z,15,283,285,32.7;33.4;33.1;33.3;32.8;32.8;33.4;33.0;32.6;33.1;33.1;33.0;33.2;33.4;33.0
2026-07-07T19:00:00.000Z,15,400,89,32.9;33.2;33.1;33.1;33.0;32.5;32.9;33.4;33.3;33.1;33.5;33.7;33.2;33.5;33.3
2026-07-07T19:15:00.000Z,15,11,48,33.0;32.8;33.5;32.8;32.7;33.2;33.5;32.8;33.0;32.8;33.5;33.1;33.2;33.4;33.6
2026-07-07T19:30:00.000Z,15,646,741,33.2;33.2;33.3;32.9;33.2;33.2;32.6;33.8;33.0;33.2;33.6;32.5;33.2;33.4;33.1
2026-07-07T19:45:00.000Z,15,21,54,33.3;33.7;32.8;32.7;33.3;33.0;33.4;32.9;32.8;33.0;33.0;32.8;33.0;32.9;32.9
2026-07-07T20:00:00.000Z,45,0,0,24.3;24.6;24.1;24.0;24.1;24.4;23.4;24.1;23.6;23.9;24.2;23.6;24.2;24.1;24.4
2026-07-07T20:15:00.000Z,75,0,0,23.4;24.0;24.1;24.4;23.8;24.5;24.0;24.1;23.6;23.8;24.7;23.9;23.9;23.9;24.3
2026-07-07T20:30:00.000Z,100,0,0,24.1;23.5;23.7;23.7;23.6;23.7;24.4;23.7;24.2;24.5;23.7;23.7;23.9;24.0;23.8
2026-07-07T20:45:00.000Z,100,0,0,24.0;23.7;23.8;24.8;24.5;24.5;23.9;24.1;23.8;24.1;24.2;24.5;24.2;24.3;23.7
2026-07-07T21:00:00.000Z,99,46,83,33.0;33.2;33.3;33.4;34.1;32.8;33.7;32.9;33.0;33.8;33.6;33.1;33.7;33.5;33.8
2026-07-07T21:15:00.000Z,98,23,41,33.1;33.4;32.9;32.5;32.6;32.1;33.6;33.0;33.5;33.3;32.6;33.8;32.6;33.4;33.3
2026-07-07T21:30:00.000Z,97,51,15,33.0;33.3;33.1;33.4;33.1;33.4;33.6;32.9;33.1;33.1;33.2;32.9;32.5;33.0;33.2
2026-07-07T21:45:00.000Z,96,47,77,33.2;33.0;33.0;32.6;33.6;32.7;33.1;33.8;33.4;33.4;33.4;33.2;32.9;33.4;33.0
2026-07-07T22:00:00.000Z,95,35,7,33.2;32.7;33.2;33.4;33.6;33.0;33.9;33.6;33.2;32.9;33.0;33.7;33.7;33.4;33.7
2026-07-07T22:15:00.000Z,95,14,51,33.2;33.4;33.8;33.5;33.3;32.5;33.2;33.3;33.5;33.6;33.4;33.2;33.7;33.1;33.3
2026-07-07T22:30:00.000Z,94,55,68,33.2;32.7;32.9;33.3;33.4;33.0;33.1;32.8;32.9;33.1;33.0;33.6;33.6;33.5;33.2
2026-07-07T22:45:00.000Z,93,305,271,32.7;33.4;33.4;33.3;33.8;32.7;33.0;32.8;33.6;33.5;33.2;33.0;33.0;33.3;33.4
2026-07-07T23:00:00.000Z,92,3,22,34.0;34.7;34.1;34.2;34.1;34.1;34.6;34.0;34.2;34.5;34.2;34.8;34.4;34.3;33.5
2026-07-07T23:15:00.000Z,91,7,2,34.3;34.4;34.5;33.7;34.2;34.8;34.1;34.3;33.9;34.5;33.5;34.2;34.4;34.2;34.2
2026-07-07T23:30:00.000Z,90,0,0,33.5;34.3;34.8;34.4;34.1;34.4;34.1;34.1;34.7;33.6;34.1;34.5;33.9;34.5;34.6
2026-07-07T23:45:00.000Z,89,11,21,33.2;34.0;34.6;34.1;34.3;35.0;33.8;33.7;34.4;34.3;34.2;34.5;34.0;34.3;34.3
2026-07-08T00:00:00.000Z,88,0,0,34.4;34.4;34.3;34.3;34.5;34.1;34.0;34.0;34.6;34.1;34.0;34.7;33.7;33.9;34.0
2026-07-08T00:15:00.000Z,87,7,26,34.1;34.3;34.2;34.6;34.1;35.4;34.2;34.2;34.6;34.4;34.1;34.5;34.5;34.2;33.8
2026-07-08T00:30:00.000Z,86,0,0,34.8;34.1;33.9;33.6;33.5;34.4;34.2;34.2;34.5;34.1;33.6;34.7;34.3;34.5;33.9
2026-07-08T00:45:00.000Z,86,0,0,34.2;34.4;34.1;34.2;34.0;34.1;33.9;33.9;34.1;33.9;34.9;33.7;34.1;33.5;34.5
2026-07-08T01:00:00.000Z,85,0,0,34.4;33.4;34.2;34.6;33.9;34.3;34.6;34.0;34.0;34.2;34.4;33.9;34.1;34.1;34.1
2026-07-08T01:15:00.000Z,84,11,28,33.9;34.1;34.4;33.7;34.1;34.0;33.5;34.5;34.4;34.4;34.5;33.7;34.0;34.6;34.4
2026-07-08T01:30:00.000Z,83,0,0,34.4;34.5;33.6;34.5;34.2;34.1;34.1;33.9;34.3;34.2;33.6;34.1;33.9;34.3;34.0
2026-07-08T01:45:00.000Z,82,0,0,33.6;34.0;33.7;34.6;34.2;34.1;33.4;34.2;34.3;33.9;34.4;33.8;34.3;34.6;34.3
2026-07-08T02:00:00.000Z,81,7,35,34.3;34.0;33.9;33.9;34.2;34.0;33.8;34.2;34.4;33.7;34.5;34.5;33.9;33.5;34.1
2026-07-08T02:15:00.000Z,80,0,0,34.5;34.3;34.3;34.3;34.1;34.7;34.2;34.2;33.8;33.9;34.0;34.3;33.9;33.6;34.2
2026-07-08T02:30:00.000Z,79,0,0,33.9;34.3;34.2;34.2;34.2;34.1;34.3;34.2;34.6;34.1;34.7;34.2;34.0;34.0;34.7
2026-07-08T02:45:00.000Z,78,6,31,34.7;34.7;34.0;34.6;34.6;33.8;34.3;33.8;34.3;34.2;33.8;34.5;34.5;34.3;33.6
2026-07-08T03:00:00.000Z,77,7,7,34.0;34.5;34.2;34.7;33.9;33.6;34.9;34.2;34.3;34.5;34.6;34.1;34.4;34.3;34.7
2026-07-08T03:15:00.000Z,77,0,0,34.0;34.7;34.1;34.2;33.4;34.3;33.9;33.8;34.5;34.8;34.1;33.8;34.0;34.5;34.7
2026-07-08T03:30:00.000Z,76,0,0,34.7;34.6;34.9;34.4;34.2;33.7;33.6;33.9;34.3;34.0;34.1;34.8;34.5;34.1;33.7
2026-07-08T03:45:00.000Z,75,0,0,34.5;34.1;34.0;34.5;34.0;34.3;33.9;34.5;34.3;33.9;34.0;34.4;33.9;34.8;33.8
2026-07-08T04:00:00.000Z,74,0,0,34.2;34.4;33.8;34.3;34.6;34.3;34.0;34.3;34.2;34.1;33.9;34.1;34.4;34.1;34.6
2026-07-08T04:15:00.000Z,73,6,38,34.0;33.9;34.5;33.7;34.3;33.4;33.9;34.2;34.2;34.7;33.9;34.1;34.8;34.2;34.0
2026-07-08T04:30:00.000Z,72,0,0,34.7;34.1;34.3;34.0;34.1;34.8;34.5;34.5;34.4;34.3;34.4;33.9;34.1;34.6;34.0
2026-07-08T04:45:00.000Z,71,8,19,34.0;34.4;34.6;34.0;34.0;35.0;34.3;33.6;34.3;34.6;33.7;33.8;34.0;33.4;34.3
2026-07-08T05:00:00.000Z,70,9,34,33.9;34.1;33.9;34.6;34.5;34.8;34.5;35.1;34.3;34.2;34.8;33.8;34.3;33.9;33.7
2026-07-08T05:15:00.000Z,69,0,0,33.9;34.8;34.3;34.5;33.9;33.9;34.3;34.1;33.7;33.9;34.2;34.1;34.0;33.6;33.9
2026-07-08T05:30:00.000Z,68,0,0,34.2;34.6;34.3;34.2;34.6;34.2;34.3;33.9;34.0;34.2;34.7;33.6;34.2;34.0;34.4
2026-07-08T05:45:00.000Z,68,0,0,33.9;33.4;34.5;33.9;34.1;34.2;33.8;33.9;34.3;34.1;34.5;34.6;34.9;33.9;34.4
2026-07-08T06:00:00.000Z,67,0,0,34.4;34.2;34.0;34.2;33.4;34.3;34.2;34.3;34.1;34.7;34.4;34.0;33.9;34.0;34.3
2026-07-08T06:15:00.000Z,66,0,0,34.1;34.7;33.9;34.6;34.3;34.3;34.2;35.1;34.5;33.1;33.9;33.6;33.9;34.2;34.0
2026-07-08T06:30:00.000Z,65,0,0,34.4;33.7;33.9;34.2;34.2;34.0;34.2;33.7;34.3;34.7;33.9;33.8;34.6;34.0;34.0
2026-07-08T06:45:00.000Z,64,0,0,33.9;34.4;34.9;34.0;34.0;34.3;34.2;34.1;33.5;33.9;34.3;34.6;34.4;34.0;34.2
2026-07-08T07:00:00.000Z,63,54,31,33.5;32.8;33.2;33.2;32.9;33.5;33.0;33.1;32.8;33.6;32.9;33.7;33.0;33.0;33.1
2026-07-08T07:15:00.000Z,62,7,5,33.0;32.8;33.0;33.3;33.3;32.9;32.8;32.8;33.4;32.9;33.6;32.9;33.1;33.5;33.1
2026-07-08T07:30:00.000Z,61,40,21,33.5;33.1;33.0;32.5;33.8;33.4;33.6;33.3;33.7;32.9;33.9;33.5;33.2;33.2;33.4
2026-07-08T07:45:00.000Z,60,57,54,33.2;33.0;33.4;33.9;33.6;33.4;33.2;32.9;32.7;33.0;32.7;33.0;33.1;32.9;33.0
2026-07-08T08:00:00.000Z,59,718,803,33.4;33.7;33.8;33.7;33.7;33.0;33.5;33.2;33.0;33.2;33.1;33.3;33.0;32.6;33.1
2026-07-08T08:15:00.000Z,59,291,290,33.4;32.8;33.4;33.0;32.3;32.7;32.9;33.4;32.9;33.2;33.1;33.5;33.2;33.0;32.9
2026-07-08T08:30:00.000Z,58,116,120,33.5;32.7;33.2;32.7;33.2;33.2;33.9;33.7;33.8;33.1;33.0;32.6;33.9;32.6;33.0
2026-07-08T08:45:00.000Z,57,672,397,33.0;33.1;33.2;33.3;32.6;33.7;33.5;33.5;33.4;33.6;33.2;33.0;33.2;33.2;33.2
2026-07-08T09:00:00.000Z,56,54,8,33.3;33.2;32.7;33.3;33.5;33.4;33.3;33.2;33.0;33.1;33.0;32.6;33.4;32.9;33.8
2026-07-08T09:15:00.000Z,55,149,281,33.5;33.1;33.3;33.1;33.7;33.5;32.7;33.3;32.9;32.6;33.5;33.2;33.0;33.0;33.1
2026-07-08T09:30:00.000Z,54,60,22,33.7;33.6;33.3;33.4;33.4;33.4;33.3;33.2;33.1;33.6;33.3;32.7;33.4;33.3;33.0
2026-07-08T09:45:00.000Z,53,7,79,32.8;33.0;33.0;33.2;33.4;33.6;33.4;33.7;32.6;32.6;32.9;33.0;33.4;33.2;33.4
2026-07-08T10:00:00.000Z,52,9,58,33.3;33.2;33.1;33.3;33.2;33.0;32.6;32.5;32.9;33.1;33.1;33.2;33.1;33.5;33.3
2026-07-08T10:15:00.000Z,51,14,49,33.6;33.1;33.4;33.5;33.3;33.4;33.3;32.9;33.4;33.3;32.8;33.5;32.7;33.3;33.0
2026-07-08T10:30:00.000Z,50,59,8,32.6;33.5;33.1;33.2;33.1;33.3;32.7;32.9;33.0;33.4;33.4;34.1;33.5;33.2;32.5
2026-07-08T10:45:00.000Z,50,27,56,33.3;33.4;33.0;33.3;33.5;33.2;32.9;33.2;33.5;33.7;33.5;33.1;32.7;33.3;33.1
2026-07-08T11:00:00.000Z,49,5,86,33.6;33.2;33.8;33.0;33.6;33.1;32.9;32.3;33.5;33.0;33.6;33.1;33.0;33.4;33.0
2026-07-08T11:15:00.000Z,48,42,54,33.1;32.9;33.4;33.2;33.3;32.5;33.3;33.2;33.4;33.4;34.3;33.3;32.7;33.2;32.4
2026-07-08T11:30:00.000Z,47,45,15,33.3;33.3;33.5;33.1;32.9;32.7;33.3;32.9;33.7;33.6;33.2;33.0;33.3;32.8;32.7
2026-07-08T11:45:00.000Z,46,47,11,33.0;32.9;33.1;32.8;33.5;33.2;32.8;32.8;33.3;33.1;33.4;33.3;32.9;33.2;34.1
2026-07-08T12:00:00.000Z,45,1,57,32.6;33.0;33.0;33.4;33.0;33.4;33.5;33.8;33.5;33.3;33.5;33.3;33.0;33.8;32.9
2026-07-08T12:15:00.000Z,44,7,34,33.4;33.1;33.1;32.8;34.1;33.4;32.7;32.9;33.3;32.9;33.2;33.0;32.8;33.0;33.1
2026-07-08T12:30:00.000Z,43,20,87,34.2;33.1;33.3;33.6;32.7;33.0;33.7;33.4;32.8;33.2;33.5;32.6;33.1;32.9;33.5
2026-07-08T12:45:00.000Z,42,146,184,33.5;33.1;33.2;33.2;32.8;33.8;33.3;33.3;33.8;32.8;32.8;33.2;33.7;33.3;33.5
2026-07-08T13:00:00.000Z,41,603,400,33.1;32.7;32.9;33.1;33.1;33.3;33.5;33.9;33.1;33.0;33.0;32.8;33.5;33.5;33.9
2026-07-08T13:15:00.000Z,41,34,4,33.0;33.1;33.0;33.5;33.2;33.2;33.2;32.6;32.8;32.4;33.3;33.4;32.9;33.0;34.0
2026-07-08T13:30:00.000Z,40,31,57,34.2;33.2;32.7;33.6;33.5;33.9;33.1;33.0;32.8;33.1;33.8;33.9;32.9;33.1;33.2
2026-07-08T13:45:00.000Z,39,338,112,33.4;33.2;33.0;32.6;32.9;33.4;33.4;32.7;32.9;33.3;33.1;33.9;33.1;33.8;32.7
2026-07-08T14:00:00.000Z,38,13,34,33.4;33.1;33.2;33.4;32.6;33.1;32.8;32.9;33.5;33.7;33.5;33.0;32.6;33.1;33.6
2026-07-08T14:15:00.000Z,37,22,86,33.2;33.4;33.7;33.2;33.0;32.8;33.2;33.2;33.2;33.2;33.2;33.2;32.6;32.9;33.1
2026-07-08T14:30:00.000Z,36,57,85,32.8;32.7;33.7;33.5;33.2;32.9;33.7;33.6;33.0;33.1;32.8;33.3;33.2;33.6;33.4
2026-07-08T14:45:00.000Z,35,52,40,33.3;33.2;34.0;32.8;33.3;32.7;32.3;33.4;33.1;33.2;33.0;33.6;33.4;33.7;33.2
2026-07-08T15:00:00.000Z,34,129,181,33.3;33.1;33.9;33.3;33.2;33.0;33.3;33.5;33.6;32.8;33.9;33.9;33.0;33.3;32.5
2026-07-08T15:15:00.000Z,33,374,268,33.0;33.2;33.2;33.4;32.9;33.5;33.3;33.1;33.1;32.9;33.4;33.4;33.3;32.9;33.1
2026-07-08T15:30:00.000Z,32,42,5,33.5;33.2;33.1;33.2;32.8;33.4;33.0;33.3;33.4;33.4;32.8;32.4;33.5;33.8;32.9
2026-07-08T15:45:00.000Z,32,22,84,33.2;33.3;33.5;33.6;33.3;32.9;33.0;33.1;33.5;32.7;33.4;32.9;33.4;32.9;33.2
2026-07-08T16:00:00.000Z,31,43,46,33.3;33.0;33.2;32.9;33.3;32.8;33.1;32.9;33.2;33.7;32.9;33.5;33.4;32.7;33.1
2026-07-08T16:15:00.000Z,30,15,53,32.9;33.2;33.4;32.6;33.4;33.2;33.5;33.5;33.3;33.6;33.4;32.9;33.8;33.4;33.0
2026-07-08T16:30:00.000Z,29,57,21,33.5;33.3;33.2;32.8;32.6;33.2;33.5;32.8;32.9;33.1;32.9;33.5;32.4;33.5;33.2
2026-07-08T16:45:00.000Z,28,41,85,33.2;32.9;33.1;33.5;33.2;32.7;33.2;33.2;33.4;33.2;32.9;32.8;33.0;33.6;32.9
2026-07-08T17:00:00.000Z,27,8,7,33.7;33.1;33.1;33.8;33.6;33.7;33.1;33.2;33.6;33.0;33.9;33.5;33.8;32.9;33.6
2026-07-08T17:15:00.000Z,26,3,43,33.2;33.1;32.9;33.3;33.5;33.6;33.7;33.8;32.9;33.0;33.0;33.8;33.9;33.3;33.4
2026-07-08T17:30:00.000Z,25,356,237,33.1;33.4;32.7;33.0;33.2;32.9;33.3;33.2;33.0;33.3;32.4;33.0;33.1;32.9;33.5
2026-07-08T17:45:00.000Z,24,33,43,33.5;32.8;33.5;33.0;33.3;32.9;33.2;33.3;33.5;32.8;33.1;33.1;33.6;33.4;33.0
2026-07-08T18:00:00.000Z,23,53,29,32.7;33.7;33.0;33.7;33.2;33.2;33.9;32.9;32.5;33.4;33.5;33.6;33.2;33.1;32.9
2026-07-08T18:15:00.000Z,23,46,34,33.0;33.4;32.9;33.5;34.0;33.1;32.9;33.7;32.5;33.2;33.2;33.2;33.5;33.4;32.7
2026-07-08T18:30:00.000Z,22,47,59,33.5;33.3;33.1;33.3;33.4;32.8;33.7;32.8;32.7;33.1;33.4;32.9;33.3;32.6;33.1
2026-07-08T18:45:00.000Z,21,7,43,33.2;33.6;33.6;33.1;33.3;33.1;33.3;33.2;33.1;33.7;33.0;33.6;32.8;33.2;33.7
2026-07-08T19:00:00.000Z,20,28,72,33.2;33.3;34.4;33.3;33.0;33.1;33.2;33.4;33.3;33.0;33.1;33.2;32.9;33.2;33.7
2026-07-08T19:15:00.000Z,19,343,265,33.7;33.6;33.1;33.1;33.0;33.1;33.2;32.4;33.0;33.1;33.1;33.5;33.2;33.2;33.4
2026-07-08T19:30:00.000Z,18,227,168,33.1;32.7;33.4;33.2;33.2;33.1;32.9;33.3;33.2;33.2;32.6;33.1;32.5;33.7;33.5
2026-07-08T19:45:00.000Z,17,43,59,33.3;33.0;32.7;33.2;33.3;32.8;32.3;33.3;33.1;33.5;32.8;33.2;33.1;33.4;33.7
2026-07-08T20:00:00.000Z,16,95,156,33.1;33.6;33.1;33.6;33.0;33.1;33.2;33.3;32.9;32.0;33.1;32.9;34.0;33.3;33.3
2026-07-08T20:15:00.000Z,15,351,258,33.0;33.5;33.2;33.1;33.6;33.1;32.9;33.2;33.7;33.2;33.1;32.9;33.2;33.1;33.1
2026-07-08T20:30:00.000Z,15,1024,743,33.3;33.9;33.2;33.4;33.8;33.3;32.6;33.8;32.8;33.0;32.7;32.9;32.8;33.4;32.8
2026-07-08T20:45:00.000Z,15,305,89,32.7;33.4;32.9;33.0;33.0;33.4;32.6;33.2;33.5;32.8;33.0;33.0;33.5;33.5;33.7
2026-07-08T21:00:00.000Z,15,277,283,33.0;33.5;33.2;34.1;32.9;33.1;33.8;33.1;33.3;33.7;33.7;33.1;33.8;33.5;32.8
2026-07-08T21:15:00.000Z,15,18,10,33.0;32.9;33.4;33.6;32.9;33.7;33.0;33.2;33.3;33.8;32.8;33.5;33.3;33.1;32.5
2026-07-08T21:30:00.000Z,15,31,67,33.2;33.5;33.3;33.2;33.6;33.4;33.4;33.1;33.3;33.4;33.5;33.4;32.7;32.9;33.3
2026-07-08T21:45:00.000Z,15,391,60,33.2;33.2;33.5;33.7;33.2;33.1;33.2;33.2;33.4;33.5;33.1;33.2;33.3;34.1;32.7
2026-07-08T22:00:00.000Z,15,205,225,33.0;33.0;32.9;33.1;32.8;33.1;33.7;32.9;33.1;33.3;33.0;33.2;33.0;33.1;33.2
2026-07-08T22:15:00.000Z,15,5,46,32.9;34.0;33.4;32.8;33.4;33.2;33.4;33.0;33.1;34.1;33.3;33.2;33.2;33.3;33.1
2026-07-08T22:30:00.000Z,15,35,34,33.7;33.3;33.0;32.7;33.2;33.7;33.1;33.1;33.1;33.1;33.2;33.8;33.2;33.4;33.0
2026-07-08T22:45:00.000Z,15,20,34,32.7;33.4;33.1;33.7;33.5;33.1;33.4;33.0;32.9;33.0;33.7;33.8;32.9;33.8;33.5
2026-07-08T23:00:00.000Z,15,0,0,33.6;34.2;34.4;35.1;34.6;34.9;34.0;34.3;34.7;34.1;33.6;34.2;34.5;35.4;34.0
2026-07-08T23:15:00.000Z,15,0,0,34.1;34.1;33.2;34.2;34.6;34.3;33.4;33.7;33.7;34.4;34.1;33.8;34.5;33.3;33.7
2026-07-08T23:30:00.000Z,15,2,21,35.0;33.9;34.1;34.3;33.6;34.1;34.1;33.7;34.6;34.4;34.4;34.5;34.0;34.5;33.6
2026-07-08T23:45:00.000Z,15,0,0,33.9;34.4;34.1;34.2;33.5;34.0;34.5;33.9;34.2;34.1;34.3;34.7;34.0;34.5;34.1
2026-07-09T00:00:00.000Z,15,8,2,33.9;33.8;33.6;33.8;34.0;34.5;34.5;34.3;34.1;34.6;33.7;33.1;34.3;34.0;34.1
2026-07-09T00:15:00.000Z,15,0,0,33.8;34.4;34.1;34.4;34.3;34.3;34.6;33.9;34.3;34.3;34.4;34.1;34.2;34.3;34.2
2026-07-09T00:30:00.000Z,15,0,0,34.6;34.6;34.0;34.4;34.5;33.9;34.1;34.3;34.2;35.2;33.9;34.2;34.0;34.2;34.0
2026-07-09T00:45:00.000Z,15,0,0,34.1;34.0;33.9;34.6;34.5;33.7;34.3;33.8;34.2;34.0;34.8;34.5;34.2;34.0;34.4
2026-07-09T01:00:00.000Z,15,0,0,34.6;34.8;34.1;34.2;33.8;34.3;34.0;34.3;34.4;33.7;34.0;34.5;34.1;34.3;34.0
2026-07-09T01:15:00.000Z,15,0,0,34.3;34.2;33.5;34.3;34.1;34.0;34.2;34.4;34.4;34.9;34.0;34.2;34.3;34.0;33.7
2026-07-09T01:30:00.000Z,15,0,0,34.4;34.2;33.7;34.5;34.1;34.6;34.0;34.6;34.3;33.9;34.0;34.3;34.5;33.5;34.7
2026-07-09T01:45:00.000Z,15,0,0,34.4;34.3;34.8;33.9;34.2;34.0;34.3;33.5;34.5;34.1;34.5;34.0;34.1;34.2;34.9
2026-07-09T02:00:00.000Z,15,0,0,34.5;34.3;34.6;34.1;34.0;34.4;33.9;33.7;34.6;33.8;34.4;33.8;33.9;34.7;34.6
2026-07-09T02:15:00.000Z,15,0,0,34.4;34.3;34.6;34.2;34.3;33.9;34.3;34.1;34.2;34.8;34.2;34.2;34.5;34.0;34.5
2026-07-09T02:30:00.000Z,15,0,0,34.7;34.0;34.2;34.5;33.4;33.9;34.3;34.3;34.5;33.6;33.9;33.8;33.9;34.3;34.3
2026-07-09T02:45:00.000Z,15,8,26,33.8;34.0;34.2;33.6;33.7;34.3;33.6;34.0;34.3;34.5;34.7;33.9;34.4;34.2;34.3
2026-07-09T03:00:00.000Z,15,8,10,34.2;34.2;34.0;34.6;34.5;34.8;33.7;34.1;34.1;34.3;33.7;34.7;34.4;34.0;34.9
2026-07-09T03:15:00.000Z,15,0,0,34.0;33.6;34.5;34.6;34.2;34.0;34.6;33.9;34.6;34.4;34.7;34.7;34.5;34.1;34.0
2026-07-09T03:30:00.000Z,15,0,0,34.5;34.0;34.2;33.7;33.7;34.0;34.4;35.1;34.0;34.4;34.0;34.8;34.3;34.3;34.0
2026-07-09T03:45:00.000Z,15,6,40,34.0;34.1;33.7;33.9;34.0;34.2;34.0;33.9;34.0;34.2;34.0;34.4;34.4;34.2;34.0
2026-07-09T04:00:00.000Z,15,0,0,34.3;34.0;34.1;33.8;33.7;34.6;33.9;34.0;34.1;34.7;34.2;34.6;33.9;34.3;34.5
2026-07-09T04:15:00.000Z,15,0,0,34.2;33.7;34.3;34.1;34.5;33.8;34.2;33.8;34.2;33.9;34.1;34.3;34.8;33.9;34.3
2026-07-09T04:30:00.000Z,15,0,0,34.2;34.2;33.4;34.2;33.9;34.0;34.4;34.4;34.4;33.7;34.2;33.7;34.7;34.5;33.7
2026-07-09T04:45:00.000Z,15,0,0,34.4;33.9;34.7;34.5;34.2;34.3;33.7;33.8;34.1;34.6;35.1;34.2;34.4;34.0;34.1
2026-07-09T05:00:00.000Z,15,0,0,35.1;34.3;34.4;34.5;34.3;34.9;34.6;34.4;34.6;34.4;34.1;34.4;34.4;34.2;34.5
2026-07-09T05:15:00.000Z,15,7,33,34.7;34.8;34.1;34.7;33.8;33.6;34.5;34.3;34.0;34.7;34.2;34.6;33.8;33.8;34.1
2026-07-09T05:30:00.000Z,15,0,0,34.5;35.0;34.3;34.4;34.3;34.7;33.8;33.9;33.5;34.1;34.6;33.2;34.3;33.8;34.1
2026-07-09T05:45:00.000Z,15,2,39,34.2;34.2;34.2;34.0;34.4;34.4;34.4;34.1;34.0;33.8;33.9;33.5;34.7;33.8;34.4
2026-07-09T06:00:00.000Z,15,3,33,34.0;33.9;33.8;33.7;34.3;34.2;34.6;34.5;33.9;34.0;34.4;34.1;34.0;34.7;34.5
2026-07-09T06:15:00.000Z,15,0,0,34.0;34.1;34.3;34.0;34.5;34.9;34.0;35.0;33.6;33.9;34.4;34.3;34.9;34.0;34.3
2026-07-09T06:30:00.000Z,15,0,0,34.4;34.5;34.4;33.6;34.2;34.7;34.0;34.5;33.9;34.6;34.8;33.3;34.4;34.0;34.5
2026-07-09T06:45:00.000Z,15,0,0,33.9;34.7;34.0;34.3;34.0;34.7;34.6;33.6;33.8;33.8;33.7;34.0;34.5;34.6;34.3
2026-07-09T07:00:00.000Z,15,283,77,33.4;32.9;33.6;33.0;32.7;33.3;32.9;33.5;33.0;32.7;33.5;33.0;32.8;33.2;33.1
2026-07-09T07:15:00.000Z,15,171,271,33.1;33.7;33.7;32.8;32.7;33.0;32.9;33.4;33.4;33.8;33.3;33.2;33.2;33.2;33.8
2026-07-09T07:30:00.000Z,15,40,72,33.3;33.7;32.8;33.2;33.1;33.4;33.3;32.7;33.3;33.1;32.8;33.7;32.8;33.2;33.6
2026-07-09T07:45:00.000Z,15,280,248,33.2;33.0;32.8;33.6;33.0;33.1;33.1;33.2;33.2;32.8;33.1;33.1;33.3;32.8;33.4
2026-07-09T08:00:00.000Z,15,10,15,33.6;33.6;33.1;33.4;33.0;33.6;33.5;33.3;32.9;32.9;33.0;33.5;33.6;33.2;33.2
2026-07-09T08:15:00.000Z,15,48,26,33.0;33.7;33.4;33.3;32.9;33.5;33.5;32.8;32.7;33.9;33.2;33.7;33.2;33.0;33.1
2026-07-09T08:30:00.000Z,15,299,224,33.2;33.3;33.2;32.7;32.9;33.4;33.1;33.7;33.0;33.4;33.0;33.3;33.2;33.1;33.0
2026-07-09T08:45:00.000Z,15,45,69,33.3;33.3;32.9;32.7;33.4;33.6;33.3;32.8;33.8;33.0;33.4;33.4;33.1;32.8;32.9
2026-07-09T09:00:00.000Z,15,45,8,33.1;33.3;32.3;33.4;33.1;33.5;33.1;33.2;32.9;33.8;33.1;33.3;33.5;33.3;33.0
2026-07-09T09:15:00.000Z,15,613,721,33.2;33.7;32.9;33.6;33.4;32.9;32.9;32.8;32.8;32.8;34.0;33.1;33.3;32.8;32.5
2026-07-09T09:30:00.000Z,15,15,2,32.9;33.7;33.3;32.5;33.7;33.1;33.0;33.9;32.8;32.7;33.6;32.8;33.4;32.3;33.1
2026-07-09T09:45:00.000Z,15,31,74,33.2;32.8;33.7;33.7;32.9;33.1;33.1;33.9;33.2;33.4;33.3;33.5;33.0;32.6;33.5
2026-07-09T10:00:00.000Z,15,55,41,32.7;32.8;33.6;32.9;33.3;33.2;34.0;33.4;33.3;33.5;33.9;33.2;32.8;33.7;33.2
2026-07-09T10:15:00.000Z,15,57,74,33.4;33.6;33.5;33.2;32.8;32.9;32.5;33.5;32.6;33.2;32.1;33.3;32.9;32.9;33.2
2026-07-09T10:30:00.000Z,15,176,168,33.6;32.6;33.7;33.1;32.9;33.5;32.9;33.8;32.7;33.3;33.3;33.5;33.0;33.2;32.7
2026-07-09T10:45:00.000Z,15,44,89,33.3;33.1;32.9;33.4;33.2;32.8;33.3;33.6;33.4;33.3;34.1;33.4;33.1;32.8;33.7
2026-07-09T11:00:00.000Z,15,18,5,33.2;33.6;32.9;33.4;33.4;33.3;33.3;33.8;33.1;32.7;32.8;33.1;32.8;33.5;33.4
2026-07-09T11:15:00.000Z,15,57,59,33.6;34.0;33.2;33.5;33.4;33.4;33.6;33.7;33.7;33.3;32.3;33.3;33.1;33.1;33.1
2026-07-09T11:30:00.000Z,15,188,113,33.6;33.4;33.5;32.5;33.4;33.3;33.1;32.9;32.8;32.8;33.0;33.3;32.8;33.8;33.4
2026-07-09T11:45:00.000Z,15,22,21,33.4;32.7;33.2;32.7;33.2;33.4;32.9;33.0;32.5;32.2;32.7;33.4;32.7;33.3;33.0
2026-07-09T12:00:00.000Z,15,274,225,33.4;33.5;33.4;33.4;33.4;33.0;33.9;33.4;33.6;33.7;32.9;33.0;33.0;32.9;33.1
2026-07-09T12:15:00.000Z,15,12,85,32.6;33.9;32.6;33.2;33.3;32.9;33.1;33.0;32.7;33.7;33.0;33.2;32.9;33.3;33.3
2026-07-09T12:30:00.000Z,15,267,259,33.3;33.1;33.5;33.3;34.1;33.2;33.3;32.9;32.9;33.2;34.0;33.2;33.6;33.3;32.7
2026-07-09T12:45:00.000Z,15,5,71,33.2;33.3;33.5;33.7;33.1;33.5;33.6;32.8;33.6;32.4;33.5;33.2;32.9;33.9;32.4
2026-07-09T13:00:00.000Z,15,25,8,32.5;33.0;33.3;33.7;32.8;33.3;33.0;32.9;33.2;34.2;33.6;33.9;33.3;33.4;33.5
2026-07-09T13:15:00.000Z,15,49,90,32.8;33.7;33.2;33.5;33.3;33.7;33.4;33.6;33.2;33.1;33.3;33.5;33.2;33.1;33.4
2026-07-09T13:30:00.000Z,15,1054,537,33.5;33.6;33.2;33.2;33.1;33.3;33.5;33.1;33.4;33.3;33.6;33.1;33.4;33.1;33.0
2026-07-09T13:45:00.000Z,15,60,8,33.5;33.3;32.8;32.2;33.5;32.4;32.9;33.3;33.2;33.7;33.4;32.4;32.9;32.8;33.1
2026-07-09T14:00:00.000Z,15,44,9,33.3;33.4;32.7;33.0;34.0;33.1;33.5;32.9;33.1;33.5;32.9;33.3;32.9;33.0;32.8
2026-07-09T14:15:00.000Z,15,14,65,33.3;32.9;33.0;33.1;33.0;33.0;33.6;33.1;33.1;33.5;33.4;32.9;33.0;33.3;33.1
2026-07-09T14:30:00.000Z,15,9,45,32.2;33.0;33.0;33.4;32.9;33.1;32.8;33.4;33.3;32.4;32.7;32.1;33.1;33.4;33.4
2026-07-09T14:45:00.000Z,15,51,52,33.5;33.2;32.6;33.3;33.9;32.6;33.0;33.1;33.4;32.8;33.2;33.1;33.3;34.2;33.1
2026-07-09T15:00:00.000Z,15,40,82,33.7;33.2;33.5;33.7;33.8;34.0;33.6;33.0;33.5;33.3;33.7;33.0;33.7;33.3;33.9
2026-07-09T15:15:00.000Z,15,53,46,33.5;33.7;32.8;32.8;33.1;32.8;33.2;33.3;33.1;33.2;33.8;33.5;33.3;33.0;32.4
2026-07-09T15:30:00.000Z,15,1093,608,33.3;33.0;33.2;33.0;32.8;33.7;33.7;33.6;33.4;32.4;33.0;33.6;33.5;34.0;33.4
2026-07-09T15:45:00.000Z,15,52,12,33.5;33.4;33.0;33.5;33.2;32.6;32.9;32.9;33.5;33.2;32.9;33.6;33.5;33.3;33.6
2026-07-09T16:00:00.000Z,15,54,0,33.5;33.1;33.1;33.0;33.5;32.7;32.9;32.6;33.1;32.8;33.5;33.4;33.0;33.2;33.4
2026-07-09T16:15:00.000Z,15,4,78,33.3;32.4;33.3;33.2;33.3;33.0;33.2;33.0;33.3;33.6;32.8;33.3;33.0;33.4;33.1
2026-07-09T16:30:00.000Z,15,149,230,33.2;33.1;33.1;33.5;33.7;33.6;33.2;32.7;33.8;33.0;33.6;33.1;32.7;33.0;33.0
2026-07-09T16:45:00.000Z,15,4,17,33.2;33.1;33.5;33.5;33.2;33.7;33.2;33.2;33.2;32.6;33.6;33.0;33.0;33.3;33.4
2026-07-09T17:00:00.000Z,15,39,6,33.5;33.0;33.0;33.2;32.8;33.8;33.2;33.6;32.9;33.1;33.3;32.9;33.6;32.8;33.3
2026-07-09T17:15:00.000Z,15,31,20,32.9;32.9;33.2;33.7;32.9;32.7;33.2;33.1;33.1;33.0;32.8;32.4;33.4;33.2;33.2
2026-07-09T17:30:00.000Z,15,43,51,33.1;33.4;32.9;33.6;33.4;33.5;33.6;33.3;33.6;32.9;33.2;32.9;32.9;33.1;33.4
2026-07-09T17:45:00.000Z,15,24,8,33.1;33.2;33.4;33.5;33.7;32.9;33.0;34.1;32.9;33.2;33.3;32.8;32.8;33.6;33.1
2026-07-09T18:00:00.000Z,15,30,37,33.6;32.7;33.6;33.4;32.8;32.9;32.7;33.3;32.6;32.8;33.4;33.5;33.6;33.2;33.0
2026-07-09T18:15:00.000Z,15,214,69,33.3;33.5;32.7;33.0;33.7;32.8;33.1;33.5;32.4;33.0;33.0;32.7;32.7;33.4;32.8
2026-07-09T18:30:00.000Z,15,26,57,33.9;32.6;33.4;33.1;32.8;33.3;34.0;33.3;32.9;33.2;33.0;32.9;33.3;33.0;32.6
2026-07-09T18:45:00.000Z,15,48,56,33.3;32.8;33.1;33.8;32.4;32.7;33.7;33.9;33.2;32.9;34.0;33.2;32.7;33.2;33.5
2026-07-09T19:00:00.000Z,15,37,79,32.5;32.9;33.7;33.1;32.8;32.6;32.1;32.9;33.2;33.6;32.8;33.4;33.4;32.9;33.0
2026-07-09T19:15:00.000Z,15,52,90,33.5;33.3;33.3;33.6;32.8;32.6;32.6;33.6;32.7;33.6;32.8;33.0;33.2;33.4;33.5
2026-07-09T19:30:00.000Z,15,26,89,33.6;33.2;32.9;33.1;32.9;33.2;33.1;33.4;32.1;33.6;33.5;33.3;32.9;32.7;32.9
2026-07-09T19:45:00.000Z,15,32,88,33.4;33.7;33.3;33.9;33.0;33.0;33.8;34.2;33.0;33.2;33.4;33.0;34.0;32.6;33.4
2026-07-09T20:00:00.000Z,45,0,0,23.9;24.3;23.9;25.0;23.4;23.8;23.9;23.7;24.1;24.3;23.8;24.0;24.3;24.2;24.2
2026-07-09T20:15:00.000Z,75,0,0,24.2;23.9;23.8;24.3;23.9;24.2;23.2;23.6;24.3;24.5;24.1;23.9;24.3;23.9;24.0
2026-07-09T20:30:00.000Z,100,0,0,23.7;24.0;24.1;23.7;24.3;24.3;24.3;24.2;23.9;24.0;23.7;24.2;23.6;24.0;24.0
2026-07-09T20:45:00.000Z,100,0,0,23.9;23.9;23.9;24.3;23.8;23.7;24.3;24.2;24.6;24.1;24.0;24.5;23.7;23.5;24.3
2026-07-09T21:00:00.000Z,99,852,682,33.4;33.4;33.1;33.4;33.6;32.4;33.6;33.3;33.6;33.1;33.3;32.9;33.3;33.6;33.6
2026-07-09T21:15:00.000Z,98,245,128,33.1;33.1;33.1;33.3;32.9;33.6;33.5;33.8;33.1;33.1;33.0;33.0;33.4;33.3;33.4
2026-07-09T21:30:00.000Z,97,48,68,33.7;32.9;33.1;33.9;32.6;33.3;33.5;33.6;33.5;33.0;33.0;33.1;33.6;32.9;32.9
2026-07-09T21:45:00.000Z,96,1096,503,32.8;32.9;33.5;33.4;32.8;33.2;32.6;33.3;33.4;33.2;33.6;33.2;33.4;33.2;34.0
2026-07-09T22:00:00.000Z,95,15,54,33.0;33.5;33.5;33.1;33.1;32.5;33.0;33.6;33.4;33.4;33.6;33.3;33.7;33.2;33.5
2026-07-09T22:15:00.000Z,95,32,47,32.7;33.4;33.4;33.1;33.7;33.1;33.0;33.4;33.2;33.7;33.0;33.8;33.0;32.9;33.4
2026-07-09T22:30:00.000Z,94,991,608,32.9;33.0;33.5;33.5;33.0;33.6;32.9;32.6;32.7;33.0;33.8;33.4;32.7;33.5;33.0
2026-07-09T22:45:00.000Z,93,269,276,32.5;32.9;33.1;33.5;33.0;33.0;33.2;33.4;33.1;32.7;32.5;33.6;32.6;33.5;33.2
2026-07-09T23:00:00.000Z,92,0,0,34.1;34.5;34.2;34.7;35.0;34.3;34.1;34.4;34.2;34.9;34.1;33.9;33.7;34.2;34.5
2026-07-09T23:15:00.000Z,91,0,0,34.6;34.5;33.9;34.1;34.2;34.1;34.7;34.7;33.8;34.7;34.1;34.3;34.1;34.1;34.1
2026-07-09T23:30:00.000Z,90,0,0,34.2;34.4;34.5;34.2;34.4;34.3;33.8;34.0;34.0;34.1;34.1;34.4;34.8;34.1;34.6
2026-07-09T23:45:00.000Z,89,0,0,34.2;34.5;34.8;34.1;33.9;34.1;34.7;33.2;34.6;33.8;34.7;33.8;34.5;33.8;34.4
2026-07-10T00:00:00.000Z,88,2,7,33.7;33.8;34.3;34.5;34.6;34.4;33.5;34.5;34.1;33.8;33.6;34.6;34.1;34.2;34.7
2026-07-10T00:15:00.000Z,87,12,27,34.5;34.4;33.8;34.0;33.8;34.6;34.2;34.7;34.2;34.8;34.4;33.9;34.9;34.0;34.3
2026-07-10T00:30:00.000Z,86,0,0,34.7;34.0;34.5;34.0;34.2;33.7;34.2;34.5;34.3;33.6;34.2;34.0;34.2;34.1;33.9
2026-07-10T00:45:00.000Z,86,0,0,34.3;34.0;33.9;34.2;33.9;35.0;34.2;34.1;34.5;34.0;34.5;34.1;33.8;34.0;34.7
2026-07-10T01:00:00.000Z,85,12,13,33.9;34.7;34.5;34.0;33.8;34.7;34.3;34.1;33.6;33.8;34.2;34.2;33.9;34.7;34.7
2026-07-10T01:15:00.000Z,84,7,3,34.4;34.4;34.6;34.5;34.0;33.5;34.6;33.9;34.1;34.2;34.1;34.1;34.2;34.0;33.8
2026-07-10T01:30:00.000Z,83,0,0,34.4;33.9;34.0;34.8;34.1;33.7;34.1;34.4;34.0;33.7;33.5;34.7;34.0;34.2;34.1
2026-07-10T01:45:00.000Z,82,12,13,34.2;34.7;34.8;34.5;34.7;33.9;34.2;33.9;33.8;34.1;33.6;34.1;34.4;33.9;34.0
2026-07-10T02:00:00.000Z,81,8,14,34.1;34.1;34.3;35.1;34.2;34.9;33.5;34.1;34.3;34.3;33.9;34.2;33.6;33.7;33.8
2026-07-10T02:15:00.000Z,80,0,0,33.7;34.1;34.4;34.2;34.6;34.4;33.9;34.0;34.0;34.3;34.3;34.2;33.9;33.3;34.2
2026-07-10T02:30:00.000Z,79,12,12,34.0;34.2;34.2;34.0;34.7;34.6;34.6;33.9;34.6;34.1;34.0;33.8;34.0;34.0;34.3
2026-07-10T02:45:00.000Z,78,0,0,34.1;34.6;33.6;34.3;34.0;33.7;33.9;34.5;34.1;34.5;34.4;34.0;34.3;34.4;34.6
2026-07-10T03:00:00.000Z,77,10,29,34.6;34.4;34.3;34.4;34.2;34.1;34.2;34.2;34.8;34.3;33.7;34.4;34.8;34.2;33.6
2026-07-10T03:15:00.000Z,77,0,0,34.0;34.5;34.2;33.8;34.2;34.4;34.0;34.6;34.4;33.7;34.2;34.1;34.7;34.6;34.6
2026-07-10T03:30:00.000Z,76,0,0,34.0;34.4;34.2;33.9;34.3;33.8;33.6;34.1;34.8;34.1;34.3;33.5;34.4;34.3;34.2
2026-07-10T03:45:00.000Z,75,2,6,34.1;34.2;34.5;34.2;34.0;34.4;34.4;33.5;34.1;34.3;34.1;34.5;34.0;34.7;34.0
2026-07-10T04:00:00.000Z,74,0,0,33.9;34.0;33.8;34.0;33.7;33.9;33.8;34.8;34.1;33.9;34.5;33.7;34.6;34.1;34.3
2026-07-10T04:15:00.000Z,73,4,0,34.0;34.3;34.1;33.8;34.1;34.4;35.0;34.4;33.8;34.8;34.0;33.5;34.2;34.5;34.3
2026-07-10T04:30:00.000Z,72,0,0,34.5;34.6;34.6;34.2;34.5;34.3;33.7;33.8;34.8;34.2;34.2;34.1;33.5;34.0;33.8
2026-07-10T04:45:00.000Z,71,7,6,34.5;34.5;34.7;34.3;34.7;34.7;33.9;34.4;33.9;35.0;34.6;34.6;33.8;34.6;34.0
2026-07-10T05:00:00.000Z,70,0,0,34.7;34.4;34.0;34.2;34.5;34.3;34.0;34.4;34.1;33.9;34.1;33.8;34.1;34.0;34.0
2026-07-10T05:15:00.000Z,69,7,19,34.3;34.6;34.0;33.8;33.9;34.4;34.0;33.8;34.3;34.1;33.4;34.1;34.3;33.9;34.3
2026-07-10T05:30:00.000Z,68,0,0,34.1;33.9;33.8;33.9;33.9;34.0;34.1;33.8;34.3;34.2;34.6;34.1;34.3;34.7;35.0
2026-07-10T05:45:00.000Z,68,3,40,34.5;34.3;34.6;33.7;34.4;34.8;34.8;34.6;34.7;33.5;34.2;35.3;33.8;34.4;34.0
2026-07-10T06:00:00.000Z,67,8,40,34.9;34.3;34.2;34.6;33.9;34.9;33.5;34.4;33.6;34.9;34.3;34.3;34.4;34.2;33.6
2026-07-10T06:15:00.000Z,66,4,27,33.8;34.3;34.0;35.2;34.3;34.0;34.7;34.0;34.5;34.1;34.0;34.2;34.0;34.3;34.0
2026-07-10T06:30:00.000Z,65,2,35,33.9;34.1;34.7;34.3;33.8;34.5;33.9;34.0;33.8;34.0;34.2;34.0;34.1;34.5;34.0
2026-07-10T06:45:00.000Z,64,0,0,34.4;34.3;33.8;33.8;34.3;34.3;34.1;33.6;34.4;34.3;34.2;34.1;34.5;33.6;34.4
2026-07-10T07:00:00.000Z,63,577,762,32.6;33.6;33.6;33.4;33.2;33.1;32.6;32.3;32.8;33.7;33.1;33.4;33.9;33.2;33.7
2026-07-10T07:15:00.000Z,62,10,62,32.4;32.5;32.9;33.4;33.1;33.0;33.6;33.6;33.4;33.5;33.0;33.5;33.3;33.1;33.6
2026-07-10T07:30:00.000Z,61,33,55,33.1;33.2;33.0;33.5;33.1;32.6;32.9;33.0;33.2;33.7;33.5;34.0;32.8;33.1;33.3
2026-07-10T07:45:00.000Z,60,342,239,33.4;33.2;32.8;33.4;33.3;33.0;33.0;33.7;33.0;33.2;33.0;33.1;33.5;33.0;32.9
2026-07-10T08:00:00.000Z,59,234,65,33.6;32.7;33.5;33.4;33.1;33.6;33.5;33.0;33.2;33.6;32.7;33.7;33.1;33.4;33.3
2026-07-10T08:15:00.000Z,59,134,233,33.1;33.4;33.1;33.2;33.2;33.7;33.9;33.1;33.5;33.8;33.7;33.1;33.6;33.8;32.6
2026-07-10T08:30:00.000Z,58,21,34,33.4;33.4;33.2;33.1;33.3;32.5;32.6;32.8;33.0;33.6;33.2;33.4;33.4;33.4;33.8
2026-07-10T08:45:00.000Z,57,313,147,33.0;34.0;32.9;32.8;33.5;33.6;33.1;33.5;33.3;33.2;32.4;32.8;32.6;33.5;32.9
2026-07-10T09:00:00.000Z,56,229,242,33.2;33.4;33.6;33.8;32.9;33.1;32.9;33.3;33.5;33.0;33.6;33.4;33.1;33.1;33.3
2026-07-10T09:15:00.000Z,55,14,48,32.6;32.8;32.8;33.1;33.0;33.5;32.8;33.6;33.1;33.0;33.9;33.5;33.0;32.7;33.4
2026-07-10T09:30:00.000Z,54,50,15,33.4;33.4;33.0;33.4;33.7;33.9;33.0;33.7;32.9;32.8;32.4;33.5;33.5;32.5;33.2
2026-07-10T09:45:00.000Z,53,4,72,33.0;33.5;33.3;33.5;33.7;32.8;32.8;33.1;32.8;33.3;33.1;32.8;33.5;33.2;33.5
2026-07-10T10:00:00.000Z,52,53,12,33.0;34.2;33.3;33.1;33.1;33.3;33.4;33.3;33.4;32.9;33.2;33.2;33.0;33.0;33.4
2026-07-10T10:15:00.000Z,51,25,31,33.2;33.9;33.7;33.6;33.3;33.1;32.8;33.5;33.5;33.6;33.4;33.3;32.6;33.6;33.4
2026-07-10T10:30:00.000Z,50,59,58,33.3;33.4;33.0;33.6;33.3;33.5;33.8;32.9;33.5;33.0;33.0;33.6;32.9;33.3;33.8
2026-07-10T10:45:00.000Z,50,5,38,32.7;33.4;33.1;32.9;33.8;32.7;32.9;33.0;33.5;32.9;32.5;33.4;32.9;32.9;33.7
2026-07-10T11:00:00.000Z,49,25,32,32.8;33.0;33.4;32.9;33.0;33.0;33.6;33.6;33.4;33.7;33.6;33.3;33.6;32.7;33.0
2026-07-10T11:15:00.000Z,48,54,82,33.2;33.0;32.9;33.6;32.9;33.2;34.0;33.2;32.9;33.6;33.6;32.3;33.3;33.0;33.4
2026-07-10T11:30:00.000Z,47,24,88,33.0;32.7;33.3;33.2;33.0;32.9;33.0;32.8;32.8;33.1;33.8;33.4;33.3;33.4;33.3
2026-07-10T11:45:00.000Z,46,53,2,32.9;33.3;33.3;33.6;33.6;33.4;32.1;32.7;33.1;33.2;32.6;32.4;33.6;32.9;33.4
2026-07-10T12:00:00.000Z,45,155,273,32.9;33.3;32.8;32.7;32.8;33.1;33.2;33.4;33.1;33.0;33.4;33.4;33.3;33.3;32.7
2026-07-10T12:15:00.000Z,44,162,234,33.3;33.0;33.3;33.3;33.7;33.0;33.5;33.1;33.4;32.9;33.5;33.6;33.5;33.6;32.7
2026-07-10T12:30:00.000Z,43,16,4,32.9;33.6;33.4;33.1;32.6;33.1;33.9;33.8;33.9;33.2;33.3;33.1;33.6;33.1;33.1
2026-07-10T12:45:00.000Z,42,235,285,32.9;33.3;32.9;32.8;33.6;33.2;33.5;33.3;33.1;33.0;33.7;33.3;33.1;33.1;33.2
2026-07-10T13:00:00.000Z,41,34,26,33.3;32.9;33.0;33.4;33.0;33.2;33.1;32.9;33.4;33.2;32.4;33.5;33.4;33.4;33.4
2026-07-10T13:15:00.000Z,41,2,43,33.5;32.8;33.3;32.5;32.2;33.8;33.1;33.4;32.9;33.3;33.0;33.0;32.8;33.3;33.3
2026-07-10T13:30:00.000Z,40,1381,492,33.1;33.1;32.9;33.3;33.3;32.8;33.3;32.8;32.9;33.0;32.9;33.4;33.6;33.3;33.1
2026-07-10T13:45:00.000Z,39,8,73,33.4;33.5;33.2;32.3;33.6;33.5;33.4;33.5;32.9;32.7;33.0;33.1;33.5;33.2;33.3
2026-07-10T14:00:00.000Z,38,42,9,33.2;33.8;33.0;33.2;33.8;33.3;33.0;32.4;33.5;32.9;32.7;33.3;33.3;33.6;33.1
2026-07-10T14:15:00.000Z,37,90,250,33.2;33.8;33.8;33.1;33.3;32.9;32.5;33.0;33.3;32.7;33.7;33.3;33.5;33.8;33.0
2026-07-10T14:30:00.000Z,36,352,298,33.1;33.3;33.1;33.8;33.2;33.2;33.3;33.4;33.5;33.2;33.3;32.8;33.3;33.1;32.6
2026-07-10T14:45:00.000Z,35,28,15,32.9;33.2;33.6;33.3;32.5;32.7;32.7;32.9;33.1;33.1;33.9;33.2;33.4;33.3;33.2
2026-07-10T15:00:00.000Z,34,907,628,33.3;33.2;32.7;32.8;33.0;33.3;33.1;32.6;33.8;33.1;33.4;33.5;32.9;33.7;33.1
2026-07-10T15:15:00.000Z,33,50,21,32.9;33.0;33.3;33.4;32.7;33.4;33.5;33.0;32.9;33.3;33.0;33.6;33.7;33.8;32.7
2026-07-10T15:30:00.000Z,32,10,62,33.4;33.3;33.3;33.4;33.5;32.8;33.4;32.7;33.2;33.3;33.0;33.2;33.1;33.0;33.8
2026-07-10T15:45:00.000Z,32,316,108,33.2;33.2;33.2;33.4;33.1;34.0;33.2;32.5;32.9;33.0;33.9;33.0;33.2;33.3;32.7
2026-07-10T16:00:00.000Z,31,8,53,33.6;33.8;33.0;32.9;33.6;33.0;33.1;33.4;33.7;32.7;33.7;33.6;32.6;33.0;32.5
2026-07-10T16:15:00.000Z,30,176,133,33.3;33.1;33.8;33.3;33.1;33.5;33.1;33.0;33.3;32.8;33.0;33.1;32.8;33.4;33.6
2026-07-10T16:30:00.000Z,29,39,42,33.8;33.4;33.5;33.4;32.8;33.3;32.7;33.6;33.6;33.0;33.5;33.8;32.8;33.2;33.6
2026-07-10T16:45:00.000Z,28,10,62,33.0;33.6;33.5;33.4;32.8;33.4;33.5;33.2;33.5;32.8;33.4;32.9;32.7;33.1;33.4
2026-07-10T17:00:00.000Z,27,58,12,32.9;33.9;33.3;32.8;33.1;33.0;33.2;33.2;33.0;33.3;33.6;33.4;33.2;33.4;33.0
2026-07-10T17:15:00.000Z,26,391,208,32.8;33.6;33.6;33.0;33.1;33.4;33.2;33.3;33.3;33.5;32.9;33.0;33.1;32.6;33.0
2026-07-10T17:30:00.000Z,25,386,150,32.7;33.6;33.3;33.3;33.4;33.3;33.0;32.9;33.0;33.0;33.2;33.0;33.3;32.7;33.7
2026-07-10T17:45:00.000Z,24,20,47,33.5;32.7;32.9;32.8;33.2;33.6;33.5;32.7;33.3;33.2;33.3;33.1;33.1;32.8;33.0
2026-07-10T18:00:00.000Z,23,60,22,33.6;33.0;32.7;33.5;32.9;32.8;33.9;33.1;33.8;32.5;33.5;32.8;33.1;33.1;33.2
2026-07-10T18:15:00.000Z,23,908,337,33.2;33.2;33.8;32.7;33.4;32.7;33.6;32.7;33.0;33.1;33.2;33.7;33.5;32.9;33.2
2026-07-10T18:30:00.000Z,22,383,94,33.3;32.7;33.3;33.4;33.0;32.7;32.7;33.9;33.3;33.0;32.3;33.1;33.2;32.8;33.4
2026-07-10T18:45:00.000Z,21,19,43,33.2;33.1;33.0;33.1;33.0;33.6;33.3;33.5;33.3;32.3;33.5;33.3;33.3;33.7;33.5
2026-07-10T19:00:00.000Z,20,656,411,32.5;33.4;33.2;33.3;32.7;32.8;33.0;33.2;32.7;33.4;33.3;33.2;33.0;33.7;33.3
2026-07-10T19:15:00.000Z,19,41,1,33.6;32.9;33.4;32.8;32.8;33.5;32.8;33.8;33.9;33.5;32.6;32.9;33.5;32.8;32.6
2026-07-10T19:30:00.000Z,18,59,11,33.5;32.7;33.6;33.3;33.4;32.6;33.6;33.1;33.8;33.5;33.2;32.7;33.6;33.2;33.5
2026-07-10T19:45:00.000Z,17,48,21,32.6;33.3;33.5;33.1;33.1;32.7;32.9;33.2;33.8;33.3;33.7;32.9;33.7;33.4;33.4
2026-07-10T20:00:00.000Z,16,26,84,32.9;33.2;33.4;32.7;33.4;33.9;33.6;33.2;33.0;33.1;33.2;33.1;33.4;33.7;33.1
2026-07-10T20:15:00.000Z,15,4,0,33.7;33.3;33.6;33.7;33.1;32.9;33.7;33.1;33.3;33.6;33.9;33.0;33.3;33.1;33.5
2026-07-10T20:30:00.000Z,15,26,16,33.0;33.0;32.9;33.3;33.4;33.3;33.2;33.0;32.9;33.1;32.6;33.8;33.2;33.1;33.4
2026-07-10T20:45:00.000Z,15,48,36,32.7;33.7;33.5;33.3;32.9;33.7;32.6;32.6;33.0;33.1;32.8;33.2;33.2;33.3;33.4
2026-07-10T21:00:00.000Z,15,317,264,33.5;33.3;33.6;33.4;33.2;33.0;33.2;32.6;33.9;33.1;33.2;33.5;33.1;32.9;33.5
2026-07-10T21:15:00.000Z,15,53,89,33.2;32.8;32.3;33.0;33.8;33.4;33.3;33.3;33.3;33.2;32.9;33.1;33.6;33.1;33.6
2026-07-10T21:30:00.000Z,15,203,111,33.0;33.5;33.2;33.4;33.0;33.1;33.4;33.6;33.1;32.8;32.5;32.9;33.4;33.2;33.2
2026-07-10T21:45:00.000Z,15,1239,377,33.7;33.4;32.8;33.5;32.8;33.2;33.1;32.8;32.8;32.7;33.3;33.3;33.3;32.9;32.6
2026-07-10T22:00:00.000Z,15,296,146,32.9;33.1;33.7;33.5;33.3;33.0;33.6;32.8;32.8;33.5;33.7;32.8;32.6;33.0;33.6
2026-07-10T22:15:00.000Z,15,88,104,33.8;33.2;33.7;33.1;33.0;33.0;33.1;33.2;32.9;33.2;33.6;32.9;33.0;33.3;33.0
2026-07-10T22:30:00.000Z,15,266,189,33.4;33.2;32.9;33.2;33.4;33.5;33.5;33.3;32.4;33.2;32.7;33.1;33.1;33.3;33.8
2026-07-10T22:45:00.000Z,15,8,86,33.3;32.5;33.0;33.4;33.5;33.4;34.0;33.4;32.9;32.8;33.4;33.3;33.2;33.1;32.6
2026-07-10T23:00:00.000Z,15,0,0,34.6;33.8;34.4;34.3;34.4;34.0;33.9;34.2;34.0;34.7;33.7;34.7;34.6;34.2;34.3
2026-07-10T23:15:00.000Z,15,0,0,33.9;34.1;34.7;34.4;33.7;34.5;34.2;34.6;34.5;34.3;34.8;34.3;33.9;34.3;34.1
2026-07-10T23:30:00.000Z,15,0,0,33.8;34.5;33.9;35.2;34.3;34.7;34.2;33.7;34.4;33.9;34.5;34.6;34.0;34.9;34.2
2026-07-10T23:45:00.000Z,15,0,0,34.8;34.5;34.5;35.2;34.6;33.9;34.2;34.1;33.9;34.7;34.5;34.4;34.0;34.3;34.8
2026-07-11T00:00:00.000Z,15,0,0,34.2;34.7;34.0;34.1;34.2;34.0;33.7;34.4;33.9;34.3;33.8;34.1;34.3;34.4;34.1
2026-07-11T00:15:00.000Z,15,8,38,34.0;34.3;34.1;34.5;34.7;34.6;34.1;34.0;34.1;34.0;34.1;34.4;33.8;33.6;33.8
2026-07-11T00:30:00.000Z,15,0,0,33.8;33.5;34.2;34.0;34.4;33.7;33.8;34.2;34.8;34.5;34.2;34.4;33.9;34.1;33.9
2026-07-11T00:45:00.000Z,15,0,0,34.2;33.4;34.1;34.1;34.4;34.7;34.0;34.6;34.2;33.9;34.3;34.5;33.9;34.8;34.2
2026-07-11T01:00:00.000Z,15,0,0,33.8;34.7;34.2;33.8;34.8;34.4;33.6;34.3;34.7;34.4;34.2;34.1;33.8;34.0;34.5
2026-07-11T01:15:00.000Z,15,0,0,34.4;34.0;34.2;33.9;33.9;34.2;34.0;35.0;34.2;34.2;34.3;33.8;34.1;34.7;34.6
2026-07-11T01:30:00.000Z,15,0,0,33.4;34.1;34.6;34.4;34.2;34.7;34.7;33.9;34.3;34.6;34.0;34.6;34.5;34.8;34.5
2026-07-11T01:45:00.000Z,15,5,17,33.8;34.7;34.7;34.0;34.0;34.4;33.9;34.3;34.3;33.7;34.3;34.0;34.3;33.6;33.7
2026-07-11T02:00:00.000Z,15,0,0,34.0;33.8;34.0;33.8;34.4;33.8;34.0;34.2;34.3;33.7;34.2;34.7;34.6;34.1;34.3
2026-07-11T02:15:00.000Z,15,0,0,34.3;34.1;34.2;34.1;34.0;34.4;33.7;33.8;34.4;33.7;33.9;35.0;34.4;34.1;33.8
2026-07-11T02:30:00.000Z,15,2,8,33.9;34.5;34.2;34.2;34.4;33.3;33.7;34.9;34.2;34.7;34.1;34.7;34.1;34.2;34.1
2026-07-11T02:45:00.000Z,15,0,0,35.0;33.6;34.9;33.9;34.4;34.1;34.6;34.7;33.6;34.0;34.7;33.8;34.8;34.2;34.4
2026-07-11T03:00:00.000Z,15,0,0,34.3;34.5;34.9;34.3;34.5;34.3;34.1;34.0;34.1;34.0;34.8;34.8;34.6;34.0;34.8
2026-07-11T03:15:00.000Z,15,0,0,34.3;33.9;34.1;33.6;33.9;34.3;33.5;33.5;34.2;33.9;34.0;33.4;34.4;34.3;34.4
2026-07-11T03:30:00.000Z,15,11,4,34.4;35.0;34.1;34.0;34.4;34.6;33.6;34.9;34.4;34.6;33.6;34.3;34.1;34.3;34.2
2026-07-11T03:45:00.000Z,15,9,5,33.9;33.9;33.9;34.3;34.4;33.9;34.2;34.2;34.2;34.1;34.0;34.4;34.0;33.8;34.5
2026-07-11T04:00:00.000Z,15,0,0,34.6;34.2;34.5;34.3;34.4;34.4;34.2;34.7;34.5;34.2;34.0;34.4;34.5;34.1;33.7
2026-07-11T04:15:00.000Z,15,0,0,34.4;34.1;34.7;34.2;34.8;34.2;33.9;33.8;34.9;34.3;33.8;34.5;34.4;34.2;34.5
2026-07-11T04:30:00.000Z,15,0,0,33.8;34.0;34.4;34.3;34.2;33.9;34.2;34.4;34.2;33.7;34.2;34.3;34.0;34.3;34.2
2026-07-11T04:45:00.000Z,15,3,21,34.5;34.0;34.5;34.6;34.3;34.4;34.1;34.1;34.8;33.8;33.8;33.7;34.3;34.2;34.7
2026-07-11T05:00:00.000Z,15,1,15,34.4;34.4;34.1;33.7;34.4;34.7;34.1;34.3;34.1;34.4;34.6;34.7;34.3;34.0;34.3
2026-07-11T05:15:00.000Z,15,5,24,34.1;34.8;34.4;34.1;34.4;33.8;34.2;34.1;34.0;34.2;33.7;34.0;34.6;34.1;33.8
2026-07-11T05:30:00.000Z,15,0,0,34.7;34.3;33.7;34.5;34.2;34.6;34.0;34.1;33.8;34.7;33.6;34.6;33.7;34.6;34.4
2026-07-11T05:45:00.000Z,15,0,0,34.1;34.7;34.8;34.1;33.7;34.1;35.0;33.9;34.2;34.5;34.2;34.1;34.3;34.1;34.2
2026-07-11T06:00:00.000Z,15,0,0,33.6;34.3;33.8;34.2;34.1;34.4;33.8;34.1;33.8;34.7;34.4;34.5;34.3;34.2;33.9
2026-07-11T06:15:00.000Z,15,6,5,33.8;34.4;33.7;34.6;34.5;34.3;34.2;34.6;34.1;34.2;33.8;33.9;34.2;33.9;33.9
2026-07-11T06:30:00.000Z,15,10,30,34.3;34.4;34.7;34.3;35.0;33.8;34.1;34.1;33.7;34.2;33.9;33.7;34.2;34.0;34.5
2026-07-11T06:45:00.000Z,15,7,8,34.3;34.3;34.0;34.3;34.5;34.3;34.6;34.6;34.0;33.8;34.5;33.5;34.4;34.6;34.1
2026-07-11T07:00:00.000Z,15,30,46,33.8;32.4;33.5;32.8;33.3;33.1;33.8;33.3;32.7;32.9;33.3;33.5;33.7;33.6;33.4
2026-07-11T07:15:00.000Z,15,1209,386,33.4;32.9;32.9;32.8;33.2;33.7;33.2;33.4;33.1;33.5;32.9;33.0;33.1;33.3;33.1
2026-07-11T07:30:00.000Z,15,33,26,32.9;33.4;33.1;33.3;33.1;33.4;33.5;33.3;33.2;33.3;33.0;32.7;32.7;33.6;33.6
2026-07-11T07:45:00.000Z,15,8,70,34.2;33.6;32.9;33.4;33.2;33.1;33.2;32.9;33.4;33.0;32.8;33.3;32.8;33.2;33.6
2026-07-11T08:00:00.000Z,15,5,39,32.7;33.1;33.3;33.3;32.8;32.8;33.4;32.5;33.7;33.7;32.9;32.9;33.4;33.0;33.3
2026-07-11T08:15:00.000Z,15,34,31,32.7;32.9;34.3;33.3;33.2;33.1;32.9;32.8;33.4;33.0;33.0;33.5;33.3;33.3;32.4
2026-07-11T08:30:00.000Z,15,163,278,33.5;33.5;33.2;33.2;33.1;32.8;32.4;33.2;33.4;33.1;33.6;33.5;32.9;32.9;33.5
2026-07-11T08:45:00.000Z,15,256,111,33.6;33.4;32.4;33.4;33.1;33.3;33.7;33.3;33.2;33.3;33.3;32.4;33.2;32.8;33.2
2026-07-11T09:00:00.000Z,15,386,96,33.3;32.7;33.4;32.8;33.6;32.9;33.3;33.1;33.4;32.7;33.0;33.2;32.9;33.5;33.4
2026-07-11T09:15:00.000Z,15,33,57,33.3;32.8;33.1;33.0;33.5;33.1;33.7;33.0;32.8;33.4;33.2;33.5;33.4;32.9;32.6
2026-07-11T09:30:00.000Z,15,136,66,33.2;33.5;34.0;33.1;33.8;33.1;33.1;33.9;33.2;32.8;32.9;32.6;33.2;32.6;33.8
2026-07-11T09:45:00.000Z,15,23,79,32.9;32.5;33.7;33.5;32.8;33.6;33.0;33.0;33.1;32.7;33.6;33.5;33.6;33.3;33.4
2026-07-11T10:00:00.000Z,15,58,49,33.6;33.5;32.3;33.0;33.2;32.7;33.1;33.3;33.5;33.2;33.4;33.3;33.1;33.6;33.8
2026-07-11T10:15:00.000Z,15,33,4,33.6;32.8;33.3;33.2;33.4;32.9;33.3;33.7;33.3;33.2;33.0;33.0;33.5;33.1;32.9
2026-07-11T10:30:00.000Z,15,41,21,32.9;33.2;33.2;33.2;32.8;33.3;32.9;33.2;33.2;33.3;33.2;32.4;32.9;33.3;33.0
2026-07-11T10:45:00.000Z,15,317,87,32.8;33.1;33.0;33.1;33.6;33.2;33.0;33.2;34.0;33.9;33.4;33.1;33.0;32.7;33.6
2026-07-11T11:00:00.000Z,15,60,13,32.9;32.9;33.2;33.8;33.5;33.3;32.9;32.8;33.0;33.2;32.8;33.6;33.7;33.4;33.0
2026-07-11T11:15:00.000Z,15,56,65,33.8;32.9;33.5;33.4;32.7;33.1;32.9;32.9;33.7;33.6;32.8;32.4;33.2;34.0;33.3
2026-07-11T11:30:00.000Z,15,25,59,33.4;33.7;33.0;33.0;33.0;33.2;32.7;33.0;33.4;33.6;32.8;33.4;33.2;33.2;33.0
2026-07-11T11:45:00.000Z,15,1150,884,33.3;32.6;33.5;32.6;33.4;33.1;32.8;32.5;33.6;32.9;32.9;33.8;33.1;33.1;33.6
2026-07-11T12:00:00.000Z,15,197,192,33.9;33.4;33.1;32.7;33.3;33.7;33.6;32.9;33.1;33.2;33.7;33.4;33.6;33.7;33.4
2026-07-11T12:15:00.000Z,15,147,93,33.3;33.4;33.4;32.8;33.3;32.9;33.7;33.2;33.4;33.2;33.9;33.5;33.3;33.4;32.8
2026-07-11T12:30:00.000Z,15,11,80,32.7;33.1;34.1;33.0;32.7;32.8;33.0;33.6;32.8;32.9;32.8;33.0;33.0;33.1;33.5
2026-07-11T12:45:00.000Z,15,928,384,33.5;33.7;32.2;33.1;33.1;32.9;33.1;32.9;33.2;33.0;33.1;33.5;33.1;32.6;33.7
2026-07-11T13:00:00.000Z,15,30,70,33.7;33.6;32.9;32.9;32.8;33.8;33.2;33.0;33.2;33.2;32.6;33.0;32.8;32.9;33.2
2026-07-11T13:15:00.000Z,15,14,86,33.2;33.4;33.1;33.4;34.1;33.2;33.0;33.5;33.4;33.5;32.8;32.5;32.9;33.0;33.4
2026-07-11T13:30:00.000Z,15,55,80,33.1;33.2;33.2;33.2;33.3;33.6;33.6;33.3;33.6;33.2;33.3;32.7;33.0;32.8;32.9
2026-07-11T13:45:00.000Z,15,284,85,33.4;33.6;33.5;33.3;33.2;33.6;33.4;33.4;33.3;33.4;33.6;32.6;32.6;33.0;33.4
2026-07-11T14:00:00.000Z,15,13,37,33.6;33.3;33.5;32.7;33.3;33.5;33.5;33.0;33.2;33.1;33.6;33.0;33.1;33.3;33.7
2026-07-11T14:15:00.000Z,15,4,33,33.3;33.4;33.6;33.7;32.9;33.9;32.9;33.5;32.7;33.7;33.4;33.2;33.5;33.5;33.0
2026-07-11T14:30:00.000Z,15,49,39,32.7;33.4;33.5;33.2;32.8;34.1;32.8;33.3;33.3;33.1;33.8;33.4;33.1;33.0;33.9
2026-07-11T14:45:00.000Z,15,270,192,33.7;33.1;32.7;33.3;33.7;32.6;33.2;34.3;33.7;33.1;33.4;33.2;32.8;33.0;32.8
2026-07-11T15:00:00.000Z,15,8,29,33.4;33.2;33.3;33.4;33.2;33.6;33.0;33.5;33.1;32.8;33.4;33.3;33.2;32.8;33.3
2026-07-11T15:15:00.000Z,15,20,14,33.5;32.7;33.2;32.9;32.7;32.9;33.6;33.2;33.1;33.5;33.2;33.5;32.9;33.0;33.2
2026-07-11T15:30:00.000Z,15,15,38,33.5;33.0;32.8;33.4;32.8;33.1;34.1;33.4;33.2;33.4;32.8;33.3;33.0;33.3;32.7
2026-07-11T15:45:00.000Z,15,672,873,33.8;33.0;32.6;33.2;32.7;33.6;33.3;32.9;32.6;33.5;33.2;32.8;33.1;33.4;33.5
2026-07-11T16:00:00.000Z,15,18,40,33.5;33.9;33.0;33.0;33.6;33.8;33.3;33.5;32.9;32.6;33.2;33.5;33.2;33.2;32.5
2026-07-11T16:15:00.000Z,15,15,27,33.7;33.5;32.9;33.8;33.5;33.0;33.0;33.3;33.5;33.8;33.0;33.3;33.8;33.7;33.2
2026-07-11T16:30:00.000Z,15,60,36,33.3;32.9;33.1;33.2;32.3;33.4;33.5;32.8;33.1;33.4;33.2;33.5;33.6;33.6;33.8
2026-07-11T16:45:00.000Z,15,175,229,32.9;33.5;33.3;33.5;32.6;32.9;33.4;33.2;33.1;33.1;33.3;33.1;33.0;32.9;33.2
2026-07-11T17:00:00.000Z,15,12,38,33.8;33.1;33.9;33.2;33.3;32.7;33.0;34.2;33.1;33.2;33.9;33.4;33.4;33.3;33.0
2026-07-11T17:15:00.000Z,15,3,35,33.4;32.9;32.5;32.9;33.1;33.6;33.4;32.9;32.8;33.3;32.8;33.5;33.1;32.9;32.6
2026-07-11T17:30:00.000Z,15,32,64,32.7;33.1;33.4;33.5;33.5;33.2;33.6;33.5;33.4;32.9;32.9;33.5;33.3;33.8;32.8
2026-07-11T17:45:00.000Z,15,1372,486,33.7;33.3;33.1;32.9;33.1;33.2;33.2;33.1;33.5;33.0;33.2;33.3;32.9;33.3;32.8
2026-07-11T18:00:00.000Z,15,37,32,33.3;33.6;33.3;33.2;33.2;32.8;32.8;33.4;33.7;33.2;33.1;33.5;33.3;33.2;32.5
2026-07-11T18:15:00.000Z,15,259,204,33.5;32.8;32.5;32.9;33.4;33.0;33.3;33.3;33.1;32.9;33.0;33.2;32.8;33.5;33.2
2026-07-11T18:30:00.000Z,15,41,79,32.4;33.6;34.1;33.7;32.9;33.0;32.3;33.4;32.9;33.4;33.7;32.7;33.6;33.0;33.2
2026-07-11T18:45:00.000Z,15,31,90,33.5;33.8;33.6;33.3;33.5;32.8;33.1;32.8;32.8;33.0;33.2;33.0;34.0;33.2;33.0
2026-07-11T19:00:00.000Z,15,33,45,33.0;32.5;33.4;33.1;32.4;32.8;33.7;33.4;32.7;33.5;33.0;33.3;33.7;33.2;33.1
2026-07-11T19:15:00.000Z,15,273,194,33.4;33.1;33.4;32.6;33.2;32.8;33.1;32.9;33.6;33.2;32.9;33.3;32.8;33.8;32.8
2026-07-11T19:30:00.000Z,15,39,24,33.7;33.1;32.8;33.3;33.3;33.2;33.4;33.2;32.9;33.0;33.8;33.4;33.0;32.7;34.1
2026-07-11T19:45:00.000Z,15,57,4,33.2;32.7;33.4;32.8;33.1;32.9;33.5;32.9;32.9;32.5;33.4;33.4;33.1;32.7;33.1
2026-07-11T20:00:00.000Z,45,0,0,24.2;23.3;23.6;24.4;23.0;24.2;24.3;24.4;23.8;24.1;23.6;24.1;24.2;24.2;24.1
2026-07-11T20:15:00.000Z,75,0,0,24.1;23.9;23.6;23.7;24.2;23.4;24.0;23.9;23.5;24.1;23.4;23.8;23.7;24.0;24.4
2026-07-11T20:30:00.000Z,100,0,0,24.1;24.4;23.6;23.6;24.4;24.7;23.5;24.0;23.6;24.4;24.9;24.2;23.9;24.2;24.1
2026-07-11T20:45:00.000Z,100,0,0,24.3;23.7;23.8;23.9;24.0;24.0;24.6;23.7;23.9;23.5;24.1;23.4;24.0;23.5;23.7
2026-07-11T21:00:00.000Z,99,40,78,33.4;32.7;33.2;33.7;33.2;33.5;33.2;33.8;32.9;33.4;33.3;33.6;32.9;34.1;33.0
2026-07-11T21:15:00.000Z,98,1068,741,32.8;33.3;33.4;32.5;33.5;32.9;33.6;33.2;32.8;33.2;33.2;33.0;33.1;33.0;33.4
2026-07-11T21:30:00.000Z,97,287,177,33.5;33.3;32.7;32.9;33.6;33.7;33.4;33.4;33.4;33.3;32.9;33.3;32.4;32.6;33.0
2026-07-11T21:45:00.000Z,96,28,68,33.1;33.5;33.9;33.5;33.8;33.2;33.6;33.7;33.6;33.7;33.2;33.1;33.3;33.2;32.9
2026-07-11T22:00:00.000Z,95,19,15,32.5;33.4;32.7;33.8;32.9;33.3;33.4;32.9;33.0;33.4;33.1;33.5;32.6;32.6;33.0
2026-07-11T22:15:00.000Z,95,2,34,33.5;33.4;33.9;32.8;33.2;33.0;33.3;33.1;33.6;33.6;32.9;33.1;33.3;32.9;33.1
2026-07-11T22:30:00.000Z,94,8,62,32.4;33.7;33.3;33.8;33.7;33.3;33.4;33.0;32.9;33.3;32.9;33.2;32.2;33.3;33.3
2026-07-11T22:45:00.000Z,93,9,39,32.9;33.7;33.7;33.2;33.0;32.9;33.1;33.4;34.1;33.4;33.5;33.4;33.9;33.9;32.8
2026-07-11T23:00:00.000Z,92,0,0,34.2;33.9;34.0;34.3;34.2;34.2;34.2;34.4;34.6;34.2;33.9;34.0;34.2;33.9;34.4
2026-07-11T23:15:00.000Z,91,0,0,34.0;34.3;34.6;34.2;33.7;33.9;34.3;34.5;34.2;34.3;34.3;33.8;33.2;33.8;33.8
2026-07-11T23:30:00.000Z,90,0,0,34.4;34.8;34.4;33.6;34.0;34.4;34.4;34.3;33.8;34.5;34.0;34.3;34.2;34.6;35.1
2026-07-11T23:45:00.000Z,89,0,0,34.2;34.6;34.0;34.9;33.7;34.2;34.0;34.3;33.7;35.0;33.8;34.5;34.1;34.1;34.1
2026-07-12T00:00:00.000Z,88,0,0,34.3;34.0;34.4;34.0;34.6;34.4;34.7;34.2;34.4;34.6;34.3;34.4;34.6;34.1;33.9
2026-07-12T00:15:00.000Z,87,3,30,34.4;34.2;34.8;34.6;34.0;33.7;33.8;34.4;34.1;33.8;33.4;34.0;34.4;34.5;33.9
2026-07-12T00:30:00.000Z,86,2,23,33.7;34.3;34.4;34.2;34.7;34.0;33.8;34.6;34.2;34.0;33.7;34.1;34.7;34.8;34.6
2026-07-12T00:45:00.000Z,86,12,27,34.7;34.5;34.6;34.0;34.6;34.2;33.8;33.7;34.0;34.0;34.0;34.7;34.4;33.9;34.3
2026-07-12T01:00:00.000Z,85,0,0,34.2;34.1;34.2;34.4;34.6;34.0;34.0;34.0;34.0;33.7;34.6;34.5;34.2;33.6;33.8
2026-07-12T01:15:00.000Z,84,0,0,34.3;34.2;33.8;34.4;33.5;34.6;34.1;34.3;34.2;34.0;34.1;33.8;34.1;34.5;34.3
2026-07-12T01:30:00.000Z,83,1,7,33.9;34.1;34.4;34.9;34.3;33.9;34.8;34.3;34.2;34.6;34.3;34.1;33.9;33.9;33.6
2026-07-12T01:45:00.000Z,82,0,0,34.4;34.8;34.3;33.9;33.8;34.0;34.8;34.7;34.1;34.4;34.1;34.0;34.8;33.9;35.0
2026-07-12T02:00:00.000Z,81,0,0,35.3;34.2;33.4;34.3;34.2;33.8;33.8;34.2;34.3;34.2;34.2;34.2;34.4;33.7;34.4
2026-07-12T02:15:00.000Z,80,9,18,34.2;34.2;33.8;33.9;34.9;34.2;34.2;34.6;34.1;34.1;34.0;34.5;34.2;34.0;33.9
2026-07-12T02:30:00.000Z,79,0,0,33.7;33.8;33.7;34.2;34.2;34.2;34.5;33.5;33.2;34.2;33.6;33.8;34.0;33.6;34.4
2026-07-12T02:45:00.000Z,78,8,38,33.8;34.2;34.3;34.0;34.0;34.1;34.4;33.9;34.6;35.0;33.9;33.7;34.2;33.7;35.0
2026-07-12T03:00:00.000Z,77,0,0,34.5;34.0;34.4;34.4;34.5;34.5;34.3;34.4;34.5;34.3;34.3;34.5;34.2;33.4;34.2
2026-07-12T03:15:00.000Z,77,0,0,33.8;34.0;34.6;34.3;33.7;34.3;34.1;33.9;34.9;34.4;35.2;34.2;34.3;33.8;34.1
2026-07-12T03:30:00.000Z,76,0,0,34.5;34.2;34.5;34.5;33.8;34.3;34.3;34.3;33.3;34.6;34.0;34.8;34.7;33.7;34.1
2026-07-12T03:45:00.000Z,75,0,0,33.8;34.3;34.5;33.9;33.5;34.2;34.3;34.6;34.2;34.4;33.7;34.5;34.2;34.5;34.3
2026-07-12T04:00:00.000Z,74,0,0,34.0;34.0;34.4;34.1;34.1;34.1;33.6;34.6;33.6;34.1;34.0;34.7;33.8;34.4;34.0
2026-07-12T04:15:00.000Z,73,0,0,34.6;34.8;34.0;34.0;34.6;34.3;34.0;34.4;33.9;35.0;33.9;34.6;34.2;33.6;34.7
2026-07-12T04:30:00.000Z,72,0,0,34.2;34.6;34.2;33.9;34.5;33.7;33.9;34.2;34.2;34.1;34.6;34.0;33.6;34.2;35.0
2026-07-12T04:45:00.000Z,71,0,0,34.4;34.9;34.0;34.5;34.0;34.6;34.2;34.0;34.3;33.8;34.1;33.7;34.1;34.2;34.3
2026-07-12T05:00:00.000Z,70,9,33,34.0;34.3;33.9;34.3;34.6;33.8;33.1;34.4;33.9;34.5;34.2;34.7;33.6;34.5;34.3
2026-07-12T05:15:00.000Z,69,0,0,34.1;34.8;34.7;34.3;34.6;33.6;34.4;34.6;34.5;33.7;34.5;34.3;34.1;33.6;33.4
2026-07-12T05:30:00.000Z,68,0,0,34.9;34.6;33.9;34.4;34.2;33.7;33.4;34.3;34.6;34.0;33.6;34.6;34.7;33.7;34.0
2026-07-12T05:45:00.000Z,68,0,0,34.4;34.2;35.0;34.4;34.1;34.0;34.2;34.3;34.2;34.2;33.5;34.0;34.0;34.2;34.1
2026-07-12T06:00:00.000Z,67,10,24,33.5;34.2;34.0;34.6;34.3;34.0;34.5;34.5;34.5;34.0;34.4;34.0;34.5;33.8;34.5
2026-07-12T06:15:00.000Z,66,0,0,34.0;34.1;34.4;34.4;34.4;33.6;34.3;34.2;34.0;34.9;34.6;34.4;34.2;34.3;34.2
2026-07-12T06:30:00.000Z,65,0,0,33.8;34.8;34.2;34.4;34.5;34.2;33.7;34.1;34.5;34.9;34.0;33.9;34.4;34.5;34.2
2026-07-12T06:45:00.000Z,64,0,0,34.0;34.4;34.7;34.3;34.4;34.4;33.6;34.2;34.0;34.4;34.2;34.2;34.3;33.8;33.8
2026-07-12T07:00:00.000Z,63,53,79,32.9;33.8;33.3;33.4;33.7;33.7;32.9;33.8;33.2;33.4;32.4;33.5;33.4;33.1;32.8
2026-07-12T07:15:00.000Z,62,9,5,32.9;32.9;33.3;33.6;32.9;32.9;32.8;33.5;33.1;33.1;33.2;32.6;33.2;33.6;33.2
2026-07-12T07:30:00.000Z,61,51,25,32.8;32.7;33.3;33.6;33.1;33.6;32.9;33.8;33.1;33.4;33.4;32.4;33.5;32.9;33.0
2026-07-12T07:45:00.000Z,60,54,56,33.4;33.3;32.9;33.3;33.2;32.9;33.0;32.8;33.6;33.3;32.8;33.2;32.6;33.1;32.9
2026-07-12T08:00:00.000Z,59,14,8,33.0;33.5;33.8;32.6;33.3;33.6;32.5;33.3;33.8;33.4;33.3;33.5;33.3;33.6;33.4
2026-07-12T08:15:00.000Z,59,24,69,33.0;33.1;33.3;33.4;33.4;32.9;33.0;32.8;33.0;33.7;33.1;32.9;32.9;33.1;33.0
2026-07-12T08:30:00.000Z,58,41,41,33.5;33.1;33.3;32.7;33.2;33.1;33.4;33.2;32.5;32.7;32.6;33.0;33.8;32.9;32.8
2026-07-12T08:45:00.000Z,57,54,61,33.4;32.6;33.1;33.6;33.4;33.2;32.9;33.0;33.5;32.7;32.9;33.5;33.2;33.5;33.4
2026-07-12T09:00:00.000Z,56,26,80,32.9;33.4;33.1;33.6;33.5;33.5;33.6;33.4;33.5;33.3;33.3;33.1;33.1;33.4;33.4
2026-07-12T09:15:00.000Z,55,35,33,33.6;33.0;33.5;32.9;33.1;33.7;33.5;33.8;33.0;33.1;33.3;33.7;33.0;32.9;33.0
2026-07-12T09:30:00.000Z,54,1006,740,32.9;33.7;32.9;32.9;32.7;33.0;33.4;32.9;33.0;33.5;33.1;33.6;33.4;33.0;33.2
2026-07-12T09:45:00.000Z,53,12,41,32.8;32.9;33.1;33.4;33.3;32.6;33.4;33.9;32.8;33.6;32.5;33.0;32.8;32.5;33.3
2026-07-12T10:00:00.000Z,52,22,3,33.0;32.9;33.3;33.4;32.9;33.7;33.1;33.1;33.0;33.2;33.5;32.8;33.3;32.8;33.2
2026-07-12T10:15:00.000Z,51,354,297,32.7;33.5;33.3;32.9;33.5;33.6;32.9;33.3;33.6;33.0;33.0;32.8;33.2;32.8;33.5
2026-07-12T10:30:00.000Z,50,388,256,32.8;33.3;32.9;33.0;34.0;33.6;33.1;33.7;33.3;33.1;33.3;33.2;33.6;33.1;33.3
2026-07-12T10:45:00.000Z,50,308,208,32.8;33.6;33.0;34.0;33.5;33.3;33.2;33.6;33.6;32.7;33.1;33.0;33.0;33.4;33.2
2026-07-12T11:00:00.000Z,49,3,58,32.8;33.1;33.3;33.9;33.2;33.6;33.2;32.9;33.5;34.0;33.5;33.1;33.0;33.0;33.1
2026-07-12T11:15:00.000Z,48,56,31,32.9;32.6;32.9;33.0;32.8;33.1;33.6;33.4;33.1;33.4;33.3;33.8;33.1;32.9;33.0
2026-07-12T11:30:00.000Z,47,11,90,33.1;32.9;33.4;33.5;34.0;33.2;33.1;34.0;33.1;32.4;33.7;33.6;33.1;32.5;33.2
2026-07-12T11:45:00.000Z,46,335,271,32.9;33.9;34.0;32.8;33.3;32.9;32.6;33.8;33.0;33.4;33.4;33.6;33.8;32.8;33.0
2026-07-12T12:00:00.000Z,45,44,38,33.6;33.3;33.2;33.0;33.2;32.8;33.3;33.5;32.9;33.3;33.9;33.4;33.1;33.3;32.8
2026-07-12T12:15:00.000Z,44,51,38,33.2;33.2;33.8;34.2;33.3;33.5;33.2;32.9;33.9;33.6;32.8;33.2;32.9;32.8;33.7
2026-07-12T12:30:00.000Z,43,4,15,33.0;33.7;33.2;33.7;32.7;33.4;33.0;33.6;33.5;33.3;33.2;32.8;33.3;33.4;33.4
2026-07-12T12:45:00.000Z,42,47,78,32.9;33.6;33.1;33.9;33.5;33.4;33.0;33.7;33.2;33.7;32.8;32.7;32.9;33.4;32.7
2026-07-12T13:00:00.000Z,41,34,79,33.2;33.6;33.1;33.2;33.6;33.4;33.4;33.1;33.8;33.4;33.2;33.4;33.5;33.7;33.1
2026-07-12T13:15:00.000Z,41,49,58,32.9;33.8;33.1;33.2;33.2;33.8;33.0;33.1;33.1;33.5;32.8;33.2;32.6;33.2;33.4
2026-07-12T13:30:00.000Z,40,30,16,33.3;33.1;33.1;33.0;33.0;33.2;33.1;33.5;33.2;33.1;32.7;33.4;33.5;33.1;33.0
2026-07-12T13:45:00.000Z,39,30,8,33.1;33.6;33.2;32.8;33.2;32.6;33.3;32.4;33.1;32.9;33.5;32.8;33.0;33.6;33.0
2026-07-12T14:00:00.000Z,38,51,81,33.1;33.4;32.9;33.5;33.6;32.8;33.8;33.4;32.9;33.2;33.2;33.4;33.3;33.8;33.5
2026-07-12T14:15:00.000Z,37,268,156,33.3;33.4;33.1;33.1;33.3;32.9;33.6;33.0;33.0;32.9;33.3;33.0;33.5;33.1;32.7
2026-07-12T14:30:00.000Z,36,43,38,33.1;32.6;33.6;33.0;33.6;33.3;33.3;32.7;33.3;32.3;33.6;33.5;33.4;33.6;33.5
2026-07-12T14:45:00.000Z,35,8,20,33.0;32.6;32.7;33.1;32.9;33.2;32.3;33.0;33.4;33.1;32.9;33.0;32.9;33.6;33.3
2026-07-12T15:00:00.000Z,34,58,39,33.4;32.8;33.1;32.8;33.5;32.9;33.1;33.4;33.0;33.0;32.8;33.7;33.1;33.3;33.5
2026-07-12T15:15:00.000Z,33,218,252,33.2;33.0;32.7;33.8;33.5;33.1;33.2;33.7;33.0;33.4;32.7;33.4;33.4;33.3;33.2
2026-07-12T15:30:00.000Z,32,395,225,33.7;33.1;33.7;33.4;33.6;33.5;32.8;34.0;33.4;33.1;32.7;33.1;33.1;33.4;33.4
2026-07-12T15:45:00.000Z,32,52,58,33.8;33.4;33.8;33.2;33.7;33.5;33.1;33.3;32.5;33.3;33.0;33.5;32.8;32.5;32.9
2026-07-12T16:00:00.000Z,31,17,63,33.3;32.7;32.6;32.9;33.4;33.5;33.2;33.0;33.9;32.7;33.0;32.8;33.9;33.4;33.2
2026-07-12T16:15:00.000Z,30,10,41,33.4;32.5;33.0;33.1;33.8;33.3;33.2;33.7;33.5;33.6;33.8;33.5;33.4;33.0;33.1
2026-07-12T16:30:00.000Z,29,8,73,33.4;33.1;33.5;32.8;33.2;32.5;32.9;33.5;32.9;33.1;33.1;32.9;32.2;32.8;33.0
2026-07-12T16:45:00.000Z,28,24,36,33.0;33.6;33.2;32.9;33.2;32.9;32.9;32.8;33.8;34.3;33.6;32.9;32.9;32.1;33.3
2026-07-12T17:00:00.000Z,27,48,83,33.0;33.3;32.5;33.5;33.0;32.6;33.3;33.3;33.1;33.1;33.3;33.8;33.0;33.1;33.9
2026-07-12T17:15:00.000Z,26,48,70,33.3;32.7;33.4;33.3;33.3;32.9;33.2;32.8;33.1;33.0;33.2;32.8;32.8;32.7;33.1
2026-07-12T17:30:00.000Z,25,1208,846,33.1;32.9;33.5;33.3;32.9;33.3;33.6;34.0;33.1;33.0;33.4;33.0;32.7;33.2;32.7
2026-07-12T17:45:00.000Z,24,1,41,33.0;33.0;33.4;33.0;32.6;33.0;33.5;33.2;33.1;32.7;33.4;33.4;33.1;33.1;33.3
2026-07-12T18:00:00.000Z,23,221,280,33.3;32.9;33.3;32.7;33.9;33.1;33.5;33.0;32.7;33.1;33.4;32.9;33.1;32.8;32.8
2026-07-12T18:15:00.000Z,23,181,194,33.0;32.7;33.2;33.2;33.2;33.0;33.4;33.3;33.3;33.5;32.7;33.5;33.4;33.5;33.2
2026-07-12T18:30:00.000Z,22,29,73,32.6;33.6;32.8;32.9;33.7;33.4;32.9;33.4;33.5;33.5;32.7;33.3;33.4;33.6;32.5
2026-07-12T18:45:00.000Z,21,28,35,32.8;32.9;33.4;32.9;34.5;33.9;33.1;32.4;32.4;33.1;33.1;32.8;33.6;33.1;33.2
2026-07-12T19:00:00.000Z,20,114,249,32.9;32.5;33.2;32.6;33.9;33.5;33.2;32.7;33.1;33.2;32.9;32.9;33.3;33.0;33.2
2026-07-12T19:15:00.000Z,19,235,165,33.1;33.3;32.7;33.4;33.2;33.8;33.4;33.4;33.1;33.7;32.9;32.9;33.2;32.9;33.4
2026-07-12T19:30:00.000Z,18,59,59,33.4;33.4;32.9;33.1;33.0;33.0;33.3;32.9;32.8;32.3;33.2;33.8;33.8;33.1;33.4
2026-07-12T19:45:00.000Z,17,51,14,33.1;32.7;32.8;33.4;33.1;33.5;34.1;33.9;33.5;33.4;33.1;32.9;32.9;32.6;33.5
2026-07-12T20:00:00.000Z,16,81,176,33.2;33.4;33.1;32.7;33.1;32.4;33.5;32.7;32.7;33.0;33.1;33.2;32.6;33.4;33.2
2026-07-12T20:15:00.000Z,15,21,26,33.1;33.1;33.2;33.3;33.3;32.8;33.4;33.0;33.3;33.7;33.3;33.2;33.9;32.9;33.5
2026-07-12T20:30:00.000Z,15,376,130,33.1;33.3;32.8;33.0;32.9;33.8;33.2;33.6;33.2;33.4;33.3;33.0;33.9;32.5;33.4
2026-07-12T20:45:00.000Z,15,10,67,33.7;33.1;33.2;33.6;32.9;33.3;32.8;33.5;33.3;33.0;34.0;32.9;33.3;33.8;33.8
2026-07-12T21:00:00.000Z,15,20,59,33.0;33.4;33.8;33.4;32.7;33.5;33.4;33.4;32.9;33.1;33.6;33.6;33.3;33.3;33.4
2026-07-12T21:15:00.000Z,15,231,102,33.2;33.3;33.4;32.5;33.6;33.5;33.0;33.2;33.1;32.8;33.5;33.6;33.1;34.0;33.4
2026-07-12T21:30:00.000Z,15,25,63,33.0;33.4;33.7;33.4;33.2;33.3;32.9;33.2;32.7;33.5;33.3;33.2;33.0;32.8;32.9
2026-07-12T21:45:00.000Z,15,22,7,33.5;33.6;32.9;32.9;33.2;33.6;33.6;33.2;33.4;33.6;33.5;33.5;33.3;33.5;33.8
2026-07-12T22:00:00.000Z,15,52,68,33.4;33.4;32.7;33.4;33.3;32.7;32.8;33.2;32.6;33.2;32.7;33.9;33.4;33.0;33.3
2026-07-12T22:15:00.000Z,15,11,57,33.5;33.1;33.5;33.8;33.3;33.0;33.4;33.3;33.5;33.4;33.1;33.1;33.4;33.4;33.4
2026-07-12T22:30:00.000Z,15,45,14,33.5;33.5;34.1;33.4;33.6;33.1;33.1;33.2;33.5;33.4;32.9;33.5;33.8;32.9;32.9
2026-07-12T22:45:00.000Z,15,23,79,33.4;33.0;33.6;33.4;33.4;32.8;32.9;33.5;32.4;33.6;32.9;33.3;32.7;33.7;33.3
2026-07-12T23:00:00.000Z,15,11,18,33.7;34.4;34.0;34.5;34.2;34.2;34.3;34.2;34.1;34.0;34.2;34.1;33.9;34.8;34.3
2026-07-12T23:15:00.000Z,15,0,0,34.3;34.1;33.7;34.0;34.9;34.2;34.3;33.7;34.4;34.4;34.1;33.7;34.4;33.9;34.2
2026-07-12T23:30:00.000Z,15,0,0,34.2;33.6;33.8;34.0;33.7;33.7;34.5;34.7;34.3;33.6;34.6;34.2;34.4;34.7;34.0
2026-07-12T23:45:00.000Z,15,0,0,34.1;34.3;34.1;33.9;34.3;33.6;33.9;34.3;33.9;34.4;34.4;34.2;34.5;34.9;34.5
2026-07-13T00:00:00.000Z,15,0,0,34.5;34.1;34.2;33.8;33.8;34.4;34.2;34.1;33.9;33.9;34.1;34.0;33.0;34.1;33.8
2026-07-13T00:15:00.000Z,15,0,0,34.2;34.2;34.0;34.4;33.8;34.0;34.2;33.8;34.2;34.8;33.7;34.8;34.2;34.4;33.7
2026-07-13T00:30:00.000Z,15,0,0,33.7;34.1;34.1;34.1;34.1;34.2;33.8;34.0;34.6;34.6;35.0;35.0;34.9;34.1;33.7
2026-07-13T00:45:00.000Z,15,0,0,34.2;33.9;34.1;33.7;34.6;33.7;34.3;34.0;34.3;34.2;34.4;34.5;34.2;34.5;34.2
2026-07-13T01:00:00.000Z,15,0,0,34.2;33.8;34.7;33.9;34.0;34.1;33.9;34.4;34.9;34.0;34.3;34.2;34.4;34.6;33.9
2026-07-13T01:15:00.000Z,15,0,0,34.6;34.0;33.9;34.5;34.2;33.8;34.2;34.5;33.3;34.1;34.6;33.7;33.9;34.4;35.1
2026-07-13T01:30:00.000Z,15,11,5,34.4;34.2;34.1;34.2;34.0;34.4;34.3;33.9;34.2;34.2;34.0;34.4;34.2;34.4;34.3
2026-07-13T01:45:00.000Z,15,0,0,34.4;34.0;34.1;34.6;34.9;34.1;34.7;33.7;34.5;34.4;34.0;34.2;34.7;33.9;34.0
2026-07-13T02:00:00.000Z,15,6,19,34.2;34.3;33.5;33.9;34.2;33.9;34.4;34.3;34.3;34.6;34.1;34.2;34.5;34.3;34.5
2026-07-13T02:15:00.000Z,15,0,0,33.8;34.4;34.4;34.3;34.7;34.3;34.2;34.5;34.4;34.0;34.2;34.1;34.4;33.7;33.8
2026-07-13T02:30:00.000Z,15,0,0,34.6;34.1;34.8;34.2;34.0;34.3;34.1;33.9;34.5;34.3;34.2;33.8;33.7;34.3;33.9
2026-07-13T02:45:00.000Z,15,9,1,34.0;34.6;34.2;34.2;34.5;34.2;34.1;33.5;34.6;34.8;33.6;33.8;34.0;34.1;33.7
2026-07-13T03:00:00.000Z,15,0,0,34.2;34.2;34.2;33.9;34.3;34.7;34.1;34.8;34.4;34.3;33.9;34.6;33.9;34.0;34.4
2026-07-13T03:15:00.000Z,15,0,0,34.2;34.4;34.1;34.2;34.3;34.2;34.0;34.2;33.9;34.3;34.0;33.8;33.7;33.9;34.2
2026-07-13T03:30:00.000Z,15,5,4,34.1;34.7;34.6;33.9;33.7;34.1;34.0;34.0;34.2;34.2;34.0;34.7;34.1;34.5;33.9
2026-07-13T03:45:00.000Z,15,12,29,34.2;34.7;34.1;34.7;34.4;33.9;34.0;34.0;34.5;34.9;34.6;33.0;34.1;35.2;34.9
2026-07-13T04:00:00.000Z,15,1,37,34.5;34.0;34.5;33.5;33.9;34.0;33.8;34.6;34.4;33.7;33.9;34.7;34.4;34.2;34.5
2026-07-13T04:15:00.000Z,15,10,33,33.8;34.2;33.8;34.0;34.3;34.4;34.4;34.9;34.3;34.6;34.5;34.0;34.6;33.9;34.5
2026-07-13T04:30:00.000Z,15,0,0,33.6;34.3;34.3;34.0;34.8;34.0;34.5;34.3;34.4;33.8;34.8;34.2;34.1;34.2;34.0
2026-07-13T04:45:00.000Z,15,0,0,34.4;34.7;34.2;33.8;33.9;34.4;33.9;34.2;33.8;34.1;33.3;34.6;33.9;34.3;34.5
2026-07-13T05:00:00.000Z,15,0,0,34.1;34.5;33.4;34.4;34.5;34.3;33.8;34.3;34.4;33.9;33.7;34.6;34.0;34.0;34.5
2026-07-13T05:15:00.000Z,15,0,0,35.0;34.0;34.0;34.2;34.8;35.1;34.6;33.6;34.6;34.0;34.7;34.2;34.0;34.3;34.1
2026-07-13T05:30:00.000Z,15,0,0,34.7;34.1;34.4;33.9;34.1;33.9;34.5;34.1;33.5;34.4;34.4;34.1;34.6;34.5;34.2
2026-07-13T05:45:00.000Z,15,0,0,34.0;34.1;34.1;34.1;34.1;33.3;34.1;34.3;34.5;34.4;34.2;34.3;34.0;34.3;35.0
2026-07-13T06:00:00.000Z,15,0,0,34.2;34.1;34.5;33.7;34.2;34.6;33.7;34.6;34.0;34.3;34.4;34.6;34.9;34.6;34.5
2026-07-13T06:15:00.000Z,15,0,0,34.2;33.9;34.3;34.1;34.3;33.8;34.3;33.9;34.8;34.6;34.0;34.3;34.4;34.5;34.5
2026-07-13T06:30:00.000Z,15,0,0,34.0;34.6;34.7;34.0;33.9;34.1;34.2;33.5;34.4;34.4;34.3;34.6;34.3;34.1;34.0
2026-07-13T06:45:00.000Z,15,0,0,34.2;33.9;34.0;34.8;34.5;34.0;34.1;33.9;34.7;34.0;34.1;33.9;34.3;34.3;34.1
2026-07-13T07:00:00.000Z,15,654,582,33.1;32.9;33.0;33.1;32.6;33.5;34.0;33.3;33.6;32.9;33.4;33.2;33.8;33.1;33.4
2026-07-13T07:15:00.000Z,15,47,88,33.4;33.3;33.4;33.5;33.6;32.8;32.2;32.8;33.4;32.9;33.6;33.4;32.9;33.5;32.8
2026-07-13T07:30:00.000Z,15,31,3,33.7;33.3;33.7;33.0;33.6;33.4;33.6;33.5;33.5;33.0;33.6;33.6;33.4;32.9;32.8
2026-07-13T07:45:00.000Z,15,34,17,32.8;33.6;32.9;33.3;33.1;33.3;33.4;33.5;33.3;33.4;32.9;33.5;33.1;33.7;33.5
2026-07-13T08:00:00.000Z,15,19,3,33.3;33.3;33.6;32.9;33.2;33.1;32.8;32.6;33.6;32.9;32.6;33.3;33.0;32.7;33.5
2026-07-13T08:15:00.000Z,15,358,147,32.8;33.4;32.7;33.7;33.2;33.2;33.3;33.4;33.3;33.3;33.9;33.3;33.5;33.4;32.9
2026-07-13T08:30:00.000Z,15,283,129,33.4;32.9;33.2;32.9;32.8;33.0;33.5;33.8;32.8;32.7;34.0;32.6;33.0;32.9;32.9
2026-07-13T08:45:00.000Z,15,33,75,33.5;32.7;33.4;32.3;33.6;33.4;33.3;33.2;32.8;33.5;33.0;33.3;33.2;33.3;32.9
2026-07-13T09:00:00.000Z,15,36,87,32.8;33.5;33.1;32.9;33.6;33.1;33.2;33.2;32.7;32.9;33.0;32.9;33.3;32.9;33.3
2026-07-13T09:15:00.000Z,15,60,69,33.3;33.2;33.0;34.2;32.8;33.0;33.2;32.9;33.0;32.9;33.4;33.4;33.2;33.3;33.2
2026-07-13T09:30:00.000Z,15,34,16,33.2;33.0;33.5;33.9;34.1;33.6;33.2;33.2;32.7;33.3;33.0;33.0;33.3;33.0;33.0
2026-07-13T09:45:00.000Z,15,18,28,33.1;32.4;33.2;33.4;33.3;33.6;33.4;32.6;32.5;33.2;33.1;32.7;32.9;33.0;32.8
2026-07-13T10:00:00.000Z,15,59,3,33.1;33.3;32.5;33.7;33.3;32.7;32.9;33.7;33.1;33.2;33.7;33.1;32.6;33.3;33.1
2026-07-13T10:15:00.000Z,15,0,18,33.3;33.2;33.5;33.3;32.9;32.5;33.1;33.7;33.6;33.6;32.8;33.0;33.7;33.3;33.4
2026-07-13T10:30:00.000Z,15,50,64,33.0;33.9;33.1;33.0;33.0;33.0;33.3;32.6;33.5;33.4;33.6;33.2;33.3;33.3;33.1
2026-07-13T10:45:00.000Z,15,390,295,33.4;32.9;32.9;33.6;33.2;33.0;32.9;33.0;33.2;33.3;33.2;33.1;33.4;33.3;33.4
2026-07-13T11:00:00.000Z,15,49,80,33.1;33.3;33.1;33.2;33.9;33.2;33.5;33.0;32.7;32.4;33.0;33.8;33.2;33.5;32.9
2026-07-13T11:15:00.000Z,15,6,83,33.4;32.6;33.3;32.6;33.4;33.4;33.1;32.5;33.0;32.8;33.4;32.7;32.8;32.5;32.7
2026-07-13T11:30:00.000Z,15,10,87,33.7;32.9;33.7;33.2;33.2;32.8;32.7;32.6;32.9;32.9;33.4;32.7;32.9;33.7;33.6
2026-07-13T11:45:00.000Z,15,14,16,32.7;33.1;32.7;33.3;32.8;32.8;33.1;33.5;33.0;33.4;33.3;33.9;33.3;33.1;32.7
2026-07-13T12:00:00.000Z,15,80,113,32.6;33.4;33.4;32.9;32.4;33.5;32.9;33.2;33.0;33.4;33.5;33.3;33.1;32.8;33.2
2026-07-13T12:15:00.000Z,15,280,134,32.7;33.8;33.6;33.3;33.3;33.5;33.5;33.5;32.6;32.9;32.4;32.9;33.2;32.9;33.2
2026-07-13T12:30:00.000Z,15,223,261,32.9;33.0;33.3;32.7;32.8;33.4;32.9;33.6;32.2;33.1;33.1;33.0;33.6;32.9;33.3
2026-07-13T12:45:00.000Z,15,114,139,32.8;33.4;32.7;33.0;33.1;33.2;33.8;33.4;33.6;32.9;32.7;32.9;32.8;33.5;33.6
2026-07-13T13:00:00.000Z,15,325,161,33.6;33.3;33.0;33.0;32.9;33.1;32.6;33.2;32.9;33.3;33.6;33.0;32.9;33.6;33.0
2026-07-13T13:15:00.000Z,15,48,13,32.9;33.2;33.0;33.3;33.2;32.7;33.5;33.2;33.1;33.0;32.9;33.2;32.9;33.1;33.2
2026-07-13T13:30:00.000Z,15,54,57,33.2;33.5;33.6;33.4;32.6;33.4;33.1;32.7;33.4;33.1;33.0;33.0;32.8;33.3;33.6
2026-07-13T13:45:00.000Z,15,45,24,33.0;32.9;33.3;32.6;33.8;33.1;33.6;33.2;33.1;33.2;33.5;33.0;33.2;32.9;33.0
2026-07-13T14:00:00.000Z,15,336,81,32.9;33.6;32.7;33.5;33.4;32.2;32.9;33.3;32.9;33.7;32.6;33.0;33.2;32.4;32.3
2026-07-13T14:15:00.000Z,15,13,25,33.5;33.4;32.6;32.6;33.4;33.2;32.9;33.1;32.6;33.0;33.2;32.9;32.9;33.3;32.8
2026-07-13T14:30:00.000Z,15,346,223,32.7;33.1;33.5;33.4;33.1;33.3;33.0;33.3;33.0;33.3;33.8;33.4;33.0;33.1;33.0
2026-07-13T14:45:00.000Z,15,53,38,33.6;32.8;33.4;33.6;32.9;32.8;33.5;32.3;33.3;33.3;33.2;32.3;33.4;32.9;33.6
2026-07-13T15:00:00.000Z,15,0,12,33.1;33.2;33.4;33.8;33.0;33.1;33.8;33.5;32.8;33.2;33.1;33.1;33.7;33.7;33.5
2026-07-13T15:15:00.000Z,15,236,137,33.5;33.2;33.1;32.9;33.3;33.2;33.5;32.9;33.1;32.8;33.1;33.2;33.0;33.1;33.3
2026-07-13T15:30:00.000Z,15,40,60,33.2;32.9;33.1;33.8;33.3;32.9;33.0;33.8;33.3;32.7;33.7;32.5;33.3;33.2;33.2
2026-07-13T15:45:00.000Z,15,40,45,33.6;33.5;33.0;32.7;32.7;33.7;33.3;33.3;33.0;32.9;33.3;32.9;33.2;32.9;33.2
2026-07-13T16:00:00.000Z,15,122,183,33.7;33.0;33.5;32.9;33.3;33.2;33.2;32.8;33.2;33.4;33.7;32.8;33.0;33.5;32.9
2026-07-13T16:15:00.000Z,15,765,731,33.7;33.2;33.1;33.2;32.7;33.2;33.4;32.9;33.5;33.3;33.8;33.4;33.4;32.2;33.5
2026-07-13T16:30:00.000Z,15,5,87,32.8;33.3;32.9;33.2;32.9;33.5;33.0;33.4;33.8;33.0;32.8;33.1;33.8;33.0;33.4
2026-07-13T16:45:00.000Z,15,52,88,33.9;32.5;32.9;33.2;33.0;33.5;33.4;33.3;33.8;33.1;34.1;33.1;32.8;33.5;33.3
2026-07-13T17:00:00.000Z,15,812,385,33.3;33.0;33.1;33.5;33.7;33.3;33.0;33.6;33.4;33.3;33.3;33.7;33.2;33.5;32.8
2026-07-13T17:15:00.000Z,15,98,278,33.2;32.7;33.5;32.6;33.2;33.0;33.3;34.1;32.6;32.8;33.3;33.3;33.1;32.9;33.6
2026-07-13T17:30:00.000Z,15,19,9,33.9;33.5;33.2;33.6;33.2;33.4;33.1;33.4;32.8;32.9;33.4;33.3;33.1;33.5;33.8
2026-07-13T17:45:00.000Z,15,4,48,33.1;33.6;32.9;33.5;33.3;33.7;33.3;32.6;33.5;32.7;33.2;32.9;33.1;32.9;33.5
2026-07-13T18:00:00.000Z,15,327,104,32.7;33.2;32.9;32.9;33.6;32.9;33.2;33.0;33.4;33.5;33.5;33.3;33.3;34.0;33.2
2026-07-13T18:15:00.000Z,15,36,44,33.2;33.8;32.8;32.6;33.0;33.0;32.6;33.2;33.3;33.2;33.4;33.0;33.1;33.8;33.6
2026-07-13T18:30:00.000Z,15,28,28,32.9;33.0;33.9;33.2;33.0;33.5;33.3;33.2;33.5;33.4;33.3;33.6;33.0;33.1;33.6
2026-07-13T18:45:00.000Z,15,23,74,33.9;32.6;33.6;32.9;32.9;33.1;33.1;33.3;32.9;33.3;32.9;32.8;33.2;33.4;32.4
2026-07-13T19:00:00.000Z,15,53,53,33.2;33.7;33.5;33.2;33.1;33.0;33.2;33.1;33.0;32.8;33.3;32.7;33.1;33.2;33.4
2026-07-13T19:15:00.000Z,15,373,166,32.8;33.1;33.3;33.5;33.8;32.9;33.1;33.7;33.4;33.0;33.2;33.5;33.9;33.0;33.1
2026-07-13T19:30:00.000Z,15,3,26,33.3;32.9;33.2;33.1;33.5;33.1;32.7;33.3;33.4;33.1;33.2;33.3;33.3;33.8;33.5
2026-07-13T19:45:00.000Z,15,37,48,33.1;32.9;33.7;33.6;33.2;33.3;33.0;33.5;33.1;33.3;32.4;33.0;33.4;32.3;32.7
2026-07-13T20:00:00.000Z,45,0,0,23.2;23.6;23.3;24.3;24.2;24.4;23.6;23.6;24.5;24.0;24.3;23.5;23.9;23.6;23.5
2026-07-13T20:15:00.000Z,75,0,0,24.5;23.9;24.6;24.0;24.7;23.4;23.4;23.4;23.9;23.9;23.7;24.3;24.0;24.3;24.0
2026-07-13T20:30:00.000Z,100,0,0,23.9;23.1;23.9;23.3;24.4;23.5;24.7;23.8;24.2;24.4;23.9;24.0;23.6;24.1;24.1
2026-07-13T20:45:00.000Z,100,0,0,24.0;23.2;24.2;24.0;24.5;23.9;23.7;24.5;23.8;24.1;23.8;24.4;23.8;24.3;24.0
2026-07-13T21:00:00.000Z,99,171,202,33.3;32.7;32.6;33.1;32.9;32.9;32.9;33.5;33.0;33.1;33.0;33.2;33.3;33.0;33.5
2026-07-13T21:15:00.000Z,98,34,18,33.8;32.9;33.0;33.4;33.9;33.4;32.9;33.0;32.8;33.1;33.7;33.6;33.2;33.7;33.2
2026-07-13T21:30:00.000Z,97,153,242,33.8;34.2;32.9;32.7;33.3;33.3;33.3;33.6;32.7;33.7;33.4;33.2;33.7;33.0;33.0
2026-07-13T21:45:00.000Z,96,36,56,32.8;33.3;33.0;32.8;33.4;32.9;33.9;32.5;33.2;33.3;33.3;33.0;33.4;33.3;33.0
2026-07-13T22:00:00.000Z,95,24,35,33.3;33.2;33.4;32.9;33.7;32.1;32.9;32.9;32.8;33.2;33.6;33.8;33.1;33.5;33.4
2026-07-13T22:15:00.000Z,95,52,49,32.5;32.8;33.2;32.9;32.7;32.8;32.9;33.8;33.0;32.7;32.9;33.5;32.8;33.1;33.1
2026-07-13T22:30:00.000Z,94,52,25,33.2;33.5;32.9;32.7;33.0;33.0;32.6;33.1;33.2;33.0;33.3;33.9;33.0;32.9;33.1
2026-07-13T22:45:00.000Z,93,325,102,33.5;33.1;33.2;33.1;33.6;33.4;33.4;33.0;33.3;33.3;33.1;33.3;33.6;33.1;33.9
2026-07-13T23:00:00.000Z,92,7,8,34.0;35.0;34.2;34.1;33.7;34.1;33.7;33.7;34.2;34.5;34.1;33.8;34.1;34.7;34.6
2026-07-13T23:15:00.000Z,91,0,0,34.3;34.3;33.9;33.5;34.2;34.3;34.3;33.7;34.6;33.9;34.4;35.3;33.8;34.5;34.1
2026-07-13T23:30:00.000Z,90,11,22,34.4;34.7;33.5;33.9;34.1;34.6;34.1;34.3;33.4;34.2;34.0;34.1;34.4;34.5;34.3
2026-07-13T23:45:00.000Z,89,0,0,34.2;33.6;34.1;33.9;34.6;33.9;34.3;33.4;34.5;33.9;33.7;34.1;34.2;35.0;34.3
2026-07-14T00:00:00.000Z,88,0,0,34.3;34.6;34.5;33.4;34.2;34.3;34.2;33.9;34.3;33.9;34.1;34.6;34.5;34.0;33.9
2026-07-14T00:15:00.000Z,87,0,0,34.4;33.7;33.9;34.3;34.2;34.1;34.5;34.2;33.9;34.3;33.9;34.6;33.7;34.1;33.6
2026-07-14T00:30:00.000Z,86,0,0,33.7;34.7;34.2;34.1;34.3;33.9;34.0;33.8;34.7;33.9;34.8;34.9;34.4;34.2;33.6
2026-07-14T00:45:00.000Z,86,0,0,34.5;33.7;34.3;34.3;34.9;34.4;34.1;34.3;34.6;34.2;34.4;34.5;34.5;34.0;34.3
2026-07-14T01:00:00.000Z,85,0,0,34.2;34.3;33.9;33.9;34.2;34.6;34.2;34.2;34.4;34.1;34.1;34.1;34.6;33.8;34.2
2026-07-14T01:15:00.000Z,84,0,0,34.2;34.2;34.1;33.6;34.4;34.1;33.6;34.7;34.0;34.4;34.2;34.0;34.1;33.9;34.5
2026-07-14T01:30:00.000Z,83,12,2,34.0;34.7;34.1;33.5;34.3;34.7;34.3;33.6;34.1;34.6;33.5;34.6;34.2;34.1;34.6
2026-07-14T01:45:00.000Z,82,0,0,34.2;34.2;34.2;34.3;34.0;34.7;34.3;34.0;33.2;34.1;34.2;34.0;33.8;34.9;34.1
2026-07-14T02:00:00.000Z,81,0,0,34.0;34.2;34.5;34.5;34.4;34.5;33.9;34.3;34.1;34.6;34.0;34.0;34.4;34.0;34.0
2026-07-14T02:15:00.000Z,80,0,0,34.8;34.1;34.0;34.2;33.5;34.7;34.8;34.3;34.2;34.3;34.2;34.9;33.6;34.5;34.1
2026-07-14T02:30:00.000Z,79,0,0,34.7;34.2;34.6;34.0;33.9;34.7;34.0;34.1;33.8;34.4;34.3;34.1;33.7;34.7;34.0
2026-07-14T02:45:00.000Z,78,0,0,34.6;34.3;34.5;33.9;35.0;33.3;33.9;34.0;34.3;34.5;34.3;33.9;33.9;34.1;34.4
2026-07-14T03:00:00.000Z,77,0,0,34.7;34.4;34.2;34.3;34.0;34.0;34.6;33.7;34.1;33.6;34.1;34.4;34.5;33.4;34.1
2026-07-14T03:15:00.000Z,77,11,22,33.8;34.2;34.4;34.3;34.2;34.5;34.5;34.2;34.3;34.6;34.5;33.8;34.0;34.4;35.0
2026-07-14T03:30:00.000Z,76,0,0,34.3;34.7;34.9;34.2;34.1;34.4;34.0;34.1;35.0;33.7;34.1;34.8;34.6;33.8;34.8
2026-07-14T03:45:00.000Z,75,0,0,34.0;33.7;34.8;34.3;34.3;34.9;33.8;33.9;34.1;34.1;34.4;33.8;34.3;33.9;34.4
2026-07-14T04:00:00.000Z,74,0,0,34.0;34.2;34.4;34.4;33.9;33.6;34.2;34.0;34.1;34.0;33.4;34.4;34.1;34.4;34.0
2026-07-14T04:15:00.000Z,73,0,0,33.1;33.8;33.9;33.9;33.8;34.7;34.7;34.3;34.9;34.5;34.6;34.8;34.7;34.0;34.2
2026-07-14T04:30:00.000Z,72,0,0,33.8;34.9;33.9;33.8;34.0;33.8;34.5;33.8;34.3;33.7;34.1;34.3;34.3;34.0;33.7
2026-07-14T04:45:00.000Z,71,0,0,33.7;34.2;33.9;34.0;34.3;33.6;34.9;34.4;34.4;33.7;34.4;34.6;34.4;34.7;34.1
2026-07-14T05:00:00.000Z,70,0,0,34.2;34.2;34.5;34.2;33.9;34.3;33.9;34.3;33.9;34.2;34.8;34.3;34.0;34.0;34.0
2026-07-14T05:15:00.000Z,69,0,0,33.5;34.7;33.8;34.1;34.6;33.9;34.2;34.5;34.3;34.4;34.5;34.3;33.8;34.5;34.2
2026-07-14T05:30:00.000Z,68,0,0,34.1;34.2;34.1;34.4;34.2;34.3;34.6;33.9;33.8;33.8;34.2;34.4;34.4;34.1;34.3
2026-07-14T05:45:00.000Z,68,12,4,34.6;34.1;34.7;34.4;34.0;34.8;34.2;34.2;34.0;33.8;33.9;34.5;34.7;33.8;34.7
2026-07-14T06:00:00.000Z,67,0,0,34.7;33.9;34.2;34.2;33.8;34.3;34.1;34.5;33.9;34.1;34.3;34.5;33.5;34.1;34.4
2026-07-14T06:15:00.000Z,66,0,0,34.3;34.1;34.1;33.7;34.4;34.8;33.9;34.3;34.1;34.5;34.7;34.2;34.3;34.7;34.7
2026-07-14T06:30:00.000Z,65,4,4,34.3;34.0;34.8;33.8;33.3;34.0;33.4;34.0;34.5;33.5;34.3;34.0;33.8;34.1;34.1
2026-07-14T06:45:00.000Z,64,0,0,34.1;34.0;34.8;34.1;34.3;34.2;34.0;34.0;34.0;34.5;34.5;34.4;33.6;33.9;33.9
2026-07-14T07:00:00.000Z,63,5,43,33.6;33.1;33.3;33.0;33.3;33.4;32.8;33.6;33.5;33.4;33.0;33.2;33.4;33.0;33.6
2026-07-14T07:15:00.000Z,62,138,129,32.8;33.2;33.6;33.8;33.0;32.7;32.5;33.0;33.5;34.1;33.2;33.2;33.5;33.0;32.7
2026-07-14T07:30:00.000Z,61,30,66,32.5;32.9;33.7;34.1;32.7;33.0;33.9;33.3;33.3;32.9;33.6;33.3;33.0;33.3;33.4
2026-07-14T07:45:00.000Z,60,31,7,33.2;33.0;33.7;33.2;33.2;32.5;33.3;32.9;33.0;33.7;33.1;32.7;33.7;32.5;33.2
2026-07-14T08:00:00.000Z,59,59,43,32.5;32.7;32.8;33.5;32.8;33.3;33.5;33.2;32.9;32.4;33.2;33.1;33.7;33.1;33.5
2026-07-14T08:15:00.000Z,59,863,738,32.8;33.4;33.4;32.9;33.1;33.1;32.9;32.8;34.2;33.5;33.4;33.6;32.5;33.2;33.3
2026-07-14T08:30:00.000Z,58,42,36,33.6;32.9;33.4;33.6;33.6;32.5;33.6;32.7;33.6;32.5;33.8;33.0;33.1;33.3;33.0
2026-07-14T08:45:00.000Z,57,43,11,33.0;33.6;33.3;33.2;33.1;32.9;33.3;33.6;32.6;32.9;32.7;33.0;33.2;32.9;32.5
2026-07-14T09:00:00.000Z,56,0,78,34.1;33.4;33.2;33.8;33.2;33.6;33.2;33.6;33.7;32.9;33.3;33.5;32.7;33.5;32.7
2026-07-14T09:15:00.000Z,55,8,45,32.8;33.1;33.5;33.4;33.4;33.0;33.1;33.6;32.7;32.8;33.6;33.6;33.0;33.2;32.4
2026-07-14T09:30:00.000Z,54,3,40,33.3;33.3;32.8;32.8;33.4;32.6;33.3;33.0;33.0;32.8;33.4;33.2;32.8;33.0;34.1
2026-07-14T09:45:00.000Z,53,51,20,33.4;33.1;33.4;33.9;33.4;33.3;33.1;32.9;32.9;33.1;33.6;33.5;33.4;33.3;32.5
2026-07-14T10:00:00.000Z,52,34,69,32.8;33.2;33.5;33.0;33.7;33.3;33.5;34.9;33.7;33.3;32.6;32.7;32.9;33.8;33.0
2026-07-14T10:15:00.000Z,51,13,57,33.1;32.8;33.6;33.2;32.9;33.0;32.8;33.2;33.0;33.2;32.7;33.5;33.4;33.5;33.1
2026-07-14T10:30:00.000Z,50,52,54,33.2;33.0;32.5;32.9;32.5;33.1;33.7;33.5;33.1;33.6;32.4;33.2;32.7;32.6;33.2
2026-07-14T10:45:00.000Z,50,647,367,33.1;33.5;33.2;32.8;33.1;32.9;33.3;33.6;33.6;33.1;33.4;33.3;32.9;33.3;32.7
2026-07-14T11:00:00.000Z,49,242,177,33.2;33.5;32.8;32.6;33.7;32.9;32.5;33.2;33.0;33.3;32.9;33.7;32.7;33.6;33.3
2026-07-14T11:15:00.000Z,48,24,35,33.7;32.6;32.9;33.3;33.1;33.0;32.7;32.8;33.1;32.8;33.6;32.9;33.1;33.6;33.1
2026-07-14T11:30:00.000Z,47,143,218,33.1;33.1;33.3;32.9;33.5;33.6;33.1;32.8;32.8;33.9;33.2;33.5;32.6;33.3;33.5
2026-07-14T11:45:00.000Z,46,319,271,33.2;33.4;33.4;33.4;33.3;33.6;32.7;33.5;32.9;33.0;32.7;33.2;33.7;33.0;33.2
2026-07-14T12:00:00.000Z,45,1337,678,33.6;32.6;33.5;33.2;32.9;33.1;33.3;33.1;33.1;33.1;33.3;32.9;33.2;34.5;32.4
2026-07-14T12:15:00.000Z,44,12,79,33.5;33.4;33.5;33.5;33.3;32.8;33.0;32.3;33.0;33.2;33.0;33.4;32.6;33.0;32.7
2026-07-14T12:30:00.000Z,43,267,116,33.8;33.0;33.6;32.7;32.8;33.1;33.3;33.0;33.2;32.9;33.1;33.1;33.2;33.2;33.2
2026-07-14T12:45:00.000Z,42,46,37,33.7;32.9;32.9;33.3;33.7;33.1;34.0;33.1;32.9;33.4;33.4;33.5;33.3;33.0;33.4
2026-07-14T13:00:00.000Z,41,2,11,33.4;32.7;33.7;33.6;33.3;33.6;32.6;33.3;33.5;32.8;33.5;34.0;33.2;32.6;33.3
2026-07-14T13:15:00.000Z,41,391,130,33.6;33.2;33.7;32.9;33.3;33.2;33.2;32.9;33.4;32.9;33.4;32.7;33.6;33.0;33.1
2026-07-14T13:30:00.000Z,40,42,56,33.3;32.9;32.8;32.4;33.5;33.3;33.0;33.6;32.7;33.3;32.9;33.7;33.2;32.8;33.3
2026-07-14T13:45:00.000Z,39,60,26,33.8;32.9;33.0;34.2;32.9;33.0;33.0;33.3;33.9;33.4;33.2;33.0;32.9;32.9;33.6
2026-07-14T14:00:00.000Z,38,0,26,33.9;33.6;33.6;33.1;33.0;33.0;33.0;32.6;33.0;33.7;33.3;33.0;32.9;32.8;33.1
2026-07-14T14:15:00.000Z,37,126,60,32.6;32.9;32.7;33.7;33.1;33.3;33.4;33.0;33.6;33.2;32.9;33.1;33.4;33.1;33.7
2026-07-14T14:30:00.000Z,36,23,63,33.0;32.4;32.2;33.8;33.5;33.3;33.5;33.7;33.0;33.4;33.2;32.8;33.8;32.9;33.7
2026-07-14T14:45:00.000Z,35,50,25,32.8;33.2;32.6;32.6;32.8;33.5;33.3;33.0;33.4;32.9;32.9;32.9;32.6;33.3;32.9
2026-07-14T15:00:00.000Z,34,21,58,32.8;33.2;33.3;33.2;33.5;32.8;33.6;33.5;33.2;33.2;33.6;33.2;33.0;33.2;33.2
2026-07-14T15:15:00.000Z,33,51,61,33.2;33.2;32.7;32.8;33.2;33.0;32.9;33.5;33.3;33.4;33.4;32.8;33.3;32.8;32.6
2026-07-14T15:30:00.000Z,32,174,238,33.7;34.1;33.0;33.3;33.5;33.1;33.8;33.1;32.8;32.9;33.0;33.9;33.3;33.0;34.0
2026-07-14T15:45:00.000Z,32,37,4,33.4;33.2;32.9;33.3;33.3;32.6;33.2;33.5;32.8;33.6;33.1;32.6;33.4;33.0;32.5
2026-07-14T16:00:00.000Z,31,50,46,33.3;33.2;33.9;33.7;33.1;32.7;33.5;32.9;33.8;32.3;33.2;32.5;33.1;33.3;33.4
2026-07-14T16:15:00.000Z,30,36,26,32.6;32.3;33.1;33.5;33.2;33.0;33.3;32.6;33.0;33.2;33.1;32.7;32.8;33.1;32.9
2026-07-14T16:30:00.000Z,29,20,24,33.3;33.9;33.7;32.9;32.9;33.7;32.7;34.0;33.7;32.9;33.3;33.6;33.1;32.9;33.1
2026-07-14T16:45:00.000Z,28,41,13,32.7;33.5;33.4;33.1;33.5;32.8;33.5;32.8;33.0;33.4;33.7;33.0;33.0;33.3;33.1
2026-07-14T17:00:00.000Z,27,100,145,34.2;32.8;32.8;33.3;33.5;32.8;32.6;33.1;32.8;33.9;33.2;33.4;33.3;33.2;33.2
2026-07-14T17:15:00.000Z,26,43,71,32.8;32.7;33.9;33.1;32.6;33.3;32.9;33.0;33.1;32.8;33.2;32.9;33.0;33.1;33.1
2026-07-14T17:30:00.000Z,25,55,9,33.2;33.5;33.5;32.9;33.0;33.6;33.5;33.2;33.5;33.3;33.2;33.2;33.3;33.2;33.1
2026-07-14T17:45:00.000Z,24,1229,476,33.2;32.5;32.9;33.2;33.5;32.7;33.3;33.5;33.0;32.8;33.1;32.9;33.1;33.2;33.6
2026-07-14T18:00:00.000Z,23,36,83,33.2;32.5;33.5;33.3;33.2;33.4;33.5;32.7;33.5;32.8;33.3;33.4;32.9;33.5;33.0
2026-07-14T18:15:00.000Z,23,25,21,33.2;33.6;32.9;32.7;33.0;33.4;33.6;33.0;33.6;33.1;32.9;32.8;33.1;33.0;33.5
2026-07-14T18:30:00.000Z,22,8,73,33.2;33.1;32.7;33.1;32.8;33.3;33.2;33.4;33.7;32.8;33.1;33.0;33.2;33.4;33.6
2026-07-14T18:45:00.000Z,21,19,31,33.5;32.8;33.1;33.2;33.2;33.3;33.1;33.3;33.9;33.4;32.9;32.9;33.7;33.1;33.2
2026-07-14T19:00:00.000Z,20,153,144,33.7;32.9;33.1;33.5;33.1;32.6;34.2;33.1;33.8;34.0;32.9;33.1;33.7;33.3;32.8
2026-07-14T19:15:00.000Z,19,37,20,32.7;32.7;33.7;33.2;33.6;33.3;33.8;33.9;33.9;33.1;32.5;32.9;33.4;33.2;33.2
2026-07-14T19:30:00.000Z,18,31,57,33.0;33.2;33.2;34.0;33.5;33.2;33.3;32.8;33.6;33.6;33.1;33.4;32.8;33.0;33.0
2026-07-14T19:45:00.000Z,17,196,142,33.1;32.9;33.3;33.5;32.6;33.2;33.5;33.3;33.6;33.0;32.9;33.2;33.5;33.2;33.1
2026-07-14T20:00:00.000Z,16,54,40,33.4;32.6;33.4;33.4;33.3;32.9;33.0;33.6;33.2;33.6;33.1;32.6;33.1;32.9;33.2
2026-07-14T20:15:00.000Z,15,190,207,32.7;33.8;33.4;33.2;32.6;33.2;33.7;33.0;33.7;33.2;32.8;33.0;33.1;33.1;33.0
2026-07-14T20:30:00.000Z,15,9,38,32.9;33.0;33.8;33.3;33.5;33.6;33.0;32.7;33.5;33.5;33.1;33.3;33.1;32.6;34.0
2026-07-14T20:45:00.000Z,15,33,30,33.6;33.2;32.9;33.7;33.1;34.1;33.2;33.5;32.9;33.3;32.9;33.1;33.4;33.1;33.2
2026-07-14T21:00:00.000Z,15,311,137,33.1;33.2;33.3;33.3;32.6;33.1;33.8;33.4;33.0;33.5;33.7;33.3;33.4;33.4;32.9
2026-07-14T21:15:00.000Z,15,161,64,33.3;33.5;34.2;33.5;33.4;32.9;33.3;33.5;32.7;33.4;33.6;33.1;33.5;33.3;33.6
2026-07-14T21:30:00.000Z,15,279,183,33.5;33.1;33.3;33.0;32.8;33.1;33.4;32.8;33.3;32.9;33.3;33.4;33.0;32.9;33.2
2026-07-14T21:45:00.000Z,15,273,270,33.2;33.6;33.1;33.1;33.4;33.6;32.8;33.4;33.4;33.7;33.3;33.6;33.5;33.1;33.2
2026-07-14T22:00:00.000Z,15,87,80,33.1;32.7;32.8;33.6;33.5;32.5;33.3;33.5;33.0;33.0;33.3;33.5;32.9;32.7;33.7
2026-07-14T22:15:00.000Z,15,10,33,33.1;33.5;33.7;33.4;33.2;33.7;33.4;33.1;32.9;33.7;32.9;33.5;33.3;32.3;33.5
2026-07-14T22:30:00.000Z,15,190,234,33.6;33.3;33.8;33.4;33.1;32.7;32.7;33.1;32.9;32.9;32.8;33.8;33.8;33.0;32.8
2026-07-14T22:45:00.000Z,15,9,77,32.9;32.9;33.6;33.0;33.8;33.4;33.0;33.7;33.6;32.9;33.5;32.9;33.6;33.2;32.8
2026-07-14T23:00:00.000Z,15,0,0,33.8;34.4;33.6;34.6;33.9;34.8;33.7;34.4;33.9;34.7;34.2;33.9;34.3;33.9;34.4
2026-07-14T23:15:00.000Z,15,0,0,34.6;34.2;34.4;34.2;34.4;34.4;34.8;34.3;34.4;33.6;33.8;34.7;33.7;34.4;34.2
2026-07-14T23:30:00.000Z,15,0,0,33.6;33.7;33.8;33.8;34.8;34.1;34.7;34.5;34.7;34.2;34.4;34.2;34.3;34.3;34.3
2026-07-14T23:45:00.000Z,15,6,18,34.5;33.9;34.0;34.0;33.9;34.0;34.1;34.0;33.9;34.8;34.3;34.5;34.2;34.4;34.0
